ISO-10303-21;
HEADER;
FILE_DESCRIPTION(('FreeCAD Model'),'2;1');
FILE_NAME('C:/Program Files/DipTrace/models3d/KF128-3.5-2P.step',
  '2021-04-29T19:04:13',('Author'),(''),
  'Open CASCADE STEP processor 7.3','FreeCAD','Unknown');
FILE_SCHEMA(('AUTOMOTIVE_DESIGN { 1 0 10303 214 1 1 1 1 }'));
ENDSEC;
DATA;
#1 = APPLICATION_PROTOCOL_DEFINITION('international standard',
  'automotive_design',2000,#2);
#2 = APPLICATION_CONTEXT(
  'core data for automotive mechanical design processes');
#3 = SHAPE_DEFINITION_REPRESENTATION(#4,#10);
#4 = PRODUCT_DEFINITION_SHAPE('','',#5);
#5 = PRODUCT_DEFINITION('design','',#6,#9);
#6 = PRODUCT_DEFINITION_FORMATION('','',#7);
#7 = PRODUCT('InnerHousing002','InnerHousing002','',(#8));
#8 = PRODUCT_CONTEXT('',#2,'mechanical');
#9 = PRODUCT_DEFINITION_CONTEXT('part definition',#2,'design');
#10 = ADVANCED_BREP_SHAPE_REPRESENTATION('',(#11,#15),#657);
#11 = AXIS2_PLACEMENT_3D('',#12,#13,#14);
#12 = CARTESIAN_POINT('',(0.,0.,0.));
#13 = DIRECTION('',(0.,0.,1.));
#14 = DIRECTION('',(1.,0.,-0.));
#15 = MANIFOLD_SOLID_BREP('',#16);
#16 = CLOSED_SHELL('',(#17,#137,#325,#488,#515,#542,#569,#596,#623,#650)
  );
#17 = ADVANCED_FACE('',(#18),#32,.T.);
#18 = FACE_BOUND('',#19,.T.);
#19 = EDGE_LOOP('',(#20,#55,#83,#111));
#20 = ORIENTED_EDGE('',*,*,#21,.T.);
#21 = EDGE_CURVE('',#22,#24,#26,.T.);
#22 = VERTEX_POINT('',#23);
#23 = CARTESIAN_POINT('',(1.5,-4.238249,3.502953));
#24 = VERTEX_POINT('',#25);
#25 = CARTESIAN_POINT('',(-2.,-4.238249,3.502953));
#26 = SURFACE_CURVE('',#27,(#31,#43),.PCURVE_S1.);
#27 = LINE('',#28,#29);
#28 = CARTESIAN_POINT('',(1.5,-4.238249,3.502953));
#29 = VECTOR('',#30,1.);
#30 = DIRECTION('',(-1.,9.4E-16,6.E-17));
#31 = PCURVE('',#32,#37);
#32 = PLANE('',#33);
#33 = AXIS2_PLACEMENT_3D('',#34,#35,#36);
#34 = CARTESIAN_POINT('',(1.5,-4.238249,3.502953));
#35 = DIRECTION('',(0.,5.6E-16,1.));
#36 = DIRECTION('',(-1.17E-15,-1.,5.6E-16));
#37 = DEFINITIONAL_REPRESENTATION('',(#38),#42);
#38 = LINE('',#39,#40);
#39 = CARTESIAN_POINT('',(-2.597921877623E-31,2.22044604925E-16));
#40 = VECTOR('',#41,1.);
#41 = DIRECTION('',(2.3E-16,-1.));
#42 = ( GEOMETRIC_REPRESENTATION_CONTEXT(2) 
PARAMETRIC_REPRESENTATION_CONTEXT() REPRESENTATION_CONTEXT('2D SPACE',''
  ) );
#43 = PCURVE('',#44,#49);
#44 = PLANE('',#45);
#45 = AXIS2_PLACEMENT_3D('',#46,#47,#48);
#46 = CARTESIAN_POINT('',(1.5,-4.238249,0.743402));
#47 = DIRECTION('',(8.9E-16,1.,-5.6E-16));
#48 = DIRECTION('',(0.,5.6E-16,1.));
#49 = DEFINITIONAL_REPRESENTATION('',(#50),#54);
#50 = LINE('',#51,#52);
#51 = CARTESIAN_POINT('',(2.759551,2.22044604925E-16));
#52 = VECTOR('',#53,1.);
#53 = DIRECTION('',(6.E-17,-1.));
#54 = ( GEOMETRIC_REPRESENTATION_CONTEXT(2) 
PARAMETRIC_REPRESENTATION_CONTEXT() REPRESENTATION_CONTEXT('2D SPACE',''
  ) );
#55 = ORIENTED_EDGE('',*,*,#56,.T.);
#56 = EDGE_CURVE('',#24,#57,#59,.T.);
#57 = VERTEX_POINT('',#58);
#58 = CARTESIAN_POINT('',(-2.,-6.275603,3.502953));
#59 = SURFACE_CURVE('',#60,(#64,#71),.PCURVE_S1.);
#60 = LINE('',#61,#62);
#61 = CARTESIAN_POINT('',(-2.,-4.238249,3.502953));
#62 = VECTOR('',#63,1.);
#63 = DIRECTION('',(-1.E-15,-1.,6.1E-16));
#64 = PCURVE('',#32,#65);
#65 = DEFINITIONAL_REPRESENTATION('',(#66),#70);
#66 = LINE('',#67,#68);
#67 = CARTESIAN_POINT('',(9.863755310496E-16,-3.5));
#68 = VECTOR('',#69,1.);
#69 = DIRECTION('',(1.,1.7E-16));
#70 = ( GEOMETRIC_REPRESENTATION_CONTEXT(2) 
PARAMETRIC_REPRESENTATION_CONTEXT() REPRESENTATION_CONTEXT('2D SPACE',''
  ) );
#71 = PCURVE('',#72,#77);
#72 = PLANE('',#73);
#73 = AXIS2_PLACEMENT_3D('',#74,#75,#76);
#74 = CARTESIAN_POINT('',(-2.,-5.256926,2.1231775));
#75 = DIRECTION('',(1.,-1.37E-15,1.3E-16));
#76 = DIRECTION('',(1.37E-15,1.,3.9E-16));
#77 = DEFINITIONAL_REPRESENTATION('',(#78),#82);
#78 = LINE('',#79,#80);
#79 = CARTESIAN_POINT('',(1.018677,1.3797755));
#80 = VECTOR('',#81,1.);
#81 = DIRECTION('',(-1.,1.E-15));
#82 = ( GEOMETRIC_REPRESENTATION_CONTEXT(2) 
PARAMETRIC_REPRESENTATION_CONTEXT() REPRESENTATION_CONTEXT('2D SPACE',''
  ) );
#83 = ORIENTED_EDGE('',*,*,#84,.F.);
#84 = EDGE_CURVE('',#85,#57,#87,.T.);
#85 = VERTEX_POINT('',#86);
#86 = CARTESIAN_POINT('',(1.5,-6.275603,3.502953));
#87 = SURFACE_CURVE('',#88,(#92,#99),.PCURVE_S1.);
#88 = LINE('',#89,#90);
#89 = CARTESIAN_POINT('',(1.5,-6.275603,3.502953));
#90 = VECTOR('',#91,1.);
#91 = DIRECTION('',(-1.,9.4E-16,6.E-17));
#92 = PCURVE('',#32,#93);
#93 = DEFINITIONAL_REPRESENTATION('',(#94),#98);
#94 = LINE('',#95,#96);
#95 = CARTESIAN_POINT('',(2.037354,1.632581307497E-16));
#96 = VECTOR('',#97,1.);
#97 = DIRECTION('',(2.3E-16,-1.));
#98 = ( GEOMETRIC_REPRESENTATION_CONTEXT(2) 
PARAMETRIC_REPRESENTATION_CONTEXT() REPRESENTATION_CONTEXT('2D SPACE',''
  ) );
#99 = PCURVE('',#100,#105);
#100 = PLANE('',#101);
#101 = AXIS2_PLACEMENT_3D('',#102,#103,#104);
#102 = CARTESIAN_POINT('',(1.5,-6.275603,3.502953));
#103 = DIRECTION('',(-8.9E-16,-1.,5.6E-16));
#104 = DIRECTION('',(0.,-5.6E-16,-1.));
#105 = DEFINITIONAL_REPRESENTATION('',(#106),#110);
#106 = LINE('',#107,#108);
#107 = CARTESIAN_POINT('',(-4.440892098501E-16,2.22044604925E-16));
#108 = VECTOR('',#109,1.);
#109 = DIRECTION('',(-6.E-17,-1.));
#110 = ( GEOMETRIC_REPRESENTATION_CONTEXT(2) 
PARAMETRIC_REPRESENTATION_CONTEXT() REPRESENTATION_CONTEXT('2D SPACE',''
  ) );
#111 = ORIENTED_EDGE('',*,*,#112,.F.);
#112 = EDGE_CURVE('',#22,#85,#113,.T.);
#113 = SURFACE_CURVE('',#114,(#118,#125),.PCURVE_S1.);
#114 = LINE('',#115,#116);
#115 = CARTESIAN_POINT('',(1.5,-4.238249,3.502953));
#116 = VECTOR('',#117,1.);
#117 = DIRECTION('',(-1.E-15,-1.,6.1E-16));
#118 = PCURVE('',#32,#119);
#119 = DEFINITIONAL_REPRESENTATION('',(#120),#124);
#120 = LINE('',#121,#122);
#121 = CARTESIAN_POINT('',(-4.440892098501E-16,-1.7763568394E-15));
#122 = VECTOR('',#123,1.);
#123 = DIRECTION('',(1.,1.7E-16));
#124 = ( GEOMETRIC_REPRESENTATION_CONTEXT(2) 
PARAMETRIC_REPRESENTATION_CONTEXT() REPRESENTATION_CONTEXT('2D SPACE',''
  ) );
#125 = PCURVE('',#126,#131);
#126 = PLANE('',#127);
#127 = AXIS2_PLACEMENT_3D('',#128,#129,#130);
#128 = CARTESIAN_POINT('',(1.5,-5.256926,2.1231775));
#129 = DIRECTION('',(1.,-1.37E-15,1.3E-16));
#130 = DIRECTION('',(1.37E-15,1.,3.9E-16));
#131 = DEFINITIONAL_REPRESENTATION('',(#132),#136);
#132 = LINE('',#133,#134);
#133 = CARTESIAN_POINT('',(1.018677,1.3797755));
#134 = VECTOR('',#135,1.);
#135 = DIRECTION('',(-1.,1.E-15));
#136 = ( GEOMETRIC_REPRESENTATION_CONTEXT(2) 
PARAMETRIC_REPRESENTATION_CONTEXT() REPRESENTATION_CONTEXT('2D SPACE',''
  ) );
#137 = ADVANCED_FACE('',(#138),#44,.T.);
#138 = FACE_BOUND('',#139,.T.);
#139 = EDGE_LOOP('',(#140,#163,#191,#219,#247,#275,#303,#324));
#140 = ORIENTED_EDGE('',*,*,#141,.F.);
#141 = EDGE_CURVE('',#142,#22,#144,.T.);
#142 = VERTEX_POINT('',#143);
#143 = CARTESIAN_POINT('',(1.5,-4.238249,0.743402));
#144 = SURFACE_CURVE('',#145,(#149,#156),.PCURVE_S1.);
#145 = LINE('',#146,#147);
#146 = CARTESIAN_POINT('',(1.5,-4.238249,0.743402));
#147 = VECTOR('',#148,1.);
#148 = DIRECTION('',(-3.9E-16,6.1E-16,1.));
#149 = PCURVE('',#44,#150);
#150 = DEFINITIONAL_REPRESENTATION('',(#151),#155);
#151 = LINE('',#152,#153);
#152 = CARTESIAN_POINT('',(4.440892098501E-16,-4.440892098501E-16));
#153 = VECTOR('',#154,1.);
#154 = DIRECTION('',(1.,-3.9E-16));
#155 = ( GEOMETRIC_REPRESENTATION_CONTEXT(2) 
PARAMETRIC_REPRESENTATION_CONTEXT() REPRESENTATION_CONTEXT('2D SPACE',''
  ) );
#156 = PCURVE('',#126,#157);
#157 = DEFINITIONAL_REPRESENTATION('',(#158),#162);
#158 = LINE('',#159,#160);
#159 = CARTESIAN_POINT('',(1.018677,-1.3797755));
#160 = VECTOR('',#161,1.);
#161 = DIRECTION('',(1.E-15,1.));
#162 = ( GEOMETRIC_REPRESENTATION_CONTEXT(2) 
PARAMETRIC_REPRESENTATION_CONTEXT() REPRESENTATION_CONTEXT('2D SPACE',''
  ) );
#163 = ORIENTED_EDGE('',*,*,#164,.T.);
#164 = EDGE_CURVE('',#142,#165,#167,.T.);
#165 = VERTEX_POINT('',#166);
#166 = CARTESIAN_POINT('',(-2.,-4.238249,0.743402));
#167 = SURFACE_CURVE('',#168,(#172,#179),.PCURVE_S1.);
#168 = LINE('',#169,#170);
#169 = CARTESIAN_POINT('',(1.5,-4.238249,0.743402));
#170 = VECTOR('',#171,1.);
#171 = DIRECTION('',(-1.,9.4E-16,6.E-17));
#172 = PCURVE('',#44,#173);
#173 = DEFINITIONAL_REPRESENTATION('',(#174),#178);
#174 = LINE('',#175,#176);
#175 = CARTESIAN_POINT('',(0.,0.));
#176 = VECTOR('',#177,1.);
#177 = DIRECTION('',(6.E-17,-1.));
#178 = ( GEOMETRIC_REPRESENTATION_CONTEXT(2) 
PARAMETRIC_REPRESENTATION_CONTEXT() REPRESENTATION_CONTEXT('2D SPACE',''
  ) );
#179 = PCURVE('',#180,#185);
#180 = PLANE('',#181);
#181 = AXIS2_PLACEMENT_3D('',#182,#183,#184);
#182 = CARTESIAN_POINT('',(1.5,-6.275603,0.743402));
#183 = DIRECTION('',(0.,-5.6E-16,-1.));
#184 = DIRECTION('',(1.17E-15,1.,-5.6E-16));
#185 = DEFINITIONAL_REPRESENTATION('',(#186),#190);
#186 = LINE('',#187,#188);
#187 = CARTESIAN_POINT('',(2.037354,5.878647417534E-17));
#188 = VECTOR('',#189,1.);
#189 = DIRECTION('',(-2.3E-16,-1.));
#190 = ( GEOMETRIC_REPRESENTATION_CONTEXT(2) 
PARAMETRIC_REPRESENTATION_CONTEXT() REPRESENTATION_CONTEXT('2D SPACE',''
  ) );
#191 = ORIENTED_EDGE('',*,*,#192,.T.);
#192 = EDGE_CURVE('',#165,#193,#195,.T.);
#193 = VERTEX_POINT('',#194);
#194 = CARTESIAN_POINT('',(-2.,-4.238249,0.922632));
#195 = SURFACE_CURVE('',#196,(#200,#207),.PCURVE_S1.);
#196 = LINE('',#197,#198);
#197 = CARTESIAN_POINT('',(-2.,-4.238249,0.743402));
#198 = VECTOR('',#199,1.);
#199 = DIRECTION('',(-3.9E-16,6.1E-16,1.));
#200 = PCURVE('',#44,#201);
#201 = DEFINITIONAL_REPRESENTATION('',(#202),#206);
#202 = LINE('',#203,#204);
#203 = CARTESIAN_POINT('',(1.110223024625E-16,-3.5));
#204 = VECTOR('',#205,1.);
#205 = DIRECTION('',(1.,-3.9E-16));
#206 = ( GEOMETRIC_REPRESENTATION_CONTEXT(2) 
PARAMETRIC_REPRESENTATION_CONTEXT() REPRESENTATION_CONTEXT('2D SPACE',''
  ) );
#207 = PCURVE('',#208,#213);
#208 = PLANE('',#209);
#209 = AXIS2_PLACEMENT_3D('',#210,#211,#212);
#210 = CARTESIAN_POINT('',(-2.,-5.256926,2.1231775));
#211 = DIRECTION('',(1.,-1.37E-15,1.3E-16));
#212 = DIRECTION('',(1.37E-15,1.,3.9E-16));
#213 = DEFINITIONAL_REPRESENTATION('',(#214),#218);
#214 = LINE('',#215,#216);
#215 = CARTESIAN_POINT('',(1.018677,-1.3797755));
#216 = VECTOR('',#217,1.);
#217 = DIRECTION('',(1.E-15,1.));
#218 = ( GEOMETRIC_REPRESENTATION_CONTEXT(2) 
PARAMETRIC_REPRESENTATION_CONTEXT() REPRESENTATION_CONTEXT('2D SPACE',''
  ) );
#219 = ORIENTED_EDGE('',*,*,#220,.T.);
#220 = EDGE_CURVE('',#193,#221,#223,.T.);
#221 = VERTEX_POINT('',#222);
#222 = CARTESIAN_POINT('',(1.4,-4.238249,0.922632));
#223 = SURFACE_CURVE('',#224,(#228,#235),.PCURVE_S1.);
#224 = LINE('',#225,#226);
#225 = CARTESIAN_POINT('',(-0.25,-4.238249,0.922632));
#226 = VECTOR('',#227,1.);
#227 = DIRECTION('',(1.,-9.4E-16,1.7E-16));
#228 = PCURVE('',#44,#229);
#229 = DEFINITIONAL_REPRESENTATION('',(#230),#234);
#230 = LINE('',#231,#232);
#231 = CARTESIAN_POINT('',(0.17923,-1.75));
#232 = VECTOR('',#233,1.);
#233 = DIRECTION('',(1.7E-16,1.));
#234 = ( GEOMETRIC_REPRESENTATION_CONTEXT(2) 
PARAMETRIC_REPRESENTATION_CONTEXT() REPRESENTATION_CONTEXT('2D SPACE',''
  ) );
#235 = PCURVE('',#236,#241);
#236 = PLANE('',#237);
#237 = AXIS2_PLACEMENT_3D('',#238,#239,#240);
#238 = CARTESIAN_POINT('',(-2.,-6.286483,0.922632));
#239 = DIRECTION('',(-1.7E-16,8.3E-16,1.));
#240 = DIRECTION('',(1.28E-15,1.,-8.3E-16));
#241 = DEFINITIONAL_REPRESENTATION('',(#242),#246);
#242 = LINE('',#243,#244);
#243 = CARTESIAN_POINT('',(2.048234,-1.75));
#244 = VECTOR('',#245,1.);
#245 = DIRECTION('',(3.4E-16,-1.));
#246 = ( GEOMETRIC_REPRESENTATION_CONTEXT(2) 
PARAMETRIC_REPRESENTATION_CONTEXT() REPRESENTATION_CONTEXT('2D SPACE',''
  ) );
#247 = ORIENTED_EDGE('',*,*,#248,.F.);
#248 = EDGE_CURVE('',#249,#221,#251,.T.);
#249 = VERTEX_POINT('',#250);
#250 = CARTESIAN_POINT('',(1.4,-4.238249,3.05778));
#251 = SURFACE_CURVE('',#252,(#256,#263),.PCURVE_S1.);
#252 = LINE('',#253,#254);
#253 = CARTESIAN_POINT('',(1.4,-4.238249,1.366804));
#254 = VECTOR('',#255,1.);
#255 = DIRECTION('',(1.5E-16,-6.1E-16,-1.));
#256 = PCURVE('',#44,#257);
#257 = DEFINITIONAL_REPRESENTATION('',(#258),#262);
#258 = LINE('',#259,#260);
#259 = CARTESIAN_POINT('',(0.623402,-1.E-01));
#260 = VECTOR('',#261,1.);
#261 = DIRECTION('',(-1.,1.5E-16));
#262 = ( GEOMETRIC_REPRESENTATION_CONTEXT(2) 
PARAMETRIC_REPRESENTATION_CONTEXT() REPRESENTATION_CONTEXT('2D SPACE',''
  ) );
#263 = PCURVE('',#264,#269);
#264 = PLANE('',#265);
#265 = AXIS2_PLACEMENT_3D('',#266,#267,#268);
#266 = CARTESIAN_POINT('',(1.4,-5.252032,1.990206));
#267 = DIRECTION('',(1.,-1.41E-15,3.7E-16));
#268 = DIRECTION('',(1.41E-15,1.,2.8E-16));
#269 = DEFINITIONAL_REPRESENTATION('',(#270),#274);
#270 = LINE('',#271,#272);
#271 = CARTESIAN_POINT('',(1.013783,-0.623402));
#272 = VECTOR('',#273,1.);
#273 = DIRECTION('',(-8.9E-16,-1.));
#274 = ( GEOMETRIC_REPRESENTATION_CONTEXT(2) 
PARAMETRIC_REPRESENTATION_CONTEXT() REPRESENTATION_CONTEXT('2D SPACE',''
  ) );
#275 = ORIENTED_EDGE('',*,*,#276,.T.);
#276 = EDGE_CURVE('',#249,#277,#279,.T.);
#277 = VERTEX_POINT('',#278);
#278 = CARTESIAN_POINT('',(-2.,-4.238249,3.05778));
#279 = SURFACE_CURVE('',#280,(#284,#291),.PCURVE_S1.);
#280 = LINE('',#281,#282);
#281 = CARTESIAN_POINT('',(-0.25,-4.238249,3.05778));
#282 = VECTOR('',#283,1.);
#283 = DIRECTION('',(-1.,9.4E-16,-1.7E-16));
#284 = PCURVE('',#44,#285);
#285 = DEFINITIONAL_REPRESENTATION('',(#286),#290);
#286 = LINE('',#287,#288);
#287 = CARTESIAN_POINT('',(2.314378,-1.75));
#288 = VECTOR('',#289,1.);
#289 = DIRECTION('',(-1.7E-16,-1.));
#290 = ( GEOMETRIC_REPRESENTATION_CONTEXT(2) 
PARAMETRIC_REPRESENTATION_CONTEXT() REPRESENTATION_CONTEXT('2D SPACE',''
  ) );
#291 = PCURVE('',#292,#297);
#292 = PLANE('',#293);
#293 = AXIS2_PLACEMENT_3D('',#294,#295,#296);
#294 = CARTESIAN_POINT('',(-2.,-4.217581,3.05778));
#295 = DIRECTION('',(1.7E-16,-8.3E-16,-1.));
#296 = DIRECTION('',(-1.28E-15,-1.,8.3E-16));
#297 = DEFINITIONAL_REPRESENTATION('',(#298),#302);
#298 = LINE('',#299,#300);
#299 = CARTESIAN_POINT('',(2.0668E-02,-1.75));
#300 = VECTOR('',#301,1.);
#301 = DIRECTION('',(3.4E-16,1.));
#302 = ( GEOMETRIC_REPRESENTATION_CONTEXT(2) 
PARAMETRIC_REPRESENTATION_CONTEXT() REPRESENTATION_CONTEXT('2D SPACE',''
  ) );
#303 = ORIENTED_EDGE('',*,*,#304,.T.);
#304 = EDGE_CURVE('',#277,#24,#305,.T.);
#305 = SURFACE_CURVE('',#306,(#310,#317),.PCURVE_S1.);
#306 = LINE('',#307,#308);
#307 = CARTESIAN_POINT('',(-2.,-4.238249,0.743402));
#308 = VECTOR('',#309,1.);
#309 = DIRECTION('',(-3.9E-16,6.1E-16,1.));
#310 = PCURVE('',#44,#311);
#311 = DEFINITIONAL_REPRESENTATION('',(#312),#316);
#312 = LINE('',#313,#314);
#313 = CARTESIAN_POINT('',(1.110223024625E-16,-3.5));
#314 = VECTOR('',#315,1.);
#315 = DIRECTION('',(1.,-3.9E-16));
#316 = ( GEOMETRIC_REPRESENTATION_CONTEXT(2) 
PARAMETRIC_REPRESENTATION_CONTEXT() REPRESENTATION_CONTEXT('2D SPACE',''
  ) );
#317 = PCURVE('',#72,#318);
#318 = DEFINITIONAL_REPRESENTATION('',(#319),#323);
#319 = LINE('',#320,#321);
#320 = CARTESIAN_POINT('',(1.018677,-1.3797755));
#321 = VECTOR('',#322,1.);
#322 = DIRECTION('',(1.E-15,1.));
#323 = ( GEOMETRIC_REPRESENTATION_CONTEXT(2) 
PARAMETRIC_REPRESENTATION_CONTEXT() REPRESENTATION_CONTEXT('2D SPACE',''
  ) );
#324 = ORIENTED_EDGE('',*,*,#21,.F.);
#325 = ADVANCED_FACE('',(#326),#100,.T.);
#326 = FACE_BOUND('',#327,.T.);
#327 = EDGE_LOOP('',(#328,#351,#352,#375,#398,#421,#444,#467));
#328 = ORIENTED_EDGE('',*,*,#329,.F.);
#329 = EDGE_CURVE('',#85,#330,#332,.T.);
#330 = VERTEX_POINT('',#331);
#331 = CARTESIAN_POINT('',(1.5,-6.275603,0.743402));
#332 = SURFACE_CURVE('',#333,(#337,#344),.PCURVE_S1.);
#333 = LINE('',#334,#335);
#334 = CARTESIAN_POINT('',(1.5,-6.275603,3.502953));
#335 = VECTOR('',#336,1.);
#336 = DIRECTION('',(3.9E-16,-6.1E-16,-1.));
#337 = PCURVE('',#100,#338);
#338 = DEFINITIONAL_REPRESENTATION('',(#339),#343);
#339 = LINE('',#340,#341);
#340 = CARTESIAN_POINT('',(4.440892098501E-16,-1.33226762955E-15));
#341 = VECTOR('',#342,1.);
#342 = DIRECTION('',(1.,3.9E-16));
#343 = ( GEOMETRIC_REPRESENTATION_CONTEXT(2) 
PARAMETRIC_REPRESENTATION_CONTEXT() REPRESENTATION_CONTEXT('2D SPACE',''
  ) );
#344 = PCURVE('',#126,#345);
#345 = DEFINITIONAL_REPRESENTATION('',(#346),#350);
#346 = LINE('',#347,#348);
#347 = CARTESIAN_POINT('',(-1.018677,1.3797755));
#348 = VECTOR('',#349,1.);
#349 = DIRECTION('',(-1.E-15,-1.));
#350 = ( GEOMETRIC_REPRESENTATION_CONTEXT(2) 
PARAMETRIC_REPRESENTATION_CONTEXT() REPRESENTATION_CONTEXT('2D SPACE',''
  ) );
#351 = ORIENTED_EDGE('',*,*,#84,.T.);
#352 = ORIENTED_EDGE('',*,*,#353,.T.);
#353 = EDGE_CURVE('',#57,#354,#356,.T.);
#354 = VERTEX_POINT('',#355);
#355 = CARTESIAN_POINT('',(-2.,-6.275603,3.05778));
#356 = SURFACE_CURVE('',#357,(#361,#368),.PCURVE_S1.);
#357 = LINE('',#358,#359);
#358 = CARTESIAN_POINT('',(-2.,-6.275603,3.502953));
#359 = VECTOR('',#360,1.);
#360 = DIRECTION('',(3.9E-16,-6.1E-16,-1.));
#361 = PCURVE('',#100,#362);
#362 = DEFINITIONAL_REPRESENTATION('',(#363),#367);
#363 = LINE('',#364,#365);
#364 = CARTESIAN_POINT('',(-1.740829702612E-30,-3.5));
#365 = VECTOR('',#366,1.);
#366 = DIRECTION('',(1.,3.9E-16));
#367 = ( GEOMETRIC_REPRESENTATION_CONTEXT(2) 
PARAMETRIC_REPRESENTATION_CONTEXT() REPRESENTATION_CONTEXT('2D SPACE',''
  ) );
#368 = PCURVE('',#72,#369);
#369 = DEFINITIONAL_REPRESENTATION('',(#370),#374);
#370 = LINE('',#371,#372);
#371 = CARTESIAN_POINT('',(-1.018677,1.3797755));
#372 = VECTOR('',#373,1.);
#373 = DIRECTION('',(-1.E-15,-1.));
#374 = ( GEOMETRIC_REPRESENTATION_CONTEXT(2) 
PARAMETRIC_REPRESENTATION_CONTEXT() REPRESENTATION_CONTEXT('2D SPACE',''
  ) );
#375 = ORIENTED_EDGE('',*,*,#376,.T.);
#376 = EDGE_CURVE('',#354,#377,#379,.T.);
#377 = VERTEX_POINT('',#378);
#378 = CARTESIAN_POINT('',(1.4,-6.275603,3.05778));
#379 = SURFACE_CURVE('',#380,(#384,#391),.PCURVE_S1.);
#380 = LINE('',#381,#382);
#381 = CARTESIAN_POINT('',(-0.25,-6.275603,3.05778));
#382 = VECTOR('',#383,1.);
#383 = DIRECTION('',(1.,-9.4E-16,1.7E-16));
#384 = PCURVE('',#100,#385);
#385 = DEFINITIONAL_REPRESENTATION('',(#386),#390);
#386 = LINE('',#387,#388);
#387 = CARTESIAN_POINT('',(0.445173,-1.75));
#388 = VECTOR('',#389,1.);
#389 = DIRECTION('',(-1.7E-16,1.));
#390 = ( GEOMETRIC_REPRESENTATION_CONTEXT(2) 
PARAMETRIC_REPRESENTATION_CONTEXT() REPRESENTATION_CONTEXT('2D SPACE',''
  ) );
#391 = PCURVE('',#292,#392);
#392 = DEFINITIONAL_REPRESENTATION('',(#393),#397);
#393 = LINE('',#394,#395);
#394 = CARTESIAN_POINT('',(2.058022,-1.75));
#395 = VECTOR('',#396,1.);
#396 = DIRECTION('',(-3.4E-16,-1.));
#397 = ( GEOMETRIC_REPRESENTATION_CONTEXT(2) 
PARAMETRIC_REPRESENTATION_CONTEXT() REPRESENTATION_CONTEXT('2D SPACE',''
  ) );
#398 = ORIENTED_EDGE('',*,*,#399,.F.);
#399 = EDGE_CURVE('',#400,#377,#402,.T.);
#400 = VERTEX_POINT('',#401);
#401 = CARTESIAN_POINT('',(1.4,-6.275603,0.922632));
#402 = SURFACE_CURVE('',#403,(#407,#414),.PCURVE_S1.);
#403 = LINE('',#404,#405);
#404 = CARTESIAN_POINT('',(1.4,-6.275603,2.7465795));
#405 = VECTOR('',#406,1.);
#406 = DIRECTION('',(-1.5E-16,6.1E-16,1.));
#407 = PCURVE('',#100,#408);
#408 = DEFINITIONAL_REPRESENTATION('',(#409),#413);
#409 = LINE('',#410,#411);
#410 = CARTESIAN_POINT('',(0.7563735,-0.1));
#411 = VECTOR('',#412,1.);
#412 = DIRECTION('',(-1.,-1.5E-16));
#413 = ( GEOMETRIC_REPRESENTATION_CONTEXT(2) 
PARAMETRIC_REPRESENTATION_CONTEXT() REPRESENTATION_CONTEXT('2D SPACE',''
  ) );
#414 = PCURVE('',#264,#415);
#415 = DEFINITIONAL_REPRESENTATION('',(#416),#420);
#416 = LINE('',#417,#418);
#417 = CARTESIAN_POINT('',(-1.023571,0.7563735));
#418 = VECTOR('',#419,1.);
#419 = DIRECTION('',(8.9E-16,1.));
#420 = ( GEOMETRIC_REPRESENTATION_CONTEXT(2) 
PARAMETRIC_REPRESENTATION_CONTEXT() REPRESENTATION_CONTEXT('2D SPACE',''
  ) );
#421 = ORIENTED_EDGE('',*,*,#422,.T.);
#422 = EDGE_CURVE('',#400,#423,#425,.T.);
#423 = VERTEX_POINT('',#424);
#424 = CARTESIAN_POINT('',(-2.,-6.275603,0.922632));
#425 = SURFACE_CURVE('',#426,(#430,#437),.PCURVE_S1.);
#426 = LINE('',#427,#428);
#427 = CARTESIAN_POINT('',(-0.25,-6.275603,0.922632));
#428 = VECTOR('',#429,1.);
#429 = DIRECTION('',(-1.,9.4E-16,-1.7E-16));
#430 = PCURVE('',#100,#431);
#431 = DEFINITIONAL_REPRESENTATION('',(#432),#436);
#432 = LINE('',#433,#434);
#433 = CARTESIAN_POINT('',(2.580321,-1.75));
#434 = VECTOR('',#435,1.);
#435 = DIRECTION('',(1.7E-16,-1.));
#436 = ( GEOMETRIC_REPRESENTATION_CONTEXT(2) 
PARAMETRIC_REPRESENTATION_CONTEXT() REPRESENTATION_CONTEXT('2D SPACE',''
  ) );
#437 = PCURVE('',#236,#438);
#438 = DEFINITIONAL_REPRESENTATION('',(#439),#443);
#439 = LINE('',#440,#441);
#440 = CARTESIAN_POINT('',(1.088E-02,-1.75));
#441 = VECTOR('',#442,1.);
#442 = DIRECTION('',(-3.4E-16,1.));
#443 = ( GEOMETRIC_REPRESENTATION_CONTEXT(2) 
PARAMETRIC_REPRESENTATION_CONTEXT() REPRESENTATION_CONTEXT('2D SPACE',''
  ) );
#444 = ORIENTED_EDGE('',*,*,#445,.T.);
#445 = EDGE_CURVE('',#423,#446,#448,.T.);
#446 = VERTEX_POINT('',#447);
#447 = CARTESIAN_POINT('',(-2.,-6.275603,0.743402));
#448 = SURFACE_CURVE('',#449,(#453,#460),.PCURVE_S1.);
#449 = LINE('',#450,#451);
#450 = CARTESIAN_POINT('',(-2.,-6.275603,3.502953));
#451 = VECTOR('',#452,1.);
#452 = DIRECTION('',(3.9E-16,-6.1E-16,-1.));
#453 = PCURVE('',#100,#454);
#454 = DEFINITIONAL_REPRESENTATION('',(#455),#459);
#455 = LINE('',#456,#457);
#456 = CARTESIAN_POINT('',(-1.740829702612E-30,-3.5));
#457 = VECTOR('',#458,1.);
#458 = DIRECTION('',(1.,3.9E-16));
#459 = ( GEOMETRIC_REPRESENTATION_CONTEXT(2) 
PARAMETRIC_REPRESENTATION_CONTEXT() REPRESENTATION_CONTEXT('2D SPACE',''
  ) );
#460 = PCURVE('',#208,#461);
#461 = DEFINITIONAL_REPRESENTATION('',(#462),#466);
#462 = LINE('',#463,#464);
#463 = CARTESIAN_POINT('',(-1.018677,1.3797755));
#464 = VECTOR('',#465,1.);
#465 = DIRECTION('',(-1.E-15,-1.));
#466 = ( GEOMETRIC_REPRESENTATION_CONTEXT(2) 
PARAMETRIC_REPRESENTATION_CONTEXT() REPRESENTATION_CONTEXT('2D SPACE',''
  ) );
#467 = ORIENTED_EDGE('',*,*,#468,.F.);
#468 = EDGE_CURVE('',#330,#446,#469,.T.);
#469 = SURFACE_CURVE('',#470,(#474,#481),.PCURVE_S1.);
#470 = LINE('',#471,#472);
#471 = CARTESIAN_POINT('',(1.5,-6.275603,0.743402));
#472 = VECTOR('',#473,1.);
#473 = DIRECTION('',(-1.,9.4E-16,6.E-17));
#474 = PCURVE('',#100,#475);
#475 = DEFINITIONAL_REPRESENTATION('',(#476),#480);
#476 = LINE('',#477,#478);
#477 = CARTESIAN_POINT('',(2.759551,-1.896420281003E-31));
#478 = VECTOR('',#479,1.);
#479 = DIRECTION('',(-6.E-17,-1.));
#480 = ( GEOMETRIC_REPRESENTATION_CONTEXT(2) 
PARAMETRIC_REPRESENTATION_CONTEXT() REPRESENTATION_CONTEXT('2D SPACE',''
  ) );
#481 = PCURVE('',#180,#482);
#482 = DEFINITIONAL_REPRESENTATION('',(#483),#487);
#483 = LINE('',#484,#485);
#484 = CARTESIAN_POINT('',(0.,0.));
#485 = VECTOR('',#486,1.);
#486 = DIRECTION('',(-2.3E-16,-1.));
#487 = ( GEOMETRIC_REPRESENTATION_CONTEXT(2) 
PARAMETRIC_REPRESENTATION_CONTEXT() REPRESENTATION_CONTEXT('2D SPACE',''
  ) );
#488 = ADVANCED_FACE('',(#489),#126,.T.);
#489 = FACE_BOUND('',#490,.T.);
#490 = EDGE_LOOP('',(#491,#492,#493,#514));
#491 = ORIENTED_EDGE('',*,*,#112,.T.);
#492 = ORIENTED_EDGE('',*,*,#329,.T.);
#493 = ORIENTED_EDGE('',*,*,#494,.T.);
#494 = EDGE_CURVE('',#330,#142,#495,.T.);
#495 = SURFACE_CURVE('',#496,(#500,#507),.PCURVE_S1.);
#496 = LINE('',#497,#498);
#497 = CARTESIAN_POINT('',(1.5,-6.275603,0.743402));
#498 = VECTOR('',#499,1.);
#499 = DIRECTION('',(1.E-15,1.,-6.1E-16));
#500 = PCURVE('',#126,#501);
#501 = DEFINITIONAL_REPRESENTATION('',(#502),#506);
#502 = LINE('',#503,#504);
#503 = CARTESIAN_POINT('',(-1.018677,-1.3797755));
#504 = VECTOR('',#505,1.);
#505 = DIRECTION('',(1.,-1.E-15));
#506 = ( GEOMETRIC_REPRESENTATION_CONTEXT(2) 
PARAMETRIC_REPRESENTATION_CONTEXT() REPRESENTATION_CONTEXT('2D SPACE',''
  ) );
#507 = PCURVE('',#180,#508);
#508 = DEFINITIONAL_REPRESENTATION('',(#509),#513);
#509 = LINE('',#510,#511);
#510 = CARTESIAN_POINT('',(8.881784197001E-16,-1.039168751049E-30));
#511 = VECTOR('',#512,1.);
#512 = DIRECTION('',(1.,-1.7E-16));
#513 = ( GEOMETRIC_REPRESENTATION_CONTEXT(2) 
PARAMETRIC_REPRESENTATION_CONTEXT() REPRESENTATION_CONTEXT('2D SPACE',''
  ) );
#514 = ORIENTED_EDGE('',*,*,#141,.T.);
#515 = ADVANCED_FACE('',(#516),#72,.F.);
#516 = FACE_BOUND('',#517,.F.);
#517 = EDGE_LOOP('',(#518,#519,#520,#521));
#518 = ORIENTED_EDGE('',*,*,#304,.T.);
#519 = ORIENTED_EDGE('',*,*,#56,.T.);
#520 = ORIENTED_EDGE('',*,*,#353,.T.);
#521 = ORIENTED_EDGE('',*,*,#522,.F.);
#522 = EDGE_CURVE('',#277,#354,#523,.T.);
#523 = SURFACE_CURVE('',#524,(#528,#535),.PCURVE_S1.);
#524 = LINE('',#525,#526);
#525 = CARTESIAN_POINT('',(-2.,-4.217581,3.05778));
#526 = VECTOR('',#527,1.);
#527 = DIRECTION('',(-1.28E-15,-1.,8.3E-16));
#528 = PCURVE('',#72,#529);
#529 = DEFINITIONAL_REPRESENTATION('',(#530),#534);
#530 = LINE('',#531,#532);
#531 = CARTESIAN_POINT('',(1.039345,0.9346025));
#532 = VECTOR('',#533,1.);
#533 = DIRECTION('',(-1.,1.22E-15));
#534 = ( GEOMETRIC_REPRESENTATION_CONTEXT(2) 
PARAMETRIC_REPRESENTATION_CONTEXT() REPRESENTATION_CONTEXT('2D SPACE',''
  ) );
#535 = PCURVE('',#292,#536);
#536 = DEFINITIONAL_REPRESENTATION('',(#537),#541);
#537 = LINE('',#538,#539);
#538 = CARTESIAN_POINT('',(1.110223024625E-15,-1.42108547152E-30));
#539 = VECTOR('',#540,1.);
#540 = DIRECTION('',(1.,8.449761315263E-31));
#541 = ( GEOMETRIC_REPRESENTATION_CONTEXT(2) 
PARAMETRIC_REPRESENTATION_CONTEXT() REPRESENTATION_CONTEXT('2D SPACE',''
  ) );
#542 = ADVANCED_FACE('',(#543),#292,.T.);
#543 = FACE_BOUND('',#544,.T.);
#544 = EDGE_LOOP('',(#545,#546,#547,#568));
#545 = ORIENTED_EDGE('',*,*,#522,.F.);
#546 = ORIENTED_EDGE('',*,*,#276,.F.);
#547 = ORIENTED_EDGE('',*,*,#548,.T.);
#548 = EDGE_CURVE('',#249,#377,#549,.T.);
#549 = SURFACE_CURVE('',#550,(#554,#561),.PCURVE_S1.);
#550 = LINE('',#551,#552);
#551 = CARTESIAN_POINT('',(1.4,-4.217581,3.05778));
#552 = VECTOR('',#553,1.);
#553 = DIRECTION('',(-1.28E-15,-1.,8.3E-16));
#554 = PCURVE('',#292,#555);
#555 = DEFINITIONAL_REPRESENTATION('',(#556),#560);
#556 = LINE('',#557,#558);
#557 = CARTESIAN_POINT('',(1.199115123126E-15,-3.4));
#558 = VECTOR('',#559,1.);
#559 = DIRECTION('',(1.,8.449761315263E-31));
#560 = ( GEOMETRIC_REPRESENTATION_CONTEXT(2) 
PARAMETRIC_REPRESENTATION_CONTEXT() REPRESENTATION_CONTEXT('2D SPACE',''
  ) );
#561 = PCURVE('',#264,#562);
#562 = DEFINITIONAL_REPRESENTATION('',(#563),#567);
#563 = LINE('',#564,#565);
#564 = CARTESIAN_POINT('',(1.034451,1.067574));
#565 = VECTOR('',#566,1.);
#566 = DIRECTION('',(-1.,1.11E-15));
#567 = ( GEOMETRIC_REPRESENTATION_CONTEXT(2) 
PARAMETRIC_REPRESENTATION_CONTEXT() REPRESENTATION_CONTEXT('2D SPACE',''
  ) );
#568 = ORIENTED_EDGE('',*,*,#376,.F.);
#569 = ADVANCED_FACE('',(#570),#264,.F.);
#570 = FACE_BOUND('',#571,.F.);
#571 = EDGE_LOOP('',(#572,#573,#574,#575));
#572 = ORIENTED_EDGE('',*,*,#248,.F.);
#573 = ORIENTED_EDGE('',*,*,#548,.T.);
#574 = ORIENTED_EDGE('',*,*,#399,.F.);
#575 = ORIENTED_EDGE('',*,*,#576,.T.);
#576 = EDGE_CURVE('',#400,#221,#577,.T.);
#577 = SURFACE_CURVE('',#578,(#582,#589),.PCURVE_S1.);
#578 = LINE('',#579,#580);
#579 = CARTESIAN_POINT('',(1.4,-6.286483,0.922632));
#580 = VECTOR('',#581,1.);
#581 = DIRECTION('',(1.28E-15,1.,-8.3E-16));
#582 = PCURVE('',#264,#583);
#583 = DEFINITIONAL_REPRESENTATION('',(#584),#588);
#584 = LINE('',#585,#586);
#585 = CARTESIAN_POINT('',(-1.034451,-1.067574));
#586 = VECTOR('',#587,1.);
#587 = DIRECTION('',(1.,-1.11E-15));
#588 = ( GEOMETRIC_REPRESENTATION_CONTEXT(2) 
PARAMETRIC_REPRESENTATION_CONTEXT() REPRESENTATION_CONTEXT('2D SPACE',''
  ) );
#589 = PCURVE('',#236,#590);
#590 = DEFINITIONAL_REPRESENTATION('',(#591),#595);
#591 = LINE('',#592,#593);
#592 = CARTESIAN_POINT('',(-1.421159728051E-15,-3.4));
#593 = VECTOR('',#594,1.);
#594 = DIRECTION('',(1.,-8.449761315263E-31));
#595 = ( GEOMETRIC_REPRESENTATION_CONTEXT(2) 
PARAMETRIC_REPRESENTATION_CONTEXT() REPRESENTATION_CONTEXT('2D SPACE',''
  ) );
#596 = ADVANCED_FACE('',(#597),#236,.T.);
#597 = FACE_BOUND('',#598,.T.);
#598 = EDGE_LOOP('',(#599,#620,#621,#622));
#599 = ORIENTED_EDGE('',*,*,#600,.F.);
#600 = EDGE_CURVE('',#423,#193,#601,.T.);
#601 = SURFACE_CURVE('',#602,(#606,#613),.PCURVE_S1.);
#602 = LINE('',#603,#604);
#603 = CARTESIAN_POINT('',(-2.,-6.286483,0.922632));
#604 = VECTOR('',#605,1.);
#605 = DIRECTION('',(1.28E-15,1.,-8.3E-16));
#606 = PCURVE('',#236,#607);
#607 = DEFINITIONAL_REPRESENTATION('',(#608),#612);
#608 = LINE('',#609,#610);
#609 = CARTESIAN_POINT('',(-1.33226762955E-15,-4.440892098501E-16));
#610 = VECTOR('',#611,1.);
#611 = DIRECTION('',(1.,-8.449761315263E-31));
#612 = ( GEOMETRIC_REPRESENTATION_CONTEXT(2) 
PARAMETRIC_REPRESENTATION_CONTEXT() REPRESENTATION_CONTEXT('2D SPACE',''
  ) );
#613 = PCURVE('',#208,#614);
#614 = DEFINITIONAL_REPRESENTATION('',(#615),#619);
#615 = LINE('',#616,#617);
#616 = CARTESIAN_POINT('',(-1.029557,-1.2005455));
#617 = VECTOR('',#618,1.);
#618 = DIRECTION('',(1.,-1.22E-15));
#619 = ( GEOMETRIC_REPRESENTATION_CONTEXT(2) 
PARAMETRIC_REPRESENTATION_CONTEXT() REPRESENTATION_CONTEXT('2D SPACE',''
  ) );
#620 = ORIENTED_EDGE('',*,*,#422,.F.);
#621 = ORIENTED_EDGE('',*,*,#576,.T.);
#622 = ORIENTED_EDGE('',*,*,#220,.F.);
#623 = ADVANCED_FACE('',(#624),#208,.F.);
#624 = FACE_BOUND('',#625,.F.);
#625 = EDGE_LOOP('',(#626,#627,#628,#629));
#626 = ORIENTED_EDGE('',*,*,#192,.T.);
#627 = ORIENTED_EDGE('',*,*,#600,.F.);
#628 = ORIENTED_EDGE('',*,*,#445,.T.);
#629 = ORIENTED_EDGE('',*,*,#630,.T.);
#630 = EDGE_CURVE('',#446,#165,#631,.T.);
#631 = SURFACE_CURVE('',#632,(#636,#643),.PCURVE_S1.);
#632 = LINE('',#633,#634);
#633 = CARTESIAN_POINT('',(-2.,-6.275603,0.743402));
#634 = VECTOR('',#635,1.);
#635 = DIRECTION('',(1.E-15,1.,-6.1E-16));
#636 = PCURVE('',#208,#637);
#637 = DEFINITIONAL_REPRESENTATION('',(#638),#642);
#638 = LINE('',#639,#640);
#639 = CARTESIAN_POINT('',(-1.018677,-1.3797755));
#640 = VECTOR('',#641,1.);
#641 = DIRECTION('',(1.,-1.E-15));
#642 = ( GEOMETRIC_REPRESENTATION_CONTEXT(2) 
PARAMETRIC_REPRESENTATION_CONTEXT() REPRESENTATION_CONTEXT('2D SPACE',''
  ) );
#643 = PCURVE('',#180,#644);
#644 = DEFINITIONAL_REPRESENTATION('',(#645),#649);
#645 = LINE('',#646,#647);
#646 = CARTESIAN_POINT('',(-5.422863211995E-16,-3.5));
#647 = VECTOR('',#648,1.);
#648 = DIRECTION('',(1.,-1.7E-16));
#649 = ( GEOMETRIC_REPRESENTATION_CONTEXT(2) 
PARAMETRIC_REPRESENTATION_CONTEXT() REPRESENTATION_CONTEXT('2D SPACE',''
  ) );
#650 = ADVANCED_FACE('',(#651),#180,.T.);
#651 = FACE_BOUND('',#652,.T.);
#652 = EDGE_LOOP('',(#653,#654,#655,#656));
#653 = ORIENTED_EDGE('',*,*,#468,.T.);
#654 = ORIENTED_EDGE('',*,*,#630,.T.);
#655 = ORIENTED_EDGE('',*,*,#164,.F.);
#656 = ORIENTED_EDGE('',*,*,#494,.F.);
#657 = ( GEOMETRIC_REPRESENTATION_CONTEXT(3) 
GLOBAL_UNCERTAINTY_ASSIGNED_CONTEXT((#661)) GLOBAL_UNIT_ASSIGNED_CONTEXT
((#658,#659,#660)) REPRESENTATION_CONTEXT('Context #1',
  '3D Context with UNIT and UNCERTAINTY') );
#658 = ( LENGTH_UNIT() NAMED_UNIT(*) SI_UNIT(.MILLI.,.METRE.) );
#659 = ( NAMED_UNIT(*) PLANE_ANGLE_UNIT() SI_UNIT($,.RADIAN.) );
#660 = ( NAMED_UNIT(*) SI_UNIT($,.STERADIAN.) SOLID_ANGLE_UNIT() );
#661 = UNCERTAINTY_MEASURE_WITH_UNIT(LENGTH_MEASURE(1.E-07),#658,
  'distance_accuracy_value','confusion accuracy');
#662 = PRODUCT_RELATED_PRODUCT_CATEGORY('part',$,(#7));
#663 = SHAPE_DEFINITION_REPRESENTATION(#664,#670);
#664 = PRODUCT_DEFINITION_SHAPE('','',#665);
#665 = PRODUCT_DEFINITION('design','',#666,#669);
#666 = PRODUCT_DEFINITION_FORMATION('','',#667);
#667 = PRODUCT('Screw001','Screw001','',(#668));
#668 = PRODUCT_CONTEXT('',#2,'mechanical');
#669 = PRODUCT_DEFINITION_CONTEXT('part definition',#2,'design');
#670 = ADVANCED_BREP_SHAPE_REPRESENTATION('',(#11,#671),#1407);
#671 = MANIFOLD_SOLID_BREP('',#672);
#672 = CLOSED_SHELL('',(#673,#974,#1079,#1177,#1204,#1336,#1364,#1392,
    #1396,#1402));
#673 = ADVANCED_FACE('',(#674),#689,.T.);
#674 = FACE_BOUND('',#675,.F.);
#675 = EDGE_LOOP('',(#676,#712,#735,#762,#763,#792,#820,#849,#877,#906,
    #929,#953));
#676 = ORIENTED_EDGE('',*,*,#677,.T.);
#677 = EDGE_CURVE('',#678,#680,#682,.T.);
#678 = VERTEX_POINT('',#679);
#679 = CARTESIAN_POINT('',(0.25,-3.072875450177,8.6));
#680 = VERTEX_POINT('',#681);
#681 = CARTESIAN_POINT('',(1.346291,-1.75,8.6));
#682 = SURFACE_CURVE('',#683,(#688,#700),.PCURVE_S1.);
#683 = CIRCLE('',#684,1.346291);
#684 = AXIS2_PLACEMENT_3D('',#685,#686,#687);
#685 = CARTESIAN_POINT('',(-2.199074889703E-16,-1.75,8.6));
#686 = DIRECTION('',(-2.199074889703E-16,1.269069363562E-15,1.));
#687 = DIRECTION('',(1.,-5.658374658399E-17,2.199074889703E-16));
#688 = PCURVE('',#689,#694);
#689 = CYLINDRICAL_SURFACE('',#690,1.346291);
#690 = AXIS2_PLACEMENT_3D('',#691,#692,#693);
#691 = CARTESIAN_POINT('',(0.,-1.75,7.6));
#692 = DIRECTION('',(0.,-1.33226762955E-15,-1.));
#693 = DIRECTION('',(1.,0.,0.));
#694 = DEFINITIONAL_REPRESENTATION('',(#695),#699);
#695 = LINE('',#696,#697);
#696 = CARTESIAN_POINT('',(-0.,-1.));
#697 = VECTOR('',#698,1.);
#698 = DIRECTION('',(-1.,0.));
#699 = ( GEOMETRIC_REPRESENTATION_CONTEXT(2) 
PARAMETRIC_REPRESENTATION_CONTEXT() REPRESENTATION_CONTEXT('2D SPACE',''
  ) );
#700 = PCURVE('',#701,#706);
#701 = TOROIDAL_SURFACE('',#702,1.146291,0.2);
#702 = AXIS2_PLACEMENT_3D('',#703,#704,#705);
#703 = CARTESIAN_POINT('',(-2.199074889703E-16,-1.75,8.6));
#704 = DIRECTION('',(-2.199074889703E-16,1.269069363562E-15,1.));
#705 = DIRECTION('',(1.,-5.658374658399E-17,2.199074889703E-16));
#706 = DEFINITIONAL_REPRESENTATION('',(#707),#711);
#707 = LINE('',#708,#709);
#708 = CARTESIAN_POINT('',(0.,0.));
#709 = VECTOR('',#710,1.);
#710 = DIRECTION('',(1.,0.));
#711 = ( GEOMETRIC_REPRESENTATION_CONTEXT(2) 
PARAMETRIC_REPRESENTATION_CONTEXT() REPRESENTATION_CONTEXT('2D SPACE',''
  ) );
#712 = ORIENTED_EDGE('',*,*,#713,.F.);
#713 = EDGE_CURVE('',#714,#680,#716,.T.);
#714 = VERTEX_POINT('',#715);
#715 = CARTESIAN_POINT('',(1.346291,-1.75,7.6));
#716 = SEAM_CURVE('',#717,(#721,#728),.PCURVE_S1.);
#717 = LINE('',#718,#719);
#718 = CARTESIAN_POINT('',(1.346291,-1.75,7.6));
#719 = VECTOR('',#720,1.);
#720 = DIRECTION('',(0.,1.33226762955E-15,1.));
#721 = PCURVE('',#689,#722);
#722 = DEFINITIONAL_REPRESENTATION('',(#723),#727);
#723 = LINE('',#724,#725);
#724 = CARTESIAN_POINT('',(-0.,0.));
#725 = VECTOR('',#726,1.);
#726 = DIRECTION('',(-0.,-1.));
#727 = ( GEOMETRIC_REPRESENTATION_CONTEXT(2) 
PARAMETRIC_REPRESENTATION_CONTEXT() REPRESENTATION_CONTEXT('2D SPACE',''
  ) );
#728 = PCURVE('',#689,#729);
#729 = DEFINITIONAL_REPRESENTATION('',(#730),#734);
#730 = LINE('',#731,#732);
#731 = CARTESIAN_POINT('',(-6.28318530718,0.));
#732 = VECTOR('',#733,1.);
#733 = DIRECTION('',(-0.,-1.));
#734 = ( GEOMETRIC_REPRESENTATION_CONTEXT(2) 
PARAMETRIC_REPRESENTATION_CONTEXT() REPRESENTATION_CONTEXT('2D SPACE',''
  ) );
#735 = ORIENTED_EDGE('',*,*,#736,.F.);
#736 = EDGE_CURVE('',#714,#714,#737,.T.);
#737 = SURFACE_CURVE('',#738,(#743,#750),.PCURVE_S1.);
#738 = CIRCLE('',#739,1.346291);
#739 = AXIS2_PLACEMENT_3D('',#740,#741,#742);
#740 = CARTESIAN_POINT('',(0.,-1.75,7.6));
#741 = DIRECTION('',(-0.,1.33226762955E-15,1.));
#742 = DIRECTION('',(1.,0.,0.));
#743 = PCURVE('',#689,#744);
#744 = DEFINITIONAL_REPRESENTATION('',(#745),#749);
#745 = LINE('',#746,#747);
#746 = CARTESIAN_POINT('',(-0.,0.));
#747 = VECTOR('',#748,1.);
#748 = DIRECTION('',(-1.,0.));
#749 = ( GEOMETRIC_REPRESENTATION_CONTEXT(2) 
PARAMETRIC_REPRESENTATION_CONTEXT() REPRESENTATION_CONTEXT('2D SPACE',''
  ) );
#750 = PCURVE('',#751,#756);
#751 = PLANE('',#752);
#752 = AXIS2_PLACEMENT_3D('',#753,#754,#755);
#753 = CARTESIAN_POINT('',(-3.174091198846E-17,-1.75,7.6));
#754 = DIRECTION('',(-2.199074889703E-16,1.269069363562E-15,1.));
#755 = DIRECTION('',(0.,1.,-1.269069363562E-15));
#756 = DEFINITIONAL_REPRESENTATION('',(#757),#761);
#757 = CIRCLE('',#758,1.346291);
#758 = AXIS2_PLACEMENT_2D('',#759,#760);
#759 = CARTESIAN_POINT('',(2.22044604925E-16,-3.174091198846E-17));
#760 = DIRECTION('',(0.,-1.));
#761 = ( GEOMETRIC_REPRESENTATION_CONTEXT(2) 
PARAMETRIC_REPRESENTATION_CONTEXT() REPRESENTATION_CONTEXT('2D SPACE',''
  ) );
#762 = ORIENTED_EDGE('',*,*,#713,.T.);
#763 = ORIENTED_EDGE('',*,*,#764,.T.);
#764 = EDGE_CURVE('',#680,#765,#767,.T.);
#765 = VERTEX_POINT('',#766);
#766 = CARTESIAN_POINT('',(0.25,-0.427124549823,8.6));
#767 = SURFACE_CURVE('',#768,(#773,#780),.PCURVE_S1.);
#768 = CIRCLE('',#769,1.346291);
#769 = AXIS2_PLACEMENT_3D('',#770,#771,#772);
#770 = CARTESIAN_POINT('',(-2.199074889703E-16,-1.75,8.6));
#771 = DIRECTION('',(-2.199074889703E-16,1.269069363562E-15,1.));
#772 = DIRECTION('',(1.,-5.658374658399E-17,2.199074889703E-16));
#773 = PCURVE('',#689,#774);
#774 = DEFINITIONAL_REPRESENTATION('',(#775),#779);
#775 = LINE('',#776,#777);
#776 = CARTESIAN_POINT('',(-0.,-1.));
#777 = VECTOR('',#778,1.);
#778 = DIRECTION('',(-1.,0.));
#779 = ( GEOMETRIC_REPRESENTATION_CONTEXT(2) 
PARAMETRIC_REPRESENTATION_CONTEXT() REPRESENTATION_CONTEXT('2D SPACE',''
  ) );
#780 = PCURVE('',#781,#786);
#781 = TOROIDAL_SURFACE('',#782,1.146291,0.2);
#782 = AXIS2_PLACEMENT_3D('',#783,#784,#785);
#783 = CARTESIAN_POINT('',(-2.199074889703E-16,-1.75,8.6));
#784 = DIRECTION('',(-2.199074889703E-16,1.269069363562E-15,1.));
#785 = DIRECTION('',(1.,-5.658374658399E-17,2.199074889703E-16));
#786 = DEFINITIONAL_REPRESENTATION('',(#787),#791);
#787 = LINE('',#788,#789);
#788 = CARTESIAN_POINT('',(0.,0.));
#789 = VECTOR('',#790,1.);
#790 = DIRECTION('',(1.,0.));
#791 = ( GEOMETRIC_REPRESENTATION_CONTEXT(2) 
PARAMETRIC_REPRESENTATION_CONTEXT() REPRESENTATION_CONTEXT('2D SPACE',''
  ) );
#792 = ORIENTED_EDGE('',*,*,#793,.T.);
#793 = EDGE_CURVE('',#765,#794,#796,.T.);
#794 = VERTEX_POINT('',#795);
#795 = CARTESIAN_POINT('',(0.25,-0.427124549823,8.));
#796 = SURFACE_CURVE('',#797,(#801,#808),.PCURVE_S1.);
#797 = LINE('',#798,#799);
#798 = CARTESIAN_POINT('',(0.25,-0.427124549823,7.6));
#799 = VECTOR('',#800,1.);
#800 = DIRECTION('',(0.,-1.33226762955E-15,-1.));
#801 = PCURVE('',#689,#802);
#802 = DEFINITIONAL_REPRESENTATION('',(#803),#807);
#803 = LINE('',#804,#805);
#804 = CARTESIAN_POINT('',(-1.384016837388,-5.497687224259E-17));
#805 = VECTOR('',#806,1.);
#806 = DIRECTION('',(-0.,1.));
#807 = ( GEOMETRIC_REPRESENTATION_CONTEXT(2) 
PARAMETRIC_REPRESENTATION_CONTEXT() REPRESENTATION_CONTEXT('2D SPACE',''
  ) );
#808 = PCURVE('',#809,#814);
#809 = PLANE('',#810);
#810 = AXIS2_PLACEMENT_3D('',#811,#812,#813);
#811 = CARTESIAN_POINT('',(0.25,-0.25,8.8));
#812 = DIRECTION('',(-1.,-2.7907785707E-31,-2.199074889703E-16));
#813 = DIRECTION('',(0.,-1.,1.269069363562E-15));
#814 = DEFINITIONAL_REPRESENTATION('',(#815),#819);
#815 = LINE('',#816,#817);
#816 = CARTESIAN_POINT('',(0.177124549823,-1.2));
#817 = VECTOR('',#818,1.);
#818 = DIRECTION('',(6.319826598853E-17,-1.));
#819 = ( GEOMETRIC_REPRESENTATION_CONTEXT(2) 
PARAMETRIC_REPRESENTATION_CONTEXT() REPRESENTATION_CONTEXT('2D SPACE',''
  ) );
#820 = ORIENTED_EDGE('',*,*,#821,.F.);
#821 = EDGE_CURVE('',#822,#794,#824,.T.);
#822 = VERTEX_POINT('',#823);
#823 = CARTESIAN_POINT('',(-0.25,-0.427124549823,8.));
#824 = SURFACE_CURVE('',#825,(#830,#837),.PCURVE_S1.);
#825 = CIRCLE('',#826,1.346291);
#826 = AXIS2_PLACEMENT_3D('',#827,#828,#829);
#827 = CARTESIAN_POINT('',(0.,-1.75,8.));
#828 = DIRECTION('',(0.,-1.33226762955E-15,-1.));
#829 = DIRECTION('',(1.,0.,0.));
#830 = PCURVE('',#689,#831);
#831 = DEFINITIONAL_REPRESENTATION('',(#832),#836);
#832 = LINE('',#833,#834);
#833 = CARTESIAN_POINT('',(-6.28318530718,-0.4));
#834 = VECTOR('',#835,1.);
#835 = DIRECTION('',(1.,-0.));
#836 = ( GEOMETRIC_REPRESENTATION_CONTEXT(2) 
PARAMETRIC_REPRESENTATION_CONTEXT() REPRESENTATION_CONTEXT('2D SPACE',''
  ) );
#837 = PCURVE('',#838,#843);
#838 = PLANE('',#839);
#839 = AXIS2_PLACEMENT_3D('',#840,#841,#842);
#840 = CARTESIAN_POINT('',(-1.254202583648E-16,-1.75,8.));
#841 = DIRECTION('',(1.7763568394E-15,-1.33226762955E-15,-1.));
#842 = DIRECTION('',(-1.,-7.88860905221E-31,-1.7763568394E-15));
#843 = DEFINITIONAL_REPRESENTATION('',(#844),#848);
#844 = CIRCLE('',#845,1.346291);
#845 = AXIS2_PLACEMENT_2D('',#846,#847);
#846 = CARTESIAN_POINT('',(-1.254202583648E-16,-2.22044604925E-16));
#847 = DIRECTION('',(-1.,1.577721810442E-30));
#848 = ( GEOMETRIC_REPRESENTATION_CONTEXT(2) 
PARAMETRIC_REPRESENTATION_CONTEXT() REPRESENTATION_CONTEXT('2D SPACE',''
  ) );
#849 = ORIENTED_EDGE('',*,*,#850,.F.);
#850 = EDGE_CURVE('',#851,#822,#853,.T.);
#851 = VERTEX_POINT('',#852);
#852 = CARTESIAN_POINT('',(-0.25,-0.427124549823,8.6));
#853 = SURFACE_CURVE('',#854,(#858,#865),.PCURVE_S1.);
#854 = LINE('',#855,#856);
#855 = CARTESIAN_POINT('',(-0.25,-0.427124549823,7.6));
#856 = VECTOR('',#857,1.);
#857 = DIRECTION('',(0.,-1.33226762955E-15,-1.));
#858 = PCURVE('',#689,#859);
#859 = DEFINITIONAL_REPRESENTATION('',(#860),#864);
#860 = LINE('',#861,#862);
#861 = CARTESIAN_POINT('',(-1.757575816201,5.497687224259E-17));
#862 = VECTOR('',#863,1.);
#863 = DIRECTION('',(-0.,1.));
#864 = ( GEOMETRIC_REPRESENTATION_CONTEXT(2) 
PARAMETRIC_REPRESENTATION_CONTEXT() REPRESENTATION_CONTEXT('2D SPACE',''
  ) );
#865 = PCURVE('',#866,#871);
#866 = PLANE('',#867);
#867 = AXIS2_PLACEMENT_3D('',#868,#869,#870);
#868 = CARTESIAN_POINT('',(-0.25,-3.25,8.8));
#869 = DIRECTION('',(1.,2.7907785707E-31,2.199074889703E-16));
#870 = DIRECTION('',(0.,1.,-1.269069363562E-15));
#871 = DEFINITIONAL_REPRESENTATION('',(#872),#876);
#872 = LINE('',#873,#874);
#873 = CARTESIAN_POINT('',(2.822875450177,-1.2));
#874 = VECTOR('',#875,1.);
#875 = DIRECTION('',(-6.319826598853E-17,-1.));
#876 = ( GEOMETRIC_REPRESENTATION_CONTEXT(2) 
PARAMETRIC_REPRESENTATION_CONTEXT() REPRESENTATION_CONTEXT('2D SPACE',''
  ) );
#877 = ORIENTED_EDGE('',*,*,#878,.T.);
#878 = EDGE_CURVE('',#851,#879,#881,.T.);
#879 = VERTEX_POINT('',#880);
#880 = CARTESIAN_POINT('',(-0.25,-3.072875450177,8.6));
#881 = SURFACE_CURVE('',#882,(#887,#894),.PCURVE_S1.);
#882 = CIRCLE('',#883,1.346291);
#883 = AXIS2_PLACEMENT_3D('',#884,#885,#886);
#884 = CARTESIAN_POINT('',(-2.199074889703E-16,-1.75,8.6));
#885 = DIRECTION('',(-2.199074889703E-16,1.269069363562E-15,1.));
#886 = DIRECTION('',(1.,-5.658374658399E-17,2.199074889703E-16));
#887 = PCURVE('',#689,#888);
#888 = DEFINITIONAL_REPRESENTATION('',(#889),#893);
#889 = LINE('',#890,#891);
#890 = CARTESIAN_POINT('',(-0.,-1.));
#891 = VECTOR('',#892,1.);
#892 = DIRECTION('',(-1.,0.));
#893 = ( GEOMETRIC_REPRESENTATION_CONTEXT(2) 
PARAMETRIC_REPRESENTATION_CONTEXT() REPRESENTATION_CONTEXT('2D SPACE',''
  ) );
#894 = PCURVE('',#895,#900);
#895 = TOROIDAL_SURFACE('',#896,1.146291,0.2);
#896 = AXIS2_PLACEMENT_3D('',#897,#898,#899);
#897 = CARTESIAN_POINT('',(-2.199074889703E-16,-1.75,8.6));
#898 = DIRECTION('',(-2.199074889703E-16,1.269069363562E-15,1.));
#899 = DIRECTION('',(1.,-5.658374658399E-17,2.199074889703E-16));
#900 = DEFINITIONAL_REPRESENTATION('',(#901),#905);
#901 = LINE('',#902,#903);
#902 = CARTESIAN_POINT('',(0.,0.));
#903 = VECTOR('',#904,1.);
#904 = DIRECTION('',(1.,0.));
#905 = ( GEOMETRIC_REPRESENTATION_CONTEXT(2) 
PARAMETRIC_REPRESENTATION_CONTEXT() REPRESENTATION_CONTEXT('2D SPACE',''
  ) );
#906 = ORIENTED_EDGE('',*,*,#907,.T.);
#907 = EDGE_CURVE('',#879,#908,#910,.T.);
#908 = VERTEX_POINT('',#909);
#909 = CARTESIAN_POINT('',(-0.25,-3.072875450177,8.));
#910 = SURFACE_CURVE('',#911,(#915,#922),.PCURVE_S1.);
#911 = LINE('',#912,#913);
#912 = CARTESIAN_POINT('',(-0.25,-3.072875450177,7.6));
#913 = VECTOR('',#914,1.);
#914 = DIRECTION('',(0.,-1.33226762955E-15,-1.));
#915 = PCURVE('',#689,#916);
#916 = DEFINITIONAL_REPRESENTATION('',(#917),#921);
#917 = LINE('',#918,#919);
#918 = CARTESIAN_POINT('',(-4.525609490978,5.497687224259E-17));
#919 = VECTOR('',#920,1.);
#920 = DIRECTION('',(-0.,1.));
#921 = ( GEOMETRIC_REPRESENTATION_CONTEXT(2) 
PARAMETRIC_REPRESENTATION_CONTEXT() REPRESENTATION_CONTEXT('2D SPACE',''
  ) );
#922 = PCURVE('',#866,#923);
#923 = DEFINITIONAL_REPRESENTATION('',(#924),#928);
#924 = LINE('',#925,#926);
#925 = CARTESIAN_POINT('',(0.177124549823,-1.2));
#926 = VECTOR('',#927,1.);
#927 = DIRECTION('',(-6.319826598853E-17,-1.));
#928 = ( GEOMETRIC_REPRESENTATION_CONTEXT(2) 
PARAMETRIC_REPRESENTATION_CONTEXT() REPRESENTATION_CONTEXT('2D SPACE',''
  ) );
#929 = ORIENTED_EDGE('',*,*,#930,.F.);
#930 = EDGE_CURVE('',#931,#908,#933,.T.);
#931 = VERTEX_POINT('',#932);
#932 = CARTESIAN_POINT('',(0.25,-3.072875450177,8.));
#933 = SURFACE_CURVE('',#934,(#939,#946),.PCURVE_S1.);
#934 = CIRCLE('',#935,1.346291);
#935 = AXIS2_PLACEMENT_3D('',#936,#937,#938);
#936 = CARTESIAN_POINT('',(0.,-1.75,8.));
#937 = DIRECTION('',(0.,-1.33226762955E-15,-1.));
#938 = DIRECTION('',(1.,0.,0.));
#939 = PCURVE('',#689,#940);
#940 = DEFINITIONAL_REPRESENTATION('',(#941),#945);
#941 = LINE('',#942,#943);
#942 = CARTESIAN_POINT('',(-6.28318530718,-0.4));
#943 = VECTOR('',#944,1.);
#944 = DIRECTION('',(1.,-0.));
#945 = ( GEOMETRIC_REPRESENTATION_CONTEXT(2) 
PARAMETRIC_REPRESENTATION_CONTEXT() REPRESENTATION_CONTEXT('2D SPACE',''
  ) );
#946 = PCURVE('',#838,#947);
#947 = DEFINITIONAL_REPRESENTATION('',(#948),#952);
#948 = CIRCLE('',#949,1.346291);
#949 = AXIS2_PLACEMENT_2D('',#950,#951);
#950 = CARTESIAN_POINT('',(-1.254202583648E-16,-2.22044604925E-16));
#951 = DIRECTION('',(-1.,1.577721810442E-30));
#952 = ( GEOMETRIC_REPRESENTATION_CONTEXT(2) 
PARAMETRIC_REPRESENTATION_CONTEXT() REPRESENTATION_CONTEXT('2D SPACE',''
  ) );
#953 = ORIENTED_EDGE('',*,*,#954,.F.);
#954 = EDGE_CURVE('',#678,#931,#955,.T.);
#955 = SURFACE_CURVE('',#956,(#960,#967),.PCURVE_S1.);
#956 = LINE('',#957,#958);
#957 = CARTESIAN_POINT('',(0.25,-3.072875450177,7.6));
#958 = VECTOR('',#959,1.);
#959 = DIRECTION('',(0.,-1.33226762955E-15,-1.));
#960 = PCURVE('',#689,#961);
#961 = DEFINITIONAL_REPRESENTATION('',(#962),#966);
#962 = LINE('',#963,#964);
#963 = CARTESIAN_POINT('',(-4.899168469791,-5.497687224259E-17));
#964 = VECTOR('',#965,1.);
#965 = DIRECTION('',(-0.,1.));
#966 = ( GEOMETRIC_REPRESENTATION_CONTEXT(2) 
PARAMETRIC_REPRESENTATION_CONTEXT() REPRESENTATION_CONTEXT('2D SPACE',''
  ) );
#967 = PCURVE('',#809,#968);
#968 = DEFINITIONAL_REPRESENTATION('',(#969),#973);
#969 = LINE('',#970,#971);
#970 = CARTESIAN_POINT('',(2.822875450177,-1.2));
#971 = VECTOR('',#972,1.);
#972 = DIRECTION('',(6.319826598853E-17,-1.));
#973 = ( GEOMETRIC_REPRESENTATION_CONTEXT(2) 
PARAMETRIC_REPRESENTATION_CONTEXT() REPRESENTATION_CONTEXT('2D SPACE',''
  ) );
#974 = ADVANCED_FACE('',(#975),#701,.T.);
#975 = FACE_BOUND('',#976,.T.);
#976 = EDGE_LOOP('',(#977,#978,#1002,#1031));
#977 = ORIENTED_EDGE('',*,*,#677,.T.);
#978 = ORIENTED_EDGE('',*,*,#979,.T.);
#979 = EDGE_CURVE('',#680,#980,#982,.T.);
#980 = VERTEX_POINT('',#981);
#981 = CARTESIAN_POINT('',(1.146291,-1.75,8.8));
#982 = SURFACE_CURVE('',#983,(#988,#995),.PCURVE_S1.);
#983 = CIRCLE('',#984,0.2);
#984 = AXIS2_PLACEMENT_3D('',#985,#986,#987);
#985 = CARTESIAN_POINT('',(1.146291,-1.75,8.6));
#986 = DIRECTION('',(-5.658374658399E-17,-1.,1.269069363562E-15));
#987 = DIRECTION('',(1.,-5.658374658399E-17,2.199074889703E-16));
#988 = PCURVE('',#701,#989);
#989 = DEFINITIONAL_REPRESENTATION('',(#990),#994);
#990 = LINE('',#991,#992);
#991 = CARTESIAN_POINT('',(6.28318530718,0.));
#992 = VECTOR('',#993,1.);
#993 = DIRECTION('',(0.,1.));
#994 = ( GEOMETRIC_REPRESENTATION_CONTEXT(2) 
PARAMETRIC_REPRESENTATION_CONTEXT() REPRESENTATION_CONTEXT('2D SPACE',''
  ) );
#995 = PCURVE('',#781,#996);
#996 = DEFINITIONAL_REPRESENTATION('',(#997),#1001);
#997 = LINE('',#998,#999);
#998 = CARTESIAN_POINT('',(0.,0.));
#999 = VECTOR('',#1000,1.);
#1000 = DIRECTION('',(0.,1.));
#1001 = ( GEOMETRIC_REPRESENTATION_CONTEXT(2) 
PARAMETRIC_REPRESENTATION_CONTEXT() REPRESENTATION_CONTEXT('2D SPACE',''
  ) );
#1002 = ORIENTED_EDGE('',*,*,#1003,.F.);
#1003 = EDGE_CURVE('',#1004,#980,#1006,.T.);
#1004 = VERTEX_POINT('',#1005);
#1005 = CARTESIAN_POINT('',(0.25,-2.868697035252,8.8));
#1006 = SURFACE_CURVE('',#1007,(#1012,#1019),.PCURVE_S1.);
#1007 = CIRCLE('',#1008,1.146291);
#1008 = AXIS2_PLACEMENT_3D('',#1009,#1010,#1011);
#1009 = CARTESIAN_POINT('',(-2.638889867644E-16,-1.75,8.8));
#1010 = DIRECTION('',(-2.199074889703E-16,1.269069363562E-15,1.));
#1011 = DIRECTION('',(1.,-5.658374658399E-17,2.199074889703E-16));
#1012 = PCURVE('',#701,#1013);
#1013 = DEFINITIONAL_REPRESENTATION('',(#1014),#1018);
#1014 = LINE('',#1015,#1016);
#1015 = CARTESIAN_POINT('',(0.,1.570796326795));
#1016 = VECTOR('',#1017,1.);
#1017 = DIRECTION('',(1.,0.));
#1018 = ( GEOMETRIC_REPRESENTATION_CONTEXT(2) 
PARAMETRIC_REPRESENTATION_CONTEXT() REPRESENTATION_CONTEXT('2D SPACE',''
  ) );
#1019 = PCURVE('',#1020,#1025);
#1020 = PLANE('',#1021);
#1021 = AXIS2_PLACEMENT_3D('',#1022,#1023,#1024);
#1022 = CARTESIAN_POINT('',(-3.174091198846E-17,-1.75,8.8));
#1023 = DIRECTION('',(-2.199074889703E-16,1.269069363562E-15,1.));
#1024 = DIRECTION('',(0.,1.,-1.269069363562E-15));
#1025 = DEFINITIONAL_REPRESENTATION('',(#1026),#1030);
#1026 = CIRCLE('',#1027,1.146291);
#1027 = AXIS2_PLACEMENT_2D('',#1028,#1029);
#1028 = CARTESIAN_POINT('',(2.22044604925E-16,2.32148074776E-16));
#1029 = DIRECTION('',(-5.658374658399E-17,-1.));
#1030 = ( GEOMETRIC_REPRESENTATION_CONTEXT(2) 
PARAMETRIC_REPRESENTATION_CONTEXT() REPRESENTATION_CONTEXT('2D SPACE',''
  ) );
#1031 = ORIENTED_EDGE('',*,*,#1032,.F.);
#1032 = EDGE_CURVE('',#678,#1004,#1033,.T.);
#1033 = SURFACE_CURVE('',#1034,(#1047,#1063),.PCURVE_S1.);
#1034 = B_SPLINE_CURVE_WITH_KNOTS('',6,(#1035,#1036,#1037,#1038,#1039,
    #1040,#1041,#1042,#1043,#1044,#1045,#1046),.UNSPECIFIED.,.F.,.F.,(7,
    5,7),(0.,0.501391006524,1.),.UNSPECIFIED.);
#1035 = CARTESIAN_POINT('',(0.25,-3.072875450177,8.6));
#1036 = CARTESIAN_POINT('',(0.25,-3.072875447503,8.626270699116));
#1037 = CARTESIAN_POINT('',(0.25,-3.068661270857,8.652542489742));
#1038 = CARTESIAN_POINT('',(0.25,-3.060232162601,8.67799539583));
#1039 = CARTESIAN_POINT('',(0.25,-3.047806864725,8.701812567923));
#1040 = CARTESIAN_POINT('',(0.25,-3.031814685769,8.723266619073));
#1041 = CARTESIAN_POINT('',(0.25,-2.993972533745,8.760198299219));
#1042 = CARTESIAN_POINT('',(0.25,-2.972154048871,8.775709906246));
#1043 = CARTESIAN_POINT('',(0.25,-2.947960146428,8.787753529458));
#1044 = CARTESIAN_POINT('',(0.25,-2.922113597718,8.795918735856));
#1045 = CARTESIAN_POINT('',(0.25,-2.895421210397,8.799999997396));
#1046 = CARTESIAN_POINT('',(0.25,-2.868697035252,8.8));
#1047 = PCURVE('',#701,#1048);
#1048 = DEFINITIONAL_REPRESENTATION('',(#1049),#1062);
#1049 = B_SPLINE_CURVE_WITH_KNOTS('',6,(#1050,#1051,#1052,#1053,#1054,
    #1055,#1056,#1057,#1058,#1059,#1060,#1061),.UNSPECIFIED.,.F.,.F.,(7,
    5,7),(0.,0.501391006524,1.),.UNSPECIFIED.);
#1050 = CARTESIAN_POINT('',(4.899168469791,0.));
#1051 = CARTESIAN_POINT('',(4.89916847016,0.131353495578));
#1052 = CARTESIAN_POINT('',(4.899749734703,0.26271249152));
#1053 = CARTESIAN_POINT('',(4.900912376647,0.394056225442));
#1054 = CARTESIAN_POINT('',(4.902653018151,0.525382584939));
#1055 = CARTESIAN_POINT('',(4.90496613264,0.656690751125));
#1056 = CARTESIAN_POINT('',(4.910674649246,0.918509955439));
#1057 = CARTESIAN_POINT('',(4.914064242068,1.049031869767));
#1058 = CARTESIAN_POINT('',(4.917974010753,1.179515040111));
#1059 = CARTESIAN_POINT('',(4.92236522839,1.309965009584));
#1060 = CARTESIAN_POINT('',(4.927166160906,1.440392024875));
#1061 = CARTESIAN_POINT('',(4.932250734501,1.570796326795));
#1062 = ( GEOMETRIC_REPRESENTATION_CONTEXT(2) 
PARAMETRIC_REPRESENTATION_CONTEXT() REPRESENTATION_CONTEXT('2D SPACE',''
  ) );
#1063 = PCURVE('',#809,#1064);
#1064 = DEFINITIONAL_REPRESENTATION('',(#1065),#1078);
#1065 = B_SPLINE_CURVE_WITH_KNOTS('',6,(#1066,#1067,#1068,#1069,#1070,
    #1071,#1072,#1073,#1074,#1075,#1076,#1077),.UNSPECIFIED.,.F.,.F.,(7,
    5,7),(0.,0.501391006524,1.),.UNSPECIFIED.);
#1066 = CARTESIAN_POINT('',(2.822875450177,-0.2));
#1067 = CARTESIAN_POINT('',(2.822875447503,-0.173729300884));
#1068 = CARTESIAN_POINT('',(2.818661270857,-0.147457510258));
#1069 = CARTESIAN_POINT('',(2.810232162601,-0.12200460417));
#1070 = CARTESIAN_POINT('',(2.797806864725,-9.818743207684E-02));
#1071 = CARTESIAN_POINT('',(2.781814685769,-7.673338092676E-02));
#1072 = CARTESIAN_POINT('',(2.743972533745,-3.980170078071E-02));
#1073 = CARTESIAN_POINT('',(2.722154048871,-2.429009375436E-02));
#1074 = CARTESIAN_POINT('',(2.697960146428,-1.224647054207E-02));
#1075 = CARTESIAN_POINT('',(2.672113597718,-4.081264144371E-03));
#1076 = CARTESIAN_POINT('',(2.645421210397,-2.604124915706E-09));
#1077 = CARTESIAN_POINT('',(2.618697035252,1.7763568394E-15));
#1078 = ( GEOMETRIC_REPRESENTATION_CONTEXT(2) 
PARAMETRIC_REPRESENTATION_CONTEXT() REPRESENTATION_CONTEXT('2D SPACE',''
  ) );
#1079 = ADVANCED_FACE('',(#1080),#809,.T.);
#1080 = FACE_BOUND('',#1081,.T.);
#1081 = EDGE_LOOP('',(#1082,#1105,#1153,#1154,#1175,#1176));
#1082 = ORIENTED_EDGE('',*,*,#1083,.F.);
#1083 = EDGE_CURVE('',#1084,#1004,#1086,.T.);
#1084 = VERTEX_POINT('',#1085);
#1085 = CARTESIAN_POINT('',(0.25,-0.631302964748,8.8));
#1086 = SURFACE_CURVE('',#1087,(#1091,#1098),.PCURVE_S1.);
#1087 = LINE('',#1088,#1089);
#1088 = CARTESIAN_POINT('',(0.25,-0.25,8.8));
#1089 = VECTOR('',#1090,1.);
#1090 = DIRECTION('',(3.284293275761E-47,-1.,1.269069363562E-15));
#1091 = PCURVE('',#809,#1092);
#1092 = DEFINITIONAL_REPRESENTATION('',(#1093),#1097);
#1093 = LINE('',#1094,#1095);
#1094 = CARTESIAN_POINT('',(2.775557561563E-17,-3.522375068181E-32));
#1095 = VECTOR('',#1096,1.);
#1096 = DIRECTION('',(1.,0.));
#1097 = ( GEOMETRIC_REPRESENTATION_CONTEXT(2) 
PARAMETRIC_REPRESENTATION_CONTEXT() REPRESENTATION_CONTEXT('2D SPACE',''
  ) );
#1098 = PCURVE('',#1020,#1099);
#1099 = DEFINITIONAL_REPRESENTATION('',(#1100),#1104);
#1100 = LINE('',#1101,#1102);
#1101 = CARTESIAN_POINT('',(1.5,-0.25));
#1102 = VECTOR('',#1103,1.);
#1103 = DIRECTION('',(-1.,-2.189528850508E-47));
#1104 = ( GEOMETRIC_REPRESENTATION_CONTEXT(2) 
PARAMETRIC_REPRESENTATION_CONTEXT() REPRESENTATION_CONTEXT('2D SPACE',''
  ) );
#1105 = ORIENTED_EDGE('',*,*,#1106,.F.);
#1106 = EDGE_CURVE('',#765,#1084,#1107,.T.);
#1107 = SURFACE_CURVE('',#1108,(#1121,#1137),.PCURVE_S1.);
#1108 = B_SPLINE_CURVE_WITH_KNOTS('',6,(#1109,#1110,#1111,#1112,#1113,
    #1114,#1115,#1116,#1117,#1118,#1119,#1120),.UNSPECIFIED.,.F.,.F.,(7,
    5,7),(0.,0.501391006501,1.),.UNSPECIFIED.);
#1109 = CARTESIAN_POINT('',(0.25,-0.427124549823,8.6));
#1110 = CARTESIAN_POINT('',(0.25,-0.427124552497,8.626270699114));
#1111 = CARTESIAN_POINT('',(0.25,-0.431338729143,8.65254248974));
#1112 = CARTESIAN_POINT('',(0.25,-0.439767837398,8.677995395827));
#1113 = CARTESIAN_POINT('',(0.25,-0.452193135273,8.701812567919));
#1114 = CARTESIAN_POINT('',(0.25,-0.468185314228,8.723266619068));
#1115 = CARTESIAN_POINT('',(0.25,-0.50602746625,8.760198299216));
#1116 = CARTESIAN_POINT('',(0.25,-0.527845951124,8.775709906243));
#1117 = CARTESIAN_POINT('',(0.25,-0.552039853568,8.787753529457));
#1118 = CARTESIAN_POINT('',(0.25,-0.57788640228,8.795918735855));
#1119 = CARTESIAN_POINT('',(0.25,-0.604578789602,8.799999997396));
#1120 = CARTESIAN_POINT('',(0.25,-0.631302964748,8.8));
#1121 = PCURVE('',#809,#1122);
#1122 = DEFINITIONAL_REPRESENTATION('',(#1123),#1136);
#1123 = B_SPLINE_CURVE_WITH_KNOTS('',6,(#1124,#1125,#1126,#1127,#1128,
    #1129,#1130,#1131,#1132,#1133,#1134,#1135),.UNSPECIFIED.,.F.,.F.,(7,
    5,7),(0.,0.501391006501,1.),.UNSPECIFIED.);
#1124 = CARTESIAN_POINT('',(0.177124549823,-0.2));
#1125 = CARTESIAN_POINT('',(0.177124552497,-0.173729300886));
#1126 = CARTESIAN_POINT('',(0.181338729143,-0.14745751026));
#1127 = CARTESIAN_POINT('',(0.189767837398,-0.122004604173));
#1128 = CARTESIAN_POINT('',(0.202193135273,-9.818743208132E-02));
#1129 = CARTESIAN_POINT('',(0.218185314228,-7.673338093181E-02));
#1130 = CARTESIAN_POINT('',(0.25602746625,-3.98017007844E-02));
#1131 = CARTESIAN_POINT('',(0.277845951124,-2.429009375661E-02));
#1132 = CARTESIAN_POINT('',(0.302039853568,-1.224647054326E-02));
#1133 = CARTESIAN_POINT('',(0.32788640228,-4.081264144745E-03));
#1134 = CARTESIAN_POINT('',(0.354578789602,-2.604124915706E-09));
#1135 = CARTESIAN_POINT('',(0.381302964748,1.7763568394E-15));
#1136 = ( GEOMETRIC_REPRESENTATION_CONTEXT(2) 
PARAMETRIC_REPRESENTATION_CONTEXT() REPRESENTATION_CONTEXT('2D SPACE',''
  ) );
#1137 = PCURVE('',#781,#1138);
#1138 = DEFINITIONAL_REPRESENTATION('',(#1139),#1152);
#1139 = B_SPLINE_CURVE_WITH_KNOTS('',6,(#1140,#1141,#1142,#1143,#1144,
    #1145,#1146,#1147,#1148,#1149,#1150,#1151),.UNSPECIFIED.,.F.,.F.,(7,
    5,7),(0.,0.501391006501,1.),.UNSPECIFIED.);
#1140 = CARTESIAN_POINT('',(1.384016837388,0.));
#1141 = CARTESIAN_POINT('',(1.38401683702,0.131353495571));
#1142 = CARTESIAN_POINT('',(1.383435572476,0.262712491508));
#1143 = CARTESIAN_POINT('',(1.382272930532,0.394056225424));
#1144 = CARTESIAN_POINT('',(1.380532289029,0.525382584914));
#1145 = CARTESIAN_POINT('',(1.37821917454,0.656690751094));
#1146 = CARTESIAN_POINT('',(1.372510657934,0.918509955408));
#1147 = CARTESIAN_POINT('',(1.369121065113,1.049031869743));
#1148 = CARTESIAN_POINT('',(1.365211296427,1.179515040092));
#1149 = CARTESIAN_POINT('',(1.36082007879,1.309965009572));
#1150 = CARTESIAN_POINT('',(1.356019146273,1.440392024868));
#1151 = CARTESIAN_POINT('',(1.350934572679,1.570796326795));
#1152 = ( GEOMETRIC_REPRESENTATION_CONTEXT(2) 
PARAMETRIC_REPRESENTATION_CONTEXT() REPRESENTATION_CONTEXT('2D SPACE',''
  ) );
#1153 = ORIENTED_EDGE('',*,*,#793,.T.);
#1154 = ORIENTED_EDGE('',*,*,#1155,.T.);
#1155 = EDGE_CURVE('',#794,#931,#1156,.T.);
#1156 = SURFACE_CURVE('',#1157,(#1161,#1168),.PCURVE_S1.);
#1157 = LINE('',#1158,#1159);
#1158 = CARTESIAN_POINT('',(0.25,-0.25,8.));
#1159 = VECTOR('',#1160,1.);
#1160 = DIRECTION('',(3.284293275761E-47,-1.,1.269069363562E-15));
#1161 = PCURVE('',#809,#1162);
#1162 = DEFINITIONAL_REPRESENTATION('',(#1163),#1167);
#1163 = LINE('',#1164,#1165);
#1164 = CARTESIAN_POINT('',(1.170080692894E-17,-0.8));
#1165 = VECTOR('',#1166,1.);
#1166 = DIRECTION('',(1.,0.));
#1167 = ( GEOMETRIC_REPRESENTATION_CONTEXT(2) 
PARAMETRIC_REPRESENTATION_CONTEXT() REPRESENTATION_CONTEXT('2D SPACE',''
  ) );
#1168 = PCURVE('',#838,#1169);
#1169 = DEFINITIONAL_REPRESENTATION('',(#1170),#1174);
#1170 = LINE('',#1171,#1172);
#1171 = CARTESIAN_POINT('',(-0.25,1.5));
#1172 = VECTOR('',#1173,1.);
#1173 = DIRECTION('',(-1.465459138415E-30,-1.));
#1174 = ( GEOMETRIC_REPRESENTATION_CONTEXT(2) 
PARAMETRIC_REPRESENTATION_CONTEXT() REPRESENTATION_CONTEXT('2D SPACE',''
  ) );
#1175 = ORIENTED_EDGE('',*,*,#954,.F.);
#1176 = ORIENTED_EDGE('',*,*,#1032,.T.);
#1177 = ADVANCED_FACE('',(#1178),#838,.F.);
#1178 = FACE_BOUND('',#1179,.F.);
#1179 = EDGE_LOOP('',(#1180,#1201,#1202,#1203));
#1180 = ORIENTED_EDGE('',*,*,#1181,.T.);
#1181 = EDGE_CURVE('',#908,#822,#1182,.T.);
#1182 = SURFACE_CURVE('',#1183,(#1187,#1194),.PCURVE_S1.);
#1183 = LINE('',#1184,#1185);
#1184 = CARTESIAN_POINT('',(-0.25,-3.25,8.));
#1185 = VECTOR('',#1186,1.);
#1186 = DIRECTION('',(-3.284293275761E-47,1.,-1.269069363562E-15));
#1187 = PCURVE('',#838,#1188);
#1188 = DEFINITIONAL_REPRESENTATION('',(#1189),#1193);
#1189 = LINE('',#1190,#1191);
#1190 = CARTESIAN_POINT('',(0.25,-1.5));
#1191 = VECTOR('',#1192,1.);
#1192 = DIRECTION('',(1.465459138415E-30,1.));
#1193 = ( GEOMETRIC_REPRESENTATION_CONTEXT(2) 
PARAMETRIC_REPRESENTATION_CONTEXT() REPRESENTATION_CONTEXT('2D SPACE',''
  ) );
#1194 = PCURVE('',#866,#1195);
#1195 = DEFINITIONAL_REPRESENTATION('',(#1196),#1200);
#1196 = LINE('',#1197,#1198);
#1197 = CARTESIAN_POINT('',(1.270770711492E-16,-0.8));
#1198 = VECTOR('',#1199,1.);
#1199 = DIRECTION('',(1.,0.));
#1200 = ( GEOMETRIC_REPRESENTATION_CONTEXT(2) 
PARAMETRIC_REPRESENTATION_CONTEXT() REPRESENTATION_CONTEXT('2D SPACE',''
  ) );
#1201 = ORIENTED_EDGE('',*,*,#821,.T.);
#1202 = ORIENTED_EDGE('',*,*,#1155,.T.);
#1203 = ORIENTED_EDGE('',*,*,#930,.T.);
#1204 = ADVANCED_FACE('',(#1205),#866,.T.);
#1205 = FACE_BOUND('',#1206,.T.);
#1206 = EDGE_LOOP('',(#1207,#1237,#1285,#1286,#1287,#1288));
#1207 = ORIENTED_EDGE('',*,*,#1208,.F.);
#1208 = EDGE_CURVE('',#1209,#1211,#1213,.T.);
#1209 = VERTEX_POINT('',#1210);
#1210 = CARTESIAN_POINT('',(-0.25,-2.868697035252,8.8));
#1211 = VERTEX_POINT('',#1212);
#1212 = CARTESIAN_POINT('',(-0.25,-0.631302964748,8.8));
#1213 = SURFACE_CURVE('',#1214,(#1218,#1225),.PCURVE_S1.);
#1214 = LINE('',#1215,#1216);
#1215 = CARTESIAN_POINT('',(-0.25,-3.25,8.8));
#1216 = VECTOR('',#1217,1.);
#1217 = DIRECTION('',(-3.284293275761E-47,1.,-1.269069363562E-15));
#1218 = PCURVE('',#866,#1219);
#1219 = DEFINITIONAL_REPRESENTATION('',(#1220),#1224);
#1220 = LINE('',#1221,#1222);
#1221 = CARTESIAN_POINT('',(-2.254320043636E-30,1.7763568394E-15));
#1222 = VECTOR('',#1223,1.);
#1223 = DIRECTION('',(1.,0.));
#1224 = ( GEOMETRIC_REPRESENTATION_CONTEXT(2) 
PARAMETRIC_REPRESENTATION_CONTEXT() REPRESENTATION_CONTEXT('2D SPACE',''
  ) );
#1225 = PCURVE('',#1226,#1231);
#1226 = PLANE('',#1227);
#1227 = AXIS2_PLACEMENT_3D('',#1228,#1229,#1230);
#1228 = CARTESIAN_POINT('',(-3.174091198846E-17,-1.75,8.8));
#1229 = DIRECTION('',(-2.199074889703E-16,1.269069363562E-15,1.));
#1230 = DIRECTION('',(0.,1.,-1.269069363562E-15));
#1231 = DEFINITIONAL_REPRESENTATION('',(#1232),#1236);
#1232 = LINE('',#1233,#1234);
#1233 = CARTESIAN_POINT('',(-1.5,0.25));
#1234 = VECTOR('',#1235,1.);
#1235 = DIRECTION('',(1.,2.189528850508E-47));
#1236 = ( GEOMETRIC_REPRESENTATION_CONTEXT(2) 
PARAMETRIC_REPRESENTATION_CONTEXT() REPRESENTATION_CONTEXT('2D SPACE',''
  ) );
#1237 = ORIENTED_EDGE('',*,*,#1238,.F.);
#1238 = EDGE_CURVE('',#879,#1209,#1239,.T.);
#1239 = SURFACE_CURVE('',#1240,(#1253,#1269),.PCURVE_S1.);
#1240 = B_SPLINE_CURVE_WITH_KNOTS('',6,(#1241,#1242,#1243,#1244,#1245,
    #1246,#1247,#1248,#1249,#1250,#1251,#1252),.UNSPECIFIED.,.F.,.F.,(7,
    5,7),(0.,0.501391006492,1.),.UNSPECIFIED.);
#1241 = CARTESIAN_POINT('',(-0.25,-3.072875450177,8.6));
#1242 = CARTESIAN_POINT('',(-0.25,-3.072875447503,8.626270699114));
#1243 = CARTESIAN_POINT('',(-0.25,-3.068661270858,8.652542489739));
#1244 = CARTESIAN_POINT('',(-0.25,-3.060232162603,8.677995395825));
#1245 = CARTESIAN_POINT('',(-0.25,-3.047806864728,8.701812567917));
#1246 = CARTESIAN_POINT('',(-0.25,-3.031814685774,8.723266619067));
#1247 = CARTESIAN_POINT('',(-0.25,-2.993972533752,8.760198299214));
#1248 = CARTESIAN_POINT('',(-0.25,-2.972154048877,8.775709906243));
#1249 = CARTESIAN_POINT('',(-0.25,-2.947960146433,8.787753529456));
#1250 = CARTESIAN_POINT('',(-0.25,-2.922113597721,8.795918735855));
#1251 = CARTESIAN_POINT('',(-0.25,-2.895421210399,8.799999997396));
#1252 = CARTESIAN_POINT('',(-0.25,-2.868697035252,8.8));
#1253 = PCURVE('',#866,#1254);
#1254 = DEFINITIONAL_REPRESENTATION('',(#1255),#1268);
#1255 = B_SPLINE_CURVE_WITH_KNOTS('',6,(#1256,#1257,#1258,#1259,#1260,
    #1261,#1262,#1263,#1264,#1265,#1266,#1267),.UNSPECIFIED.,.F.,.F.,(7,
    5,7),(0.,0.501391006492,1.),.UNSPECIFIED.);
#1256 = CARTESIAN_POINT('',(0.177124549823,-0.2));
#1257 = CARTESIAN_POINT('',(0.177124552497,-0.173729300886));
#1258 = CARTESIAN_POINT('',(0.181338729142,-0.147457510261));
#1259 = CARTESIAN_POINT('',(0.189767837397,-0.122004604175));
#1260 = CARTESIAN_POINT('',(0.202193135272,-9.81874320828E-02));
#1261 = CARTESIAN_POINT('',(0.218185314226,-7.67333809335E-02));
#1262 = CARTESIAN_POINT('',(0.256027466248,-3.980170078561E-02));
#1263 = CARTESIAN_POINT('',(0.277845951123,-2.429009375741E-02));
#1264 = CARTESIAN_POINT('',(0.302039853567,-1.224647054362E-02));
#1265 = CARTESIAN_POINT('',(0.327886402279,-4.081264144888E-03));
#1266 = CARTESIAN_POINT('',(0.354578789601,-2.604124915706E-09));
#1267 = CARTESIAN_POINT('',(0.381302964748,1.7763568394E-15));
#1268 = ( GEOMETRIC_REPRESENTATION_CONTEXT(2) 
PARAMETRIC_REPRESENTATION_CONTEXT() REPRESENTATION_CONTEXT('2D SPACE',''
  ) );
#1269 = PCURVE('',#895,#1270);
#1270 = DEFINITIONAL_REPRESENTATION('',(#1271),#1284);
#1271 = B_SPLINE_CURVE_WITH_KNOTS('',6,(#1272,#1273,#1274,#1275,#1276,
    #1277,#1278,#1279,#1280,#1281,#1282,#1283),.UNSPECIFIED.,.F.,.F.,(7,
    5,7),(0.,0.501391006492,1.),.UNSPECIFIED.);
#1272 = CARTESIAN_POINT('',(4.525609490978,0.));
#1273 = CARTESIAN_POINT('',(4.525609490609,0.131353495569));
#1274 = CARTESIAN_POINT('',(4.525028226066,0.262712491504));
#1275 = CARTESIAN_POINT('',(4.523865584122,0.394056225417));
#1276 = CARTESIAN_POINT('',(4.522124942619,0.525382584906));
#1277 = CARTESIAN_POINT('',(4.51981182813,0.656690751084));
#1278 = CARTESIAN_POINT('',(4.514103311525,0.918509955398));
#1279 = CARTESIAN_POINT('',(4.510713718703,1.049031869734));
#1280 = CARTESIAN_POINT('',(4.506803950017,1.179515040086));
#1281 = CARTESIAN_POINT('',(4.50241273238,1.309965009568));
#1282 = CARTESIAN_POINT('',(4.497611799863,1.440392024867));
#1283 = CARTESIAN_POINT('',(4.492527226269,1.570796326795));
#1284 = ( GEOMETRIC_REPRESENTATION_CONTEXT(2) 
PARAMETRIC_REPRESENTATION_CONTEXT() REPRESENTATION_CONTEXT('2D SPACE',''
  ) );
#1285 = ORIENTED_EDGE('',*,*,#907,.T.);
#1286 = ORIENTED_EDGE('',*,*,#1181,.T.);
#1287 = ORIENTED_EDGE('',*,*,#850,.F.);
#1288 = ORIENTED_EDGE('',*,*,#1289,.T.);
#1289 = EDGE_CURVE('',#851,#1211,#1290,.T.);
#1290 = SURFACE_CURVE('',#1291,(#1304,#1320),.PCURVE_S1.);
#1291 = B_SPLINE_CURVE_WITH_KNOTS('',6,(#1292,#1293,#1294,#1295,#1296,
    #1297,#1298,#1299,#1300,#1301,#1302,#1303),.UNSPECIFIED.,.F.,.F.,(7,
    5,7),(0.,0.501391006508,1.),.UNSPECIFIED.);
#1292 = CARTESIAN_POINT('',(-0.25,-0.427124549823,8.6));
#1293 = CARTESIAN_POINT('',(-0.25,-0.427124552497,8.626270699115));
#1294 = CARTESIAN_POINT('',(-0.25,-0.431338729143,8.65254248974));
#1295 = CARTESIAN_POINT('',(-0.25,-0.439767837398,8.677995395828));
#1296 = CARTESIAN_POINT('',(-0.25,-0.452193135274,8.70181256792));
#1297 = CARTESIAN_POINT('',(-0.25,-0.468185314229,8.72326661907));
#1298 = CARTESIAN_POINT('',(-0.25,-0.506027466252,8.760198299217));
#1299 = CARTESIAN_POINT('',(-0.25,-0.527845951126,8.775709906244));
#1300 = CARTESIAN_POINT('',(-0.25,-0.552039853569,8.787753529457));
#1301 = CARTESIAN_POINT('',(-0.25,-0.577886402281,8.795918735855));
#1302 = CARTESIAN_POINT('',(-0.25,-0.604578789602,8.799999997396));
#1303 = CARTESIAN_POINT('',(-0.25,-0.631302964748,8.8));
#1304 = PCURVE('',#866,#1305);
#1305 = DEFINITIONAL_REPRESENTATION('',(#1306),#1319);
#1306 = B_SPLINE_CURVE_WITH_KNOTS('',6,(#1307,#1308,#1309,#1310,#1311,
    #1312,#1313,#1314,#1315,#1316,#1317,#1318),.UNSPECIFIED.,.F.,.F.,(7,
    5,7),(0.,0.501391006508,1.),.UNSPECIFIED.);
#1307 = CARTESIAN_POINT('',(2.822875450177,-0.2));
#1308 = CARTESIAN_POINT('',(2.822875447503,-0.173729300885));
#1309 = CARTESIAN_POINT('',(2.818661270857,-0.14745751026));
#1310 = CARTESIAN_POINT('',(2.810232162602,-0.122004604172));
#1311 = CARTESIAN_POINT('',(2.797806864726,-9.818743207982E-02));
#1312 = CARTESIAN_POINT('',(2.781814685771,-7.673338093013E-02));
#1313 = CARTESIAN_POINT('',(2.743972533748,-3.980170078315E-02));
#1314 = CARTESIAN_POINT('',(2.722154048874,-2.429009375592E-02));
#1315 = CARTESIAN_POINT('',(2.697960146431,-1.224647054281E-02));
#1316 = CARTESIAN_POINT('',(2.672113597719,-4.081264144641E-03));
#1317 = CARTESIAN_POINT('',(2.645421210398,-2.604124915706E-09));
#1318 = CARTESIAN_POINT('',(2.618697035252,1.7763568394E-15));
#1319 = ( GEOMETRIC_REPRESENTATION_CONTEXT(2) 
PARAMETRIC_REPRESENTATION_CONTEXT() REPRESENTATION_CONTEXT('2D SPACE',''
  ) );
#1320 = PCURVE('',#895,#1321);
#1321 = DEFINITIONAL_REPRESENTATION('',(#1322),#1335);
#1322 = B_SPLINE_CURVE_WITH_KNOTS('',6,(#1323,#1324,#1325,#1326,#1327,
    #1328,#1329,#1330,#1331,#1332,#1333,#1334),.UNSPECIFIED.,.F.,.F.,(7,
    5,7),(0.,0.501391006508,1.),.UNSPECIFIED.);
#1323 = CARTESIAN_POINT('',(1.757575816201,0.));
#1324 = CARTESIAN_POINT('',(1.75757581657,0.131353495573));
#1325 = CARTESIAN_POINT('',(1.758157081113,0.262712491512));
#1326 = CARTESIAN_POINT('',(1.759319723058,0.39405622543));
#1327 = CARTESIAN_POINT('',(1.761060364561,0.525382584922));
#1328 = CARTESIAN_POINT('',(1.76337347905,0.656690751105));
#1329 = CARTESIAN_POINT('',(1.769081995656,0.918509955419));
#1330 = CARTESIAN_POINT('',(1.772471588478,1.04903186975));
#1331 = CARTESIAN_POINT('',(1.776381357163,1.179515040099));
#1332 = CARTESIAN_POINT('',(1.7807725748,1.309965009576));
#1333 = CARTESIAN_POINT('',(1.785573507316,1.440392024871));
#1334 = CARTESIAN_POINT('',(1.790658080911,1.570796326795));
#1335 = ( GEOMETRIC_REPRESENTATION_CONTEXT(2) 
PARAMETRIC_REPRESENTATION_CONTEXT() REPRESENTATION_CONTEXT('2D SPACE',''
  ) );
#1336 = ADVANCED_FACE('',(#1337),#895,.T.);
#1337 = FACE_BOUND('',#1338,.T.);
#1338 = EDGE_LOOP('',(#1339,#1340,#1341,#1342));
#1339 = ORIENTED_EDGE('',*,*,#1289,.F.);
#1340 = ORIENTED_EDGE('',*,*,#878,.T.);
#1341 = ORIENTED_EDGE('',*,*,#1238,.T.);
#1342 = ORIENTED_EDGE('',*,*,#1343,.F.);
#1343 = EDGE_CURVE('',#1211,#1209,#1344,.T.);
#1344 = SURFACE_CURVE('',#1345,(#1350,#1357),.PCURVE_S1.);
#1345 = CIRCLE('',#1346,1.146291);
#1346 = AXIS2_PLACEMENT_3D('',#1347,#1348,#1349);
#1347 = CARTESIAN_POINT('',(-2.638889867644E-16,-1.75,8.8));
#1348 = DIRECTION('',(-2.199074889703E-16,1.269069363562E-15,1.));
#1349 = DIRECTION('',(1.,-5.658374658399E-17,2.199074889703E-16));
#1350 = PCURVE('',#895,#1351);
#1351 = DEFINITIONAL_REPRESENTATION('',(#1352),#1356);
#1352 = LINE('',#1353,#1354);
#1353 = CARTESIAN_POINT('',(0.,1.570796326795));
#1354 = VECTOR('',#1355,1.);
#1355 = DIRECTION('',(1.,0.));
#1356 = ( GEOMETRIC_REPRESENTATION_CONTEXT(2) 
PARAMETRIC_REPRESENTATION_CONTEXT() REPRESENTATION_CONTEXT('2D SPACE',''
  ) );
#1357 = PCURVE('',#1226,#1358);
#1358 = DEFINITIONAL_REPRESENTATION('',(#1359),#1363);
#1359 = CIRCLE('',#1360,1.146291);
#1360 = AXIS2_PLACEMENT_2D('',#1361,#1362);
#1361 = CARTESIAN_POINT('',(2.22044604925E-16,2.32148074776E-16));
#1362 = DIRECTION('',(-5.658374658399E-17,-1.));
#1363 = ( GEOMETRIC_REPRESENTATION_CONTEXT(2) 
PARAMETRIC_REPRESENTATION_CONTEXT() REPRESENTATION_CONTEXT('2D SPACE',''
  ) );
#1364 = ADVANCED_FACE('',(#1365),#781,.T.);
#1365 = FACE_BOUND('',#1366,.T.);
#1366 = EDGE_LOOP('',(#1367,#1368,#1369,#1370));
#1367 = ORIENTED_EDGE('',*,*,#979,.F.);
#1368 = ORIENTED_EDGE('',*,*,#764,.T.);
#1369 = ORIENTED_EDGE('',*,*,#1106,.T.);
#1370 = ORIENTED_EDGE('',*,*,#1371,.F.);
#1371 = EDGE_CURVE('',#980,#1084,#1372,.T.);
#1372 = SURFACE_CURVE('',#1373,(#1378,#1385),.PCURVE_S1.);
#1373 = CIRCLE('',#1374,1.146291);
#1374 = AXIS2_PLACEMENT_3D('',#1375,#1376,#1377);
#1375 = CARTESIAN_POINT('',(-2.638889867644E-16,-1.75,8.8));
#1376 = DIRECTION('',(-2.199074889703E-16,1.269069363562E-15,1.));
#1377 = DIRECTION('',(1.,-5.658374658399E-17,2.199074889703E-16));
#1378 = PCURVE('',#781,#1379);
#1379 = DEFINITIONAL_REPRESENTATION('',(#1380),#1384);
#1380 = LINE('',#1381,#1382);
#1381 = CARTESIAN_POINT('',(0.,1.570796326795));
#1382 = VECTOR('',#1383,1.);
#1383 = DIRECTION('',(1.,0.));
#1384 = ( GEOMETRIC_REPRESENTATION_CONTEXT(2) 
PARAMETRIC_REPRESENTATION_CONTEXT() REPRESENTATION_CONTEXT('2D SPACE',''
  ) );
#1385 = PCURVE('',#1020,#1386);
#1386 = DEFINITIONAL_REPRESENTATION('',(#1387),#1391);
#1387 = CIRCLE('',#1388,1.146291);
#1388 = AXIS2_PLACEMENT_2D('',#1389,#1390);
#1389 = CARTESIAN_POINT('',(2.22044604925E-16,2.32148074776E-16));
#1390 = DIRECTION('',(-5.658374658399E-17,-1.));
#1391 = ( GEOMETRIC_REPRESENTATION_CONTEXT(2) 
PARAMETRIC_REPRESENTATION_CONTEXT() REPRESENTATION_CONTEXT('2D SPACE',''
  ) );
#1392 = ADVANCED_FACE('',(#1393),#751,.F.);
#1393 = FACE_BOUND('',#1394,.F.);
#1394 = EDGE_LOOP('',(#1395));
#1395 = ORIENTED_EDGE('',*,*,#736,.T.);
#1396 = ADVANCED_FACE('',(#1397),#1020,.T.);
#1397 = FACE_BOUND('',#1398,.T.);
#1398 = EDGE_LOOP('',(#1399,#1400,#1401));
#1399 = ORIENTED_EDGE('',*,*,#1003,.T.);
#1400 = ORIENTED_EDGE('',*,*,#1371,.T.);
#1401 = ORIENTED_EDGE('',*,*,#1083,.T.);
#1402 = ADVANCED_FACE('',(#1403),#1226,.T.);
#1403 = FACE_BOUND('',#1404,.T.);
#1404 = EDGE_LOOP('',(#1405,#1406));
#1405 = ORIENTED_EDGE('',*,*,#1208,.T.);
#1406 = ORIENTED_EDGE('',*,*,#1343,.T.);
#1407 = ( GEOMETRIC_REPRESENTATION_CONTEXT(3) 
GLOBAL_UNCERTAINTY_ASSIGNED_CONTEXT((#1411)) 
GLOBAL_UNIT_ASSIGNED_CONTEXT((#1408,#1409,#1410)) REPRESENTATION_CONTEXT
('Context #1','3D Context with UNIT and UNCERTAINTY') );
#1408 = ( LENGTH_UNIT() NAMED_UNIT(*) SI_UNIT(.MILLI.,.METRE.) );
#1409 = ( NAMED_UNIT(*) PLANE_ANGLE_UNIT() SI_UNIT($,.RADIAN.) );
#1410 = ( NAMED_UNIT(*) SI_UNIT($,.STERADIAN.) SOLID_ANGLE_UNIT() );
#1411 = UNCERTAINTY_MEASURE_WITH_UNIT(LENGTH_MEASURE(5.E-07),#1408,
  'distance_accuracy_value','confusion accuracy');
#1412 = PRODUCT_RELATED_PRODUCT_CATEGORY('part',$,(#667));
#1413 = SHAPE_DEFINITION_REPRESENTATION(#1414,#1420);
#1414 = PRODUCT_DEFINITION_SHAPE('','',#1415);
#1415 = PRODUCT_DEFINITION('design','',#1416,#1419);
#1416 = PRODUCT_DEFINITION_FORMATION('','',#1417);
#1417 = PRODUCT('PlasticBody001','PlasticBody001','',(#1418));
#1418 = PRODUCT_CONTEXT('',#2,'mechanical');
#1419 = PRODUCT_DEFINITION_CONTEXT('part definition',#2,'design');
#1420 = ADVANCED_BREP_SHAPE_REPRESENTATION('',(#11,#1421),#2939);
#1421 = MANIFOLD_SOLID_BREP('',#1422);
#1422 = CLOSED_SHELL('',(#1423,#1759,#1893,#1942,#1991,#2040,#2094,#2121
    ,#2197,#2358,#2499,#2526,#2604,#2653,#2704,#2731,#2758,#2785,#2812,
    #2839,#2876,#2883,#2935));
#1423 = ADVANCED_FACE('',(#1424,#1645),#1438,.T.);
#1424 = FACE_BOUND('',#1425,.T.);
#1425 = EDGE_LOOP('',(#1426,#1461,#1484,#1507,#1535,#1563,#1591,#1619));
#1426 = ORIENTED_EDGE('',*,*,#1427,.F.);
#1427 = EDGE_CURVE('',#1428,#1430,#1432,.T.);
#1428 = VERTEX_POINT('',#1429);
#1429 = CARTESIAN_POINT('',(-3.9,-0.75,4.5));
#1430 = VERTEX_POINT('',#1431);
#1431 = CARTESIAN_POINT('',(-3.9,-0.55,4.5));
#1432 = SURFACE_CURVE('',#1433,(#1437,#1449),.PCURVE_S1.);
#1433 = LINE('',#1434,#1435);
#1434 = CARTESIAN_POINT('',(-3.9,-1.375,4.5));
#1435 = VECTOR('',#1436,1.);
#1436 = DIRECTION('',(0.,1.,-8.841697172023E-16));
#1437 = PCURVE('',#1438,#1443);
#1438 = PLANE('',#1439);
#1439 = AXIS2_PLACEMENT_3D('',#1440,#1441,#1442);
#1440 = CARTESIAN_POINT('',(-3.9,0.,0.));
#1441 = DIRECTION('',(-1.,0.,0.));
#1442 = DIRECTION('',(0.,1.554312234475E-15,1.));
#1443 = DEFINITIONAL_REPRESENTATION('',(#1444),#1448);
#1444 = LINE('',#1445,#1446);
#1445 = CARTESIAN_POINT('',(4.5,-1.375));
#1446 = VECTOR('',#1447,1.);
#1447 = DIRECTION('',(6.701425172729E-16,1.));
#1448 = ( GEOMETRIC_REPRESENTATION_CONTEXT(2) 
PARAMETRIC_REPRESENTATION_CONTEXT() REPRESENTATION_CONTEXT('2D SPACE',''
  ) );
#1449 = PCURVE('',#1450,#1455);
#1450 = PLANE('',#1451);
#1451 = AXIS2_PLACEMENT_3D('',#1452,#1453,#1454);
#1452 = CARTESIAN_POINT('',(-3.4,-2.75,4.));
#1453 = DIRECTION('',(0.707106781187,6.252024027536E-16,0.707106781187)
  );
#1454 = DIRECTION('',(-1.130266537114E-16,-1.,9.971963709137E-16));
#1455 = DEFINITIONAL_REPRESENTATION('',(#1456),#1460);
#1456 = LINE('',#1457,#1458);
#1457 = CARTESIAN_POINT('',(-1.375,-0.707106781187));
#1458 = VECTOR('',#1459,1.);
#1459 = DIRECTION('',(-1.,-1.598438265883E-16));
#1460 = ( GEOMETRIC_REPRESENTATION_CONTEXT(2) 
PARAMETRIC_REPRESENTATION_CONTEXT() REPRESENTATION_CONTEXT('2D SPACE',''
  ) );
#1461 = ORIENTED_EDGE('',*,*,#1462,.F.);
#1462 = EDGE_CURVE('',#1463,#1428,#1465,.T.);
#1463 = VERTEX_POINT('',#1464);
#1464 = CARTESIAN_POINT('',(-3.9,-2.75,4.5));
#1465 = SURFACE_CURVE('',#1466,(#1470,#1477),.PCURVE_S1.);
#1466 = LINE('',#1467,#1468);
#1467 = CARTESIAN_POINT('',(-3.9,-2.75,4.5));
#1468 = VECTOR('',#1469,1.);
#1469 = DIRECTION('',(2.22044604925E-16,1.,-8.881784197001E-16));
#1470 = PCURVE('',#1438,#1471);
#1471 = DEFINITIONAL_REPRESENTATION('',(#1472),#1476);
#1472 = LINE('',#1473,#1474);
#1473 = CARTESIAN_POINT('',(4.5,-2.75));
#1474 = VECTOR('',#1475,1.);
#1475 = DIRECTION('',(6.661338147751E-16,1.));
#1476 = ( GEOMETRIC_REPRESENTATION_CONTEXT(2) 
PARAMETRIC_REPRESENTATION_CONTEXT() REPRESENTATION_CONTEXT('2D SPACE',''
  ) );
#1477 = PCURVE('',#1450,#1478);
#1478 = DEFINITIONAL_REPRESENTATION('',(#1479),#1483);
#1479 = LINE('',#1480,#1481);
#1480 = CARTESIAN_POINT('',(3.330669073875E-16,-0.707106781187));
#1481 = VECTOR('',#1482,1.);
#1482 = DIRECTION('',(-1.,0.));
#1483 = ( GEOMETRIC_REPRESENTATION_CONTEXT(2) 
PARAMETRIC_REPRESENTATION_CONTEXT() REPRESENTATION_CONTEXT('2D SPACE',''
  ) );
#1484 = ORIENTED_EDGE('',*,*,#1485,.T.);
#1485 = EDGE_CURVE('',#1463,#1486,#1488,.T.);
#1486 = VERTEX_POINT('',#1487);
#1487 = CARTESIAN_POINT('',(-3.9,-2.95,4.5));
#1488 = SURFACE_CURVE('',#1489,(#1493,#1500),.PCURVE_S1.);
#1489 = LINE('',#1490,#1491);
#1490 = CARTESIAN_POINT('',(-3.9,-1.375,4.5));
#1491 = VECTOR('',#1492,1.);
#1492 = DIRECTION('',(0.,-1.,8.841697172023E-16));
#1493 = PCURVE('',#1438,#1494);
#1494 = DEFINITIONAL_REPRESENTATION('',(#1495),#1499);
#1495 = LINE('',#1496,#1497);
#1496 = CARTESIAN_POINT('',(4.5,-1.375));
#1497 = VECTOR('',#1498,1.);
#1498 = DIRECTION('',(-6.701425172729E-16,-1.));
#1499 = ( GEOMETRIC_REPRESENTATION_CONTEXT(2) 
PARAMETRIC_REPRESENTATION_CONTEXT() REPRESENTATION_CONTEXT('2D SPACE',''
  ) );
#1500 = PCURVE('',#1450,#1501);
#1501 = DEFINITIONAL_REPRESENTATION('',(#1502),#1506);
#1502 = LINE('',#1503,#1504);
#1503 = CARTESIAN_POINT('',(-1.375,-0.707106781187));
#1504 = VECTOR('',#1505,1.);
#1505 = DIRECTION('',(1.,1.598438265883E-16));
#1506 = ( GEOMETRIC_REPRESENTATION_CONTEXT(2) 
PARAMETRIC_REPRESENTATION_CONTEXT() REPRESENTATION_CONTEXT('2D SPACE',''
  ) );
#1507 = ORIENTED_EDGE('',*,*,#1508,.F.);
#1508 = EDGE_CURVE('',#1509,#1486,#1511,.T.);
#1509 = VERTEX_POINT('',#1510);
#1510 = CARTESIAN_POINT('',(-3.9,-2.95,3.5));
#1511 = SURFACE_CURVE('',#1512,(#1516,#1523),.PCURVE_S1.);
#1512 = LINE('',#1513,#1514);
#1513 = CARTESIAN_POINT('',(-3.9,-2.95,3.5));
#1514 = VECTOR('',#1515,1.);
#1515 = DIRECTION('',(0.,8.881784197001E-16,1.));
#1516 = PCURVE('',#1438,#1517);
#1517 = DEFINITIONAL_REPRESENTATION('',(#1518),#1522);
#1518 = LINE('',#1519,#1520);
#1519 = CARTESIAN_POINT('',(3.5,-2.95));
#1520 = VECTOR('',#1521,1.);
#1521 = DIRECTION('',(1.,-6.661338147751E-16));
#1522 = ( GEOMETRIC_REPRESENTATION_CONTEXT(2) 
PARAMETRIC_REPRESENTATION_CONTEXT() REPRESENTATION_CONTEXT('2D SPACE',''
  ) );
#1523 = PCURVE('',#1524,#1529);
#1524 = PLANE('',#1525);
#1525 = AXIS2_PLACEMENT_3D('',#1526,#1527,#1528);
#1526 = CARTESIAN_POINT('',(-3.8,-2.85,3.5));
#1527 = DIRECTION('',(0.707106781187,-0.707106781187,6.289507052298E-16)
  );
#1528 = DIRECTION('',(6.460988499971E-19,-8.888245185501E-16,-1.));
#1529 = DEFINITIONAL_REPRESENTATION('',(#1530),#1534);
#1530 = LINE('',#1531,#1532);
#1531 = CARTESIAN_POINT('',(4.440892098501E-17,-0.141421356237));
#1532 = VECTOR('',#1533,1.);
#1533 = DIRECTION('',(-1.,-9.860761315263E-32));
#1534 = ( GEOMETRIC_REPRESENTATION_CONTEXT(2) 
PARAMETRIC_REPRESENTATION_CONTEXT() REPRESENTATION_CONTEXT('2D SPACE',''
  ) );
#1535 = ORIENTED_EDGE('',*,*,#1536,.F.);
#1536 = EDGE_CURVE('',#1537,#1509,#1539,.T.);
#1537 = VERTEX_POINT('',#1538);
#1538 = CARTESIAN_POINT('',(-3.9,-2.95,0.55));
#1539 = SURFACE_CURVE('',#1540,(#1544,#1551),.PCURVE_S1.);
#1540 = LINE('',#1541,#1542);
#1541 = CARTESIAN_POINT('',(-3.9,-2.95,0.75));
#1542 = VECTOR('',#1543,1.);
#1543 = DIRECTION('',(-2.22044604925E-16,8.881784197001E-16,1.));
#1544 = PCURVE('',#1438,#1545);
#1545 = DEFINITIONAL_REPRESENTATION('',(#1546),#1550);
#1546 = LINE('',#1547,#1548);
#1547 = CARTESIAN_POINT('',(0.75,-2.95));
#1548 = VECTOR('',#1549,1.);
#1549 = DIRECTION('',(1.,-6.661338147751E-16));
#1550 = ( GEOMETRIC_REPRESENTATION_CONTEXT(2) 
PARAMETRIC_REPRESENTATION_CONTEXT() REPRESENTATION_CONTEXT('2D SPACE',''
  ) );
#1551 = PCURVE('',#1552,#1557);
#1552 = PLANE('',#1553);
#1553 = AXIS2_PLACEMENT_3D('',#1554,#1555,#1556);
#1554 = CARTESIAN_POINT('',(-3.8,-2.85,0.75));
#1555 = DIRECTION('',(0.707106781187,-0.707106781187,6.289507052298E-16)
  );
#1556 = DIRECTION('',(1.116684013125E-16,-7.778022160876E-16,-1.));
#1557 = DEFINITIONAL_REPRESENTATION('',(#1558),#1562);
#1558 = LINE('',#1559,#1560);
#1559 = CARTESIAN_POINT('',(2.22044604925E-17,-0.141421356237));
#1560 = VECTOR('',#1561,1.);
#1561 = DIRECTION('',(-1.,-2.465190328816E-32));
#1562 = ( GEOMETRIC_REPRESENTATION_CONTEXT(2) 
PARAMETRIC_REPRESENTATION_CONTEXT() REPRESENTATION_CONTEXT('2D SPACE',''
  ) );
#1563 = ORIENTED_EDGE('',*,*,#1564,.F.);
#1564 = EDGE_CURVE('',#1565,#1537,#1567,.T.);
#1565 = VERTEX_POINT('',#1566);
#1566 = CARTESIAN_POINT('',(-3.9,-0.55,0.55));
#1567 = SURFACE_CURVE('',#1568,(#1572,#1579),.PCURVE_S1.);
#1568 = LINE('',#1569,#1570);
#1569 = CARTESIAN_POINT('',(-3.9,-0.75,0.55));
#1570 = VECTOR('',#1571,1.);
#1571 = DIRECTION('',(-2.22044604925E-16,-1.,8.881784197001E-16));
#1572 = PCURVE('',#1438,#1573);
#1573 = DEFINITIONAL_REPRESENTATION('',(#1574),#1578);
#1574 = LINE('',#1575,#1576);
#1575 = CARTESIAN_POINT('',(0.55,-0.75));
#1576 = VECTOR('',#1577,1.);
#1577 = DIRECTION('',(-6.661338147751E-16,-1.));
#1578 = ( GEOMETRIC_REPRESENTATION_CONTEXT(2) 
PARAMETRIC_REPRESENTATION_CONTEXT() REPRESENTATION_CONTEXT('2D SPACE',''
  ) );
#1579 = PCURVE('',#1580,#1585);
#1580 = PLANE('',#1581);
#1581 = AXIS2_PLACEMENT_3D('',#1582,#1583,#1584);
#1582 = CARTESIAN_POINT('',(-3.8,-0.75,0.65));
#1583 = DIRECTION('',(0.707106781187,-6.289507052298E-16,-0.707106781187
    ));
#1584 = DIRECTION('',(1.116684013125E-16,1.,-7.778022160876E-16));
#1585 = DEFINITIONAL_REPRESENTATION('',(#1586),#1590);
#1586 = LINE('',#1587,#1588);
#1587 = CARTESIAN_POINT('',(2.22044604925E-17,-0.141421356237));
#1588 = VECTOR('',#1589,1.);
#1589 = DIRECTION('',(-1.,0.));
#1590 = ( GEOMETRIC_REPRESENTATION_CONTEXT(2) 
PARAMETRIC_REPRESENTATION_CONTEXT() REPRESENTATION_CONTEXT('2D SPACE',''
  ) );
#1591 = ORIENTED_EDGE('',*,*,#1592,.F.);
#1592 = EDGE_CURVE('',#1593,#1565,#1595,.T.);
#1593 = VERTEX_POINT('',#1594);
#1594 = CARTESIAN_POINT('',(-3.9,-0.55,3.5));
#1595 = SURFACE_CURVE('',#1596,(#1600,#1607),.PCURVE_S1.);
#1596 = LINE('',#1597,#1598);
#1597 = CARTESIAN_POINT('',(-3.9,-0.55,3.5));
#1598 = VECTOR('',#1599,1.);
#1599 = DIRECTION('',(2.22044604925E-16,-8.881784197001E-16,-1.));
#1600 = PCURVE('',#1438,#1601);
#1601 = DEFINITIONAL_REPRESENTATION('',(#1602),#1606);
#1602 = LINE('',#1603,#1604);
#1603 = CARTESIAN_POINT('',(3.5,-0.55));
#1604 = VECTOR('',#1605,1.);
#1605 = DIRECTION('',(-1.,6.661338147751E-16));
#1606 = ( GEOMETRIC_REPRESENTATION_CONTEXT(2) 
PARAMETRIC_REPRESENTATION_CONTEXT() REPRESENTATION_CONTEXT('2D SPACE',''
  ) );
#1607 = PCURVE('',#1608,#1613);
#1608 = PLANE('',#1609);
#1609 = AXIS2_PLACEMENT_3D('',#1610,#1611,#1612);
#1610 = CARTESIAN_POINT('',(-3.8,-0.65,3.5));
#1611 = DIRECTION('',(0.707106781187,0.707106781187,-6.289507052298E-16)
  );
#1612 = DIRECTION('',(-1.103762036125E-16,9.998468210126E-16,1.));
#1613 = DEFINITIONAL_REPRESENTATION('',(#1614),#1618);
#1614 = LINE('',#1615,#1616);
#1615 = CARTESIAN_POINT('',(6.661338147751E-17,-0.141421356237));
#1616 = VECTOR('',#1617,1.);
#1617 = DIRECTION('',(-1.,0.));
#1618 = ( GEOMETRIC_REPRESENTATION_CONTEXT(2) 
PARAMETRIC_REPRESENTATION_CONTEXT() REPRESENTATION_CONTEXT('2D SPACE',''
  ) );
#1619 = ORIENTED_EDGE('',*,*,#1620,.F.);
#1620 = EDGE_CURVE('',#1430,#1593,#1621,.T.);
#1621 = SURFACE_CURVE('',#1622,(#1626,#1633),.PCURVE_S1.);
#1622 = LINE('',#1623,#1624);
#1623 = CARTESIAN_POINT('',(-3.9,-0.55,4.5));
#1624 = VECTOR('',#1625,1.);
#1625 = DIRECTION('',(0.,-8.881784197001E-16,-1.));
#1626 = PCURVE('',#1438,#1627);
#1627 = DEFINITIONAL_REPRESENTATION('',(#1628),#1632);
#1628 = LINE('',#1629,#1630);
#1629 = CARTESIAN_POINT('',(4.5,-0.55));
#1630 = VECTOR('',#1631,1.);
#1631 = DIRECTION('',(-1.,6.661338147751E-16));
#1632 = ( GEOMETRIC_REPRESENTATION_CONTEXT(2) 
PARAMETRIC_REPRESENTATION_CONTEXT() REPRESENTATION_CONTEXT('2D SPACE',''
  ) );
#1633 = PCURVE('',#1634,#1639);
#1634 = PLANE('',#1635);
#1635 = AXIS2_PLACEMENT_3D('',#1636,#1637,#1638);
#1636 = CARTESIAN_POINT('',(-3.8,-0.65,4.5));
#1637 = DIRECTION('',(0.707106781187,0.707106781187,-6.306861224565E-16)
  );
#1638 = DIRECTION('',(1.873224139146E-18,8.900516438393E-16,1.));
#1639 = DEFINITIONAL_REPRESENTATION('',(#1640),#1644);
#1640 = LINE('',#1641,#1642);
#1641 = CARTESIAN_POINT('',(4.440892098501E-17,-0.141421356237));
#1642 = VECTOR('',#1643,1.);
#1643 = DIRECTION('',(-1.,-9.860761315263E-32));
#1644 = ( GEOMETRIC_REPRESENTATION_CONTEXT(2) 
PARAMETRIC_REPRESENTATION_CONTEXT() REPRESENTATION_CONTEXT('2D SPACE',''
  ) );
#1645 = FACE_BOUND('',#1646,.T.);
#1646 = EDGE_LOOP('',(#1647,#1677,#1705,#1733));
#1647 = ORIENTED_EDGE('',*,*,#1648,.T.);
#1648 = EDGE_CURVE('',#1649,#1651,#1653,.T.);
#1649 = VERTEX_POINT('',#1650);
#1650 = CARTESIAN_POINT('',(-3.9,0.,0.));
#1651 = VERTEX_POINT('',#1652);
#1652 = CARTESIAN_POINT('',(-3.9,-3.5,5.440092820663E-15));
#1653 = SURFACE_CURVE('',#1654,(#1658,#1665),.PCURVE_S1.);
#1654 = LINE('',#1655,#1656);
#1655 = CARTESIAN_POINT('',(-3.9,0.,0.));
#1656 = VECTOR('',#1657,1.);
#1657 = DIRECTION('',(0.,-1.,1.554312234475E-15));
#1658 = PCURVE('',#1438,#1659);
#1659 = DEFINITIONAL_REPRESENTATION('',(#1660),#1664);
#1660 = LINE('',#1661,#1662);
#1661 = CARTESIAN_POINT('',(0.,0.));
#1662 = VECTOR('',#1663,1.);
#1663 = DIRECTION('',(0.,-1.));
#1664 = ( GEOMETRIC_REPRESENTATION_CONTEXT(2) 
PARAMETRIC_REPRESENTATION_CONTEXT() REPRESENTATION_CONTEXT('2D SPACE',''
  ) );
#1665 = PCURVE('',#1666,#1671);
#1666 = PLANE('',#1667);
#1667 = AXIS2_PLACEMENT_3D('',#1668,#1669,#1670);
#1668 = CARTESIAN_POINT('',(-3.9,0.,0.));
#1669 = DIRECTION('',(0.,1.554312234475E-15,1.));
#1670 = DIRECTION('',(1.,0.,0.));
#1671 = DEFINITIONAL_REPRESENTATION('',(#1672),#1676);
#1672 = LINE('',#1673,#1674);
#1673 = CARTESIAN_POINT('',(0.,0.));
#1674 = VECTOR('',#1675,1.);
#1675 = DIRECTION('',(0.,-1.));
#1676 = ( GEOMETRIC_REPRESENTATION_CONTEXT(2) 
PARAMETRIC_REPRESENTATION_CONTEXT() REPRESENTATION_CONTEXT('2D SPACE',''
  ) );
#1677 = ORIENTED_EDGE('',*,*,#1678,.T.);
#1678 = EDGE_CURVE('',#1651,#1679,#1681,.T.);
#1679 = VERTEX_POINT('',#1680);
#1680 = CARTESIAN_POINT('',(-3.9,-3.5,5.));
#1681 = SURFACE_CURVE('',#1682,(#1686,#1693),.PCURVE_S1.);
#1682 = LINE('',#1683,#1684);
#1683 = CARTESIAN_POINT('',(-3.9,-3.5,5.329070518201E-15));
#1684 = VECTOR('',#1685,1.);
#1685 = DIRECTION('',(0.,1.554312234475E-15,1.));
#1686 = PCURVE('',#1438,#1687);
#1687 = DEFINITIONAL_REPRESENTATION('',(#1688),#1692);
#1688 = LINE('',#1689,#1690);
#1689 = CARTESIAN_POINT('',(-1.110223024625E-16,-3.5));
#1690 = VECTOR('',#1691,1.);
#1691 = DIRECTION('',(1.,0.));
#1692 = ( GEOMETRIC_REPRESENTATION_CONTEXT(2) 
PARAMETRIC_REPRESENTATION_CONTEXT() REPRESENTATION_CONTEXT('2D SPACE',''
  ) );
#1693 = PCURVE('',#1694,#1699);
#1694 = PLANE('',#1695);
#1695 = AXIS2_PLACEMENT_3D('',#1696,#1697,#1698);
#1696 = CARTESIAN_POINT('',(-0.123896651575,-3.5,3.899339514918));
#1697 = DIRECTION('',(2.427072584256E-48,-1.,1.554312234475E-15));
#1698 = DIRECTION('',(0.,-1.554312234475E-15,-1.));
#1699 = DEFINITIONAL_REPRESENTATION('',(#1700),#1704);
#1700 = LINE('',#1701,#1702);
#1701 = CARTESIAN_POINT('',(3.899339514918,-3.776103348425));
#1702 = VECTOR('',#1703,1.);
#1703 = DIRECTION('',(-1.,0.));
#1704 = ( GEOMETRIC_REPRESENTATION_CONTEXT(2) 
PARAMETRIC_REPRESENTATION_CONTEXT() REPRESENTATION_CONTEXT('2D SPACE',''
  ) );
#1705 = ORIENTED_EDGE('',*,*,#1706,.F.);
#1706 = EDGE_CURVE('',#1707,#1679,#1709,.T.);
#1707 = VERTEX_POINT('',#1708);
#1708 = CARTESIAN_POINT('',(-3.9,7.771561172376E-15,5.));
#1709 = SURFACE_CURVE('',#1710,(#1714,#1721),.PCURVE_S1.);
#1710 = LINE('',#1711,#1712);
#1711 = CARTESIAN_POINT('',(-3.9,7.771561172376E-15,5.));
#1712 = VECTOR('',#1713,1.);
#1713 = DIRECTION('',(0.,-1.,1.554312234475E-15));
#1714 = PCURVE('',#1438,#1715);
#1715 = DEFINITIONAL_REPRESENTATION('',(#1716),#1720);
#1716 = LINE('',#1717,#1718);
#1717 = CARTESIAN_POINT('',(5.,3.944304526105E-31));
#1718 = VECTOR('',#1719,1.);
#1719 = DIRECTION('',(0.,-1.));
#1720 = ( GEOMETRIC_REPRESENTATION_CONTEXT(2) 
PARAMETRIC_REPRESENTATION_CONTEXT() REPRESENTATION_CONTEXT('2D SPACE',''
  ) );
#1721 = PCURVE('',#1722,#1727);
#1722 = PLANE('',#1723);
#1723 = AXIS2_PLACEMENT_3D('',#1724,#1725,#1726);
#1724 = CARTESIAN_POINT('',(-3.9,7.771561172376E-15,5.));
#1725 = DIRECTION('',(0.,1.554312234475E-15,1.));
#1726 = DIRECTION('',(1.,0.,0.));
#1727 = DEFINITIONAL_REPRESENTATION('',(#1728),#1732);
#1728 = LINE('',#1729,#1730);
#1729 = CARTESIAN_POINT('',(0.,0.));
#1730 = VECTOR('',#1731,1.);
#1731 = DIRECTION('',(0.,-1.));
#1732 = ( GEOMETRIC_REPRESENTATION_CONTEXT(2) 
PARAMETRIC_REPRESENTATION_CONTEXT() REPRESENTATION_CONTEXT('2D SPACE',''
  ) );
#1733 = ORIENTED_EDGE('',*,*,#1734,.F.);
#1734 = EDGE_CURVE('',#1649,#1707,#1735,.T.);
#1735 = SURFACE_CURVE('',#1736,(#1740,#1747),.PCURVE_S1.);
#1736 = LINE('',#1737,#1738);
#1737 = CARTESIAN_POINT('',(-3.9,0.,0.));
#1738 = VECTOR('',#1739,1.);
#1739 = DIRECTION('',(0.,1.554312234475E-15,1.));
#1740 = PCURVE('',#1438,#1741);
#1741 = DEFINITIONAL_REPRESENTATION('',(#1742),#1746);
#1742 = LINE('',#1743,#1744);
#1743 = CARTESIAN_POINT('',(0.,0.));
#1744 = VECTOR('',#1745,1.);
#1745 = DIRECTION('',(1.,0.));
#1746 = ( GEOMETRIC_REPRESENTATION_CONTEXT(2) 
PARAMETRIC_REPRESENTATION_CONTEXT() REPRESENTATION_CONTEXT('2D SPACE',''
  ) );
#1747 = PCURVE('',#1748,#1753);
#1748 = PLANE('',#1749);
#1749 = AXIS2_PLACEMENT_3D('',#1750,#1751,#1752);
#1750 = CARTESIAN_POINT('',(-0.123896651575,6.06079111441E-15,
    3.899339514918));
#1751 = DIRECTION('',(2.427072584256E-48,-1.,1.554312234475E-15));
#1752 = DIRECTION('',(0.,-1.554312234475E-15,-1.));
#1753 = DEFINITIONAL_REPRESENTATION('',(#1754),#1758);
#1754 = LINE('',#1755,#1756);
#1755 = CARTESIAN_POINT('',(3.899339514918,-3.776103348425));
#1756 = VECTOR('',#1757,1.);
#1757 = DIRECTION('',(-1.,0.));
#1758 = ( GEOMETRIC_REPRESENTATION_CONTEXT(2) 
PARAMETRIC_REPRESENTATION_CONTEXT() REPRESENTATION_CONTEXT('2D SPACE',''
  ) );
#1759 = ADVANCED_FACE('',(#1760),#1450,.F.);
#1760 = FACE_BOUND('',#1761,.T.);
#1761 = EDGE_LOOP('',(#1762,#1792,#1813,#1814,#1815,#1816,#1839,#1867));
#1762 = ORIENTED_EDGE('',*,*,#1763,.F.);
#1763 = EDGE_CURVE('',#1764,#1766,#1768,.T.);
#1764 = VERTEX_POINT('',#1765);
#1765 = CARTESIAN_POINT('',(-3.7,-2.75,4.3));
#1766 = VERTEX_POINT('',#1767);
#1767 = CARTESIAN_POINT('',(-2.9,-2.75,3.5));
#1768 = SURFACE_CURVE('',#1769,(#1773,#1780),.PCURVE_S1.);
#1769 = LINE('',#1770,#1771);
#1770 = CARTESIAN_POINT('',(-2.7125,-2.75,3.3125));
#1771 = VECTOR('',#1772,1.);
#1772 = DIRECTION('',(0.707106781187,-7.850462293419E-16,-0.707106781187
    ));
#1773 = PCURVE('',#1450,#1774);
#1774 = DEFINITIONAL_REPRESENTATION('',(#1775),#1779);
#1775 = LINE('',#1776,#1777);
#1776 = CARTESIAN_POINT('',(-1.387778780781E-17,0.972271824132));
#1777 = VECTOR('',#1778,1.);
#1778 = DIRECTION('',(-0.,1.));
#1779 = ( GEOMETRIC_REPRESENTATION_CONTEXT(2) 
PARAMETRIC_REPRESENTATION_CONTEXT() REPRESENTATION_CONTEXT('2D SPACE',''
  ) );
#1780 = PCURVE('',#1781,#1786);
#1781 = PLANE('',#1782);
#1782 = AXIS2_PLACEMENT_3D('',#1783,#1784,#1785);
#1783 = CARTESIAN_POINT('',(-3.9,-2.75,0.75));
#1784 = DIRECTION('',(-2.22044604925E-16,-1.,8.881784197001E-16));
#1785 = DIRECTION('',(-2.22044604925E-16,8.881784197001E-16,1.));
#1786 = DEFINITIONAL_REPRESENTATION('',(#1787),#1791);
#1787 = LINE('',#1788,#1789);
#1788 = CARTESIAN_POINT('',(2.5625,-1.1875));
#1789 = VECTOR('',#1790,1.);
#1790 = DIRECTION('',(-0.707106781187,-0.707106781187));
#1791 = ( GEOMETRIC_REPRESENTATION_CONTEXT(2) 
PARAMETRIC_REPRESENTATION_CONTEXT() REPRESENTATION_CONTEXT('2D SPACE',''
  ) );
#1792 = ORIENTED_EDGE('',*,*,#1793,.F.);
#1793 = EDGE_CURVE('',#1486,#1764,#1794,.T.);
#1794 = SURFACE_CURVE('',#1795,(#1799,#1806),.PCURVE_S1.);
#1795 = LINE('',#1796,#1797);
#1796 = CARTESIAN_POINT('',(-3.5,-2.55,4.1));
#1797 = VECTOR('',#1798,1.);
#1798 = DIRECTION('',(0.57735026919,0.57735026919,-0.57735026919));
#1799 = PCURVE('',#1450,#1800);
#1800 = DEFINITIONAL_REPRESENTATION('',(#1801),#1805);
#1801 = LINE('',#1802,#1803);
#1802 = CARTESIAN_POINT('',(-0.2,-0.141421356237));
#1803 = VECTOR('',#1804,1.);
#1804 = DIRECTION('',(-0.57735026919,0.816496580928));
#1805 = ( GEOMETRIC_REPRESENTATION_CONTEXT(2) 
PARAMETRIC_REPRESENTATION_CONTEXT() REPRESENTATION_CONTEXT('2D SPACE',''
  ) );
#1806 = PCURVE('',#1524,#1807);
#1807 = DEFINITIONAL_REPRESENTATION('',(#1808),#1812);
#1808 = LINE('',#1809,#1810);
#1809 = CARTESIAN_POINT('',(-0.6,0.424264068712));
#1810 = VECTOR('',#1811,1.);
#1811 = DIRECTION('',(0.57735026919,0.816496580928));
#1812 = ( GEOMETRIC_REPRESENTATION_CONTEXT(2) 
PARAMETRIC_REPRESENTATION_CONTEXT() REPRESENTATION_CONTEXT('2D SPACE',''
  ) );
#1813 = ORIENTED_EDGE('',*,*,#1485,.F.);
#1814 = ORIENTED_EDGE('',*,*,#1462,.T.);
#1815 = ORIENTED_EDGE('',*,*,#1427,.T.);
#1816 = ORIENTED_EDGE('',*,*,#1817,.T.);
#1817 = EDGE_CURVE('',#1430,#1818,#1820,.T.);
#1818 = VERTEX_POINT('',#1819);
#1819 = CARTESIAN_POINT('',(-3.7,-0.75,4.3));
#1820 = SURFACE_CURVE('',#1821,(#1825,#1832),.PCURVE_S1.);
#1821 = LINE('',#1822,#1823);
#1822 = CARTESIAN_POINT('',(-3.333333333333,-1.116666666667,
    3.933333333333));
#1823 = VECTOR('',#1824,1.);
#1824 = DIRECTION('',(0.57735026919,-0.57735026919,-0.57735026919));
#1825 = PCURVE('',#1450,#1826);
#1826 = DEFINITIONAL_REPRESENTATION('',(#1827),#1831);
#1827 = LINE('',#1828,#1829);
#1828 = CARTESIAN_POINT('',(-1.633333333333,9.428090415821E-02));
#1829 = VECTOR('',#1830,1.);
#1830 = DIRECTION('',(0.57735026919,0.816496580928));
#1831 = ( GEOMETRIC_REPRESENTATION_CONTEXT(2) 
PARAMETRIC_REPRESENTATION_CONTEXT() REPRESENTATION_CONTEXT('2D SPACE',''
  ) );
#1832 = PCURVE('',#1634,#1833);
#1833 = DEFINITIONAL_REPRESENTATION('',(#1834),#1838);
#1834 = LINE('',#1835,#1836);
#1835 = CARTESIAN_POINT('',(-0.566666666667,0.659966329107));
#1836 = VECTOR('',#1837,1.);
#1837 = DIRECTION('',(-0.57735026919,0.816496580928));
#1838 = ( GEOMETRIC_REPRESENTATION_CONTEXT(2) 
PARAMETRIC_REPRESENTATION_CONTEXT() REPRESENTATION_CONTEXT('2D SPACE',''
  ) );
#1839 = ORIENTED_EDGE('',*,*,#1840,.T.);
#1840 = EDGE_CURVE('',#1818,#1841,#1843,.T.);
#1841 = VERTEX_POINT('',#1842);
#1842 = CARTESIAN_POINT('',(-2.9,-0.75,3.5));
#1843 = SURFACE_CURVE('',#1844,(#1848,#1855),.PCURVE_S1.);
#1844 = LINE('',#1845,#1846);
#1845 = CARTESIAN_POINT('',(-3.4,-0.75,4.));
#1846 = VECTOR('',#1847,1.);
#1847 = DIRECTION('',(0.707106781187,-7.850462293419E-16,-0.707106781187
    ));
#1848 = PCURVE('',#1450,#1849);
#1849 = DEFINITIONAL_REPRESENTATION('',(#1850),#1854);
#1850 = LINE('',#1851,#1852);
#1851 = CARTESIAN_POINT('',(-2.,-3.140184917368E-16));
#1852 = VECTOR('',#1853,1.);
#1853 = DIRECTION('',(-0.,1.));
#1854 = ( GEOMETRIC_REPRESENTATION_CONTEXT(2) 
PARAMETRIC_REPRESENTATION_CONTEXT() REPRESENTATION_CONTEXT('2D SPACE',''
  ) );
#1855 = PCURVE('',#1856,#1861);
#1856 = PLANE('',#1857);
#1857 = AXIS2_PLACEMENT_3D('',#1858,#1859,#1860);
#1858 = CARTESIAN_POINT('',(-3.9,-0.75,3.5));
#1859 = DIRECTION('',(2.22044604925E-16,1.,-8.881784197001E-16));
#1860 = DIRECTION('',(2.22044604925E-16,-8.881784197001E-16,-1.));
#1861 = DEFINITIONAL_REPRESENTATION('',(#1862),#1866);
#1862 = LINE('',#1863,#1864);
#1863 = CARTESIAN_POINT('',(-0.5,-0.5));
#1864 = VECTOR('',#1865,1.);
#1865 = DIRECTION('',(0.707106781187,-0.707106781187));
#1866 = ( GEOMETRIC_REPRESENTATION_CONTEXT(2) 
PARAMETRIC_REPRESENTATION_CONTEXT() REPRESENTATION_CONTEXT('2D SPACE',''
  ) );
#1867 = ORIENTED_EDGE('',*,*,#1868,.F.);
#1868 = EDGE_CURVE('',#1766,#1841,#1869,.T.);
#1869 = SURFACE_CURVE('',#1870,(#1874,#1881),.PCURVE_S1.);
#1870 = LINE('',#1871,#1872);
#1871 = CARTESIAN_POINT('',(-2.9,-2.75,3.5));
#1872 = VECTOR('',#1873,1.);
#1873 = DIRECTION('',(2.22044604925E-16,1.,-8.881784197001E-16));
#1874 = PCURVE('',#1450,#1875);
#1875 = DEFINITIONAL_REPRESENTATION('',(#1876),#1880);
#1876 = LINE('',#1877,#1878);
#1877 = CARTESIAN_POINT('',(-3.330669073875E-16,0.707106781187));
#1878 = VECTOR('',#1879,1.);
#1879 = DIRECTION('',(-1.,0.));
#1880 = ( GEOMETRIC_REPRESENTATION_CONTEXT(2) 
PARAMETRIC_REPRESENTATION_CONTEXT() REPRESENTATION_CONTEXT('2D SPACE',''
  ) );
#1881 = PCURVE('',#1882,#1887);
#1882 = PLANE('',#1883);
#1883 = AXIS2_PLACEMENT_3D('',#1884,#1885,#1886);
#1884 = CARTESIAN_POINT('',(-3.9,-2.75,3.5));
#1885 = DIRECTION('',(-2.22044604925E-16,8.881784197001E-16,1.));
#1886 = DIRECTION('',(2.22044604925E-16,1.,-8.881784197001E-16));
#1887 = DEFINITIONAL_REPRESENTATION('',(#1888),#1892);
#1888 = LINE('',#1889,#1890);
#1889 = CARTESIAN_POINT('',(2.22044604925E-16,-1.));
#1890 = VECTOR('',#1891,1.);
#1891 = DIRECTION('',(1.,4.379057701015E-47));
#1892 = ( GEOMETRIC_REPRESENTATION_CONTEXT(2) 
PARAMETRIC_REPRESENTATION_CONTEXT() REPRESENTATION_CONTEXT('2D SPACE',''
  ) );
#1893 = ADVANCED_FACE('',(#1894),#1634,.F.);
#1894 = FACE_BOUND('',#1895,.T.);
#1895 = EDGE_LOOP('',(#1896,#1897,#1898,#1921));
#1896 = ORIENTED_EDGE('',*,*,#1817,.F.);
#1897 = ORIENTED_EDGE('',*,*,#1620,.T.);
#1898 = ORIENTED_EDGE('',*,*,#1899,.T.);
#1899 = EDGE_CURVE('',#1593,#1900,#1902,.T.);
#1900 = VERTEX_POINT('',#1901);
#1901 = CARTESIAN_POINT('',(-3.7,-0.75,3.5));
#1902 = SURFACE_CURVE('',#1903,(#1907,#1914),.PCURVE_S1.);
#1903 = LINE('',#1904,#1905);
#1904 = CARTESIAN_POINT('',(-3.8,-0.65,3.5));
#1905 = VECTOR('',#1906,1.);
#1906 = DIRECTION('',(0.707106781187,-0.707106781187,6.280369834735E-16)
  );
#1907 = PCURVE('',#1634,#1908);
#1908 = DEFINITIONAL_REPRESENTATION('',(#1909),#1913);
#1909 = LINE('',#1910,#1911);
#1910 = CARTESIAN_POINT('',(-1.,7.88860905221E-31));
#1911 = VECTOR('',#1912,1.);
#1912 = DIRECTION('',(-0.,1.));
#1913 = ( GEOMETRIC_REPRESENTATION_CONTEXT(2) 
PARAMETRIC_REPRESENTATION_CONTEXT() REPRESENTATION_CONTEXT('2D SPACE',''
  ) );
#1914 = PCURVE('',#1608,#1915);
#1915 = DEFINITIONAL_REPRESENTATION('',(#1916),#1920);
#1916 = LINE('',#1917,#1918);
#1917 = CARTESIAN_POINT('',(4.440892098501E-16,2.091783358105E-31));
#1918 = VECTOR('',#1919,1.);
#1919 = DIRECTION('',(-1.570092458684E-16,1.));
#1920 = ( GEOMETRIC_REPRESENTATION_CONTEXT(2) 
PARAMETRIC_REPRESENTATION_CONTEXT() REPRESENTATION_CONTEXT('2D SPACE',''
  ) );
#1921 = ORIENTED_EDGE('',*,*,#1922,.F.);
#1922 = EDGE_CURVE('',#1818,#1900,#1923,.T.);
#1923 = SURFACE_CURVE('',#1924,(#1928,#1935),.PCURVE_S1.);
#1924 = LINE('',#1925,#1926);
#1925 = CARTESIAN_POINT('',(-3.7,-0.75,4.5));
#1926 = VECTOR('',#1927,1.);
#1927 = DIRECTION('',(0.,-8.881784197001E-16,-1.));
#1928 = PCURVE('',#1634,#1929);
#1929 = DEFINITIONAL_REPRESENTATION('',(#1930),#1934);
#1930 = LINE('',#1931,#1932);
#1931 = CARTESIAN_POINT('',(-4.440892098501E-17,0.141421356237));
#1932 = VECTOR('',#1933,1.);
#1933 = DIRECTION('',(-1.,-9.860761315263E-32));
#1934 = ( GEOMETRIC_REPRESENTATION_CONTEXT(2) 
PARAMETRIC_REPRESENTATION_CONTEXT() REPRESENTATION_CONTEXT('2D SPACE',''
  ) );
#1935 = PCURVE('',#1856,#1936);
#1936 = DEFINITIONAL_REPRESENTATION('',(#1937),#1941);
#1937 = LINE('',#1938,#1939);
#1938 = CARTESIAN_POINT('',(-1.,-0.2));
#1939 = VECTOR('',#1940,1.);
#1940 = DIRECTION('',(1.,2.22044604925E-16));
#1941 = ( GEOMETRIC_REPRESENTATION_CONTEXT(2) 
PARAMETRIC_REPRESENTATION_CONTEXT() REPRESENTATION_CONTEXT('2D SPACE',''
  ) );
#1942 = ADVANCED_FACE('',(#1943),#1608,.F.);
#1943 = FACE_BOUND('',#1944,.T.);
#1944 = EDGE_LOOP('',(#1945,#1946,#1947,#1970));
#1945 = ORIENTED_EDGE('',*,*,#1899,.F.);
#1946 = ORIENTED_EDGE('',*,*,#1592,.T.);
#1947 = ORIENTED_EDGE('',*,*,#1948,.T.);
#1948 = EDGE_CURVE('',#1565,#1949,#1951,.T.);
#1949 = VERTEX_POINT('',#1950);
#1950 = CARTESIAN_POINT('',(-3.7,-0.75,0.75));
#1951 = SURFACE_CURVE('',#1952,(#1956,#1963),.PCURVE_S1.);
#1952 = LINE('',#1953,#1954);
#1953 = CARTESIAN_POINT('',(-3.308333333333,-1.141666666667,
    1.141666666667));
#1954 = VECTOR('',#1955,1.);
#1955 = DIRECTION('',(0.57735026919,-0.57735026919,0.57735026919));
#1956 = PCURVE('',#1608,#1957);
#1957 = DEFINITIONAL_REPRESENTATION('',(#1958),#1962);
#1958 = LINE('',#1959,#1960);
#1959 = CARTESIAN_POINT('',(-2.358333333333,0.695321668167));
#1960 = VECTOR('',#1961,1.);
#1961 = DIRECTION('',(0.57735026919,0.816496580928));
#1962 = ( GEOMETRIC_REPRESENTATION_CONTEXT(2) 
PARAMETRIC_REPRESENTATION_CONTEXT() REPRESENTATION_CONTEXT('2D SPACE',''
  ) );
#1963 = PCURVE('',#1580,#1964);
#1964 = DEFINITIONAL_REPRESENTATION('',(#1965),#1969);
#1965 = LINE('',#1966,#1967);
#1966 = CARTESIAN_POINT('',(-0.391666666667,0.695321668167));
#1967 = VECTOR('',#1968,1.);
#1968 = DIRECTION('',(-0.57735026919,0.816496580928));
#1969 = ( GEOMETRIC_REPRESENTATION_CONTEXT(2) 
PARAMETRIC_REPRESENTATION_CONTEXT() REPRESENTATION_CONTEXT('2D SPACE',''
  ) );
#1970 = ORIENTED_EDGE('',*,*,#1971,.F.);
#1971 = EDGE_CURVE('',#1900,#1949,#1972,.T.);
#1972 = SURFACE_CURVE('',#1973,(#1977,#1984),.PCURVE_S1.);
#1973 = LINE('',#1974,#1975);
#1974 = CARTESIAN_POINT('',(-3.7,-0.75,3.5));
#1975 = VECTOR('',#1976,1.);
#1976 = DIRECTION('',(2.22044604925E-16,-8.881784197001E-16,-1.));
#1977 = PCURVE('',#1608,#1978);
#1978 = DEFINITIONAL_REPRESENTATION('',(#1979),#1983);
#1979 = LINE('',#1980,#1981);
#1980 = CARTESIAN_POINT('',(-6.661338147751E-17,0.141421356237));
#1981 = VECTOR('',#1982,1.);
#1982 = DIRECTION('',(-1.,0.));
#1983 = ( GEOMETRIC_REPRESENTATION_CONTEXT(2) 
PARAMETRIC_REPRESENTATION_CONTEXT() REPRESENTATION_CONTEXT('2D SPACE',''
  ) );
#1984 = PCURVE('',#1856,#1985);
#1985 = DEFINITIONAL_REPRESENTATION('',(#1986),#1990);
#1986 = LINE('',#1987,#1988);
#1987 = CARTESIAN_POINT('',(4.440892098501E-17,-0.2));
#1988 = VECTOR('',#1989,1.);
#1989 = DIRECTION('',(1.,0.));
#1990 = ( GEOMETRIC_REPRESENTATION_CONTEXT(2) 
PARAMETRIC_REPRESENTATION_CONTEXT() REPRESENTATION_CONTEXT('2D SPACE',''
  ) );
#1991 = ADVANCED_FACE('',(#1992),#1524,.F.);
#1992 = FACE_BOUND('',#1993,.T.);
#1993 = EDGE_LOOP('',(#1994,#2017,#2018,#2019));
#1994 = ORIENTED_EDGE('',*,*,#1995,.F.);
#1995 = EDGE_CURVE('',#1509,#1996,#1998,.T.);
#1996 = VERTEX_POINT('',#1997);
#1997 = CARTESIAN_POINT('',(-3.7,-2.75,3.5));
#1998 = SURFACE_CURVE('',#1999,(#2003,#2010),.PCURVE_S1.);
#1999 = LINE('',#2000,#2001);
#2000 = CARTESIAN_POINT('',(-3.8,-2.85,3.5));
#2001 = VECTOR('',#2002,1.);
#2002 = DIRECTION('',(0.707106781187,0.707106781187,-4.710277376051E-16)
  );
#2003 = PCURVE('',#1524,#2004);
#2004 = DEFINITIONAL_REPRESENTATION('',(#2005),#2009);
#2005 = LINE('',#2006,#2007);
#2006 = CARTESIAN_POINT('',(1.972152263053E-31,-6.280369834735E-16));
#2007 = VECTOR('',#2008,1.);
#2008 = DIRECTION('',(-1.570092458684E-16,1.));
#2009 = ( GEOMETRIC_REPRESENTATION_CONTEXT(2) 
PARAMETRIC_REPRESENTATION_CONTEXT() REPRESENTATION_CONTEXT('2D SPACE',''
  ) );
#2010 = PCURVE('',#1552,#2011);
#2011 = DEFINITIONAL_REPRESENTATION('',(#2012),#2016);
#2012 = LINE('',#2013,#2014);
#2013 = CARTESIAN_POINT('',(-2.75,1.962615573355E-16));
#2014 = VECTOR('',#2015,1.);
#2015 = DIRECTION('',(-0.,1.));
#2016 = ( GEOMETRIC_REPRESENTATION_CONTEXT(2) 
PARAMETRIC_REPRESENTATION_CONTEXT() REPRESENTATION_CONTEXT('2D SPACE',''
  ) );
#2017 = ORIENTED_EDGE('',*,*,#1508,.T.);
#2018 = ORIENTED_EDGE('',*,*,#1793,.T.);
#2019 = ORIENTED_EDGE('',*,*,#2020,.F.);
#2020 = EDGE_CURVE('',#1996,#1764,#2021,.T.);
#2021 = SURFACE_CURVE('',#2022,(#2026,#2033),.PCURVE_S1.);
#2022 = LINE('',#2023,#2024);
#2023 = CARTESIAN_POINT('',(-3.7,-2.75,3.5));
#2024 = VECTOR('',#2025,1.);
#2025 = DIRECTION('',(0.,8.881784197001E-16,1.));
#2026 = PCURVE('',#1524,#2027);
#2027 = DEFINITIONAL_REPRESENTATION('',(#2028),#2032);
#2028 = LINE('',#2029,#2030);
#2029 = CARTESIAN_POINT('',(-4.440892098501E-17,0.141421356237));
#2030 = VECTOR('',#2031,1.);
#2031 = DIRECTION('',(-1.,-9.860761315263E-32));
#2032 = ( GEOMETRIC_REPRESENTATION_CONTEXT(2) 
PARAMETRIC_REPRESENTATION_CONTEXT() REPRESENTATION_CONTEXT('2D SPACE',''
  ) );
#2033 = PCURVE('',#1781,#2034);
#2034 = DEFINITIONAL_REPRESENTATION('',(#2035),#2039);
#2035 = LINE('',#2036,#2037);
#2036 = CARTESIAN_POINT('',(2.75,-0.2));
#2037 = VECTOR('',#2038,1.);
#2038 = DIRECTION('',(1.,-2.22044604925E-16));
#2039 = ( GEOMETRIC_REPRESENTATION_CONTEXT(2) 
PARAMETRIC_REPRESENTATION_CONTEXT() REPRESENTATION_CONTEXT('2D SPACE',''
  ) );
#2040 = ADVANCED_FACE('',(#2041),#1580,.F.);
#2041 = FACE_BOUND('',#2042,.T.);
#2042 = EDGE_LOOP('',(#2043,#2044,#2045,#2068));
#2043 = ORIENTED_EDGE('',*,*,#1948,.F.);
#2044 = ORIENTED_EDGE('',*,*,#1564,.T.);
#2045 = ORIENTED_EDGE('',*,*,#2046,.T.);
#2046 = EDGE_CURVE('',#1537,#2047,#2049,.T.);
#2047 = VERTEX_POINT('',#2048);
#2048 = CARTESIAN_POINT('',(-3.7,-2.75,0.75));
#2049 = SURFACE_CURVE('',#2050,(#2054,#2061),.PCURVE_S1.);
#2050 = LINE('',#2051,#2052);
#2051 = CARTESIAN_POINT('',(-3.433333333333,-2.483333333333,
    1.016666666667));
#2052 = VECTOR('',#2053,1.);
#2053 = DIRECTION('',(0.57735026919,0.57735026919,0.57735026919));
#2054 = PCURVE('',#1580,#2055);
#2055 = DEFINITIONAL_REPRESENTATION('',(#2056),#2060);
#2056 = LINE('',#2057,#2058);
#2057 = CARTESIAN_POINT('',(-1.733333333333,0.51854497287));
#2058 = VECTOR('',#2059,1.);
#2059 = DIRECTION('',(0.57735026919,0.816496580928));
#2060 = ( GEOMETRIC_REPRESENTATION_CONTEXT(2) 
PARAMETRIC_REPRESENTATION_CONTEXT() REPRESENTATION_CONTEXT('2D SPACE',''
  ) );
#2061 = PCURVE('',#1552,#2062);
#2062 = DEFINITIONAL_REPRESENTATION('',(#2063),#2067);
#2063 = LINE('',#2064,#2065);
#2064 = CARTESIAN_POINT('',(-0.266666666667,0.51854497287));
#2065 = VECTOR('',#2066,1.);
#2066 = DIRECTION('',(-0.57735026919,0.816496580928));
#2067 = ( GEOMETRIC_REPRESENTATION_CONTEXT(2) 
PARAMETRIC_REPRESENTATION_CONTEXT() REPRESENTATION_CONTEXT('2D SPACE',''
  ) );
#2068 = ORIENTED_EDGE('',*,*,#2069,.F.);
#2069 = EDGE_CURVE('',#1949,#2047,#2070,.T.);
#2070 = SURFACE_CURVE('',#2071,(#2075,#2082),.PCURVE_S1.);
#2071 = LINE('',#2072,#2073);
#2072 = CARTESIAN_POINT('',(-3.7,-0.75,0.75));
#2073 = VECTOR('',#2074,1.);
#2074 = DIRECTION('',(-2.22044604925E-16,-1.,8.881784197001E-16));
#2075 = PCURVE('',#1580,#2076);
#2076 = DEFINITIONAL_REPRESENTATION('',(#2077),#2081);
#2077 = LINE('',#2078,#2079);
#2078 = CARTESIAN_POINT('',(8.881784197001E-17,0.141421356237));
#2079 = VECTOR('',#2080,1.);
#2080 = DIRECTION('',(-1.,0.));
#2081 = ( GEOMETRIC_REPRESENTATION_CONTEXT(2) 
PARAMETRIC_REPRESENTATION_CONTEXT() REPRESENTATION_CONTEXT('2D SPACE',''
  ) );
#2082 = PCURVE('',#2083,#2088);
#2083 = PLANE('',#2084);
#2084 = AXIS2_PLACEMENT_3D('',#2085,#2086,#2087);
#2085 = CARTESIAN_POINT('',(-3.9,-0.75,0.75));
#2086 = DIRECTION('',(2.22044604925E-16,-8.881784197001E-16,-1.));
#2087 = DIRECTION('',(-2.22044604925E-16,-1.,8.881784197001E-16));
#2088 = DEFINITIONAL_REPRESENTATION('',(#2089),#2093);
#2089 = LINE('',#2090,#2091);
#2090 = CARTESIAN_POINT('',(-4.440892098501E-17,-0.2));
#2091 = VECTOR('',#2092,1.);
#2092 = DIRECTION('',(1.,-4.379057701015E-47));
#2093 = ( GEOMETRIC_REPRESENTATION_CONTEXT(2) 
PARAMETRIC_REPRESENTATION_CONTEXT() REPRESENTATION_CONTEXT('2D SPACE',''
  ) );
#2094 = ADVANCED_FACE('',(#2095),#1552,.F.);
#2095 = FACE_BOUND('',#2096,.T.);
#2096 = EDGE_LOOP('',(#2097,#2098,#2099,#2100));
#2097 = ORIENTED_EDGE('',*,*,#2046,.F.);
#2098 = ORIENTED_EDGE('',*,*,#1536,.T.);
#2099 = ORIENTED_EDGE('',*,*,#1995,.T.);
#2100 = ORIENTED_EDGE('',*,*,#2101,.F.);
#2101 = EDGE_CURVE('',#2047,#1996,#2102,.T.);
#2102 = SURFACE_CURVE('',#2103,(#2107,#2114),.PCURVE_S1.);
#2103 = LINE('',#2104,#2105);
#2104 = CARTESIAN_POINT('',(-3.7,-2.75,0.75));
#2105 = VECTOR('',#2106,1.);
#2106 = DIRECTION('',(-2.22044604925E-16,8.881784197001E-16,1.));
#2107 = PCURVE('',#1552,#2108);
#2108 = DEFINITIONAL_REPRESENTATION('',(#2109),#2113);
#2109 = LINE('',#2110,#2111);
#2110 = CARTESIAN_POINT('',(-2.22044604925E-17,0.141421356237));
#2111 = VECTOR('',#2112,1.);
#2112 = DIRECTION('',(-1.,-2.465190328816E-32));
#2113 = ( GEOMETRIC_REPRESENTATION_CONTEXT(2) 
PARAMETRIC_REPRESENTATION_CONTEXT() REPRESENTATION_CONTEXT('2D SPACE',''
  ) );
#2114 = PCURVE('',#1781,#2115);
#2115 = DEFINITIONAL_REPRESENTATION('',(#2116),#2120);
#2116 = LINE('',#2117,#2118);
#2117 = CARTESIAN_POINT('',(-4.440892098501E-17,-0.2));
#2118 = VECTOR('',#2119,1.);
#2119 = DIRECTION('',(1.,0.));
#2120 = ( GEOMETRIC_REPRESENTATION_CONTEXT(2) 
PARAMETRIC_REPRESENTATION_CONTEXT() REPRESENTATION_CONTEXT('2D SPACE',''
  ) );
#2121 = ADVANCED_FACE('',(#2122),#1666,.F.);
#2122 = FACE_BOUND('',#2123,.F.);
#2123 = EDGE_LOOP('',(#2124,#2125,#2148,#2176));
#2124 = ORIENTED_EDGE('',*,*,#1648,.T.);
#2125 = ORIENTED_EDGE('',*,*,#2126,.T.);
#2126 = EDGE_CURVE('',#1651,#2127,#2129,.T.);
#2127 = VERTEX_POINT('',#2128);
#2128 = CARTESIAN_POINT('',(3.5,-3.5,5.440092820663E-15));
#2129 = SURFACE_CURVE('',#2130,(#2134,#2141),.PCURVE_S1.);
#2130 = LINE('',#2131,#2132);
#2131 = CARTESIAN_POINT('',(-3.9,-3.5,5.329070518201E-15));
#2132 = VECTOR('',#2133,1.);
#2133 = DIRECTION('',(1.,0.,0.));
#2134 = PCURVE('',#1666,#2135);
#2135 = DEFINITIONAL_REPRESENTATION('',(#2136),#2140);
#2136 = LINE('',#2137,#2138);
#2137 = CARTESIAN_POINT('',(0.,-3.5));
#2138 = VECTOR('',#2139,1.);
#2139 = DIRECTION('',(1.,0.));
#2140 = ( GEOMETRIC_REPRESENTATION_CONTEXT(2) 
PARAMETRIC_REPRESENTATION_CONTEXT() REPRESENTATION_CONTEXT('2D SPACE',''
  ) );
#2141 = PCURVE('',#1694,#2142);
#2142 = DEFINITIONAL_REPRESENTATION('',(#2143),#2147);
#2143 = LINE('',#2144,#2145);
#2144 = CARTESIAN_POINT('',(3.899339514918,-3.776103348425));
#2145 = VECTOR('',#2146,1.);
#2146 = DIRECTION('',(0.,1.));
#2147 = ( GEOMETRIC_REPRESENTATION_CONTEXT(2) 
PARAMETRIC_REPRESENTATION_CONTEXT() REPRESENTATION_CONTEXT('2D SPACE',''
  ) );
#2148 = ORIENTED_EDGE('',*,*,#2149,.F.);
#2149 = EDGE_CURVE('',#2150,#2127,#2152,.T.);
#2150 = VERTEX_POINT('',#2151);
#2151 = CARTESIAN_POINT('',(3.5,0.,0.));
#2152 = SURFACE_CURVE('',#2153,(#2157,#2164),.PCURVE_S1.);
#2153 = LINE('',#2154,#2155);
#2154 = CARTESIAN_POINT('',(3.5,0.,0.));
#2155 = VECTOR('',#2156,1.);
#2156 = DIRECTION('',(0.,-1.,1.554312234475E-15));
#2157 = PCURVE('',#1666,#2158);
#2158 = DEFINITIONAL_REPRESENTATION('',(#2159),#2163);
#2159 = LINE('',#2160,#2161);
#2160 = CARTESIAN_POINT('',(7.4,0.));
#2161 = VECTOR('',#2162,1.);
#2162 = DIRECTION('',(0.,-1.));
#2163 = ( GEOMETRIC_REPRESENTATION_CONTEXT(2) 
PARAMETRIC_REPRESENTATION_CONTEXT() REPRESENTATION_CONTEXT('2D SPACE',''
  ) );
#2164 = PCURVE('',#2165,#2170);
#2165 = PLANE('',#2166);
#2166 = AXIS2_PLACEMENT_3D('',#2167,#2168,#2169);
#2167 = CARTESIAN_POINT('',(3.5,0.,0.));
#2168 = DIRECTION('',(-1.,0.,0.));
#2169 = DIRECTION('',(0.,1.554312234475E-15,1.));
#2170 = DEFINITIONAL_REPRESENTATION('',(#2171),#2175);
#2171 = LINE('',#2172,#2173);
#2172 = CARTESIAN_POINT('',(0.,0.));
#2173 = VECTOR('',#2174,1.);
#2174 = DIRECTION('',(0.,-1.));
#2175 = ( GEOMETRIC_REPRESENTATION_CONTEXT(2) 
PARAMETRIC_REPRESENTATION_CONTEXT() REPRESENTATION_CONTEXT('2D SPACE',''
  ) );
#2176 = ORIENTED_EDGE('',*,*,#2177,.F.);
#2177 = EDGE_CURVE('',#1649,#2150,#2178,.T.);
#2178 = SURFACE_CURVE('',#2179,(#2183,#2190),.PCURVE_S1.);
#2179 = LINE('',#2180,#2181);
#2180 = CARTESIAN_POINT('',(-3.9,0.,0.));
#2181 = VECTOR('',#2182,1.);
#2182 = DIRECTION('',(1.,0.,0.));
#2183 = PCURVE('',#1666,#2184);
#2184 = DEFINITIONAL_REPRESENTATION('',(#2185),#2189);
#2185 = LINE('',#2186,#2187);
#2186 = CARTESIAN_POINT('',(0.,0.));
#2187 = VECTOR('',#2188,1.);
#2188 = DIRECTION('',(1.,0.));
#2189 = ( GEOMETRIC_REPRESENTATION_CONTEXT(2) 
PARAMETRIC_REPRESENTATION_CONTEXT() REPRESENTATION_CONTEXT('2D SPACE',''
  ) );
#2190 = PCURVE('',#1748,#2191);
#2191 = DEFINITIONAL_REPRESENTATION('',(#2192),#2196);
#2192 = LINE('',#2193,#2194);
#2193 = CARTESIAN_POINT('',(3.899339514918,-3.776103348425));
#2194 = VECTOR('',#2195,1.);
#2195 = DIRECTION('',(0.,1.));
#2196 = ( GEOMETRIC_REPRESENTATION_CONTEXT(2) 
PARAMETRIC_REPRESENTATION_CONTEXT() REPRESENTATION_CONTEXT('2D SPACE',''
  ) );
#2197 = ADVANCED_FACE('',(#2198),#1748,.F.);
#2198 = FACE_BOUND('',#2199,.F.);
#2199 = EDGE_LOOP('',(#2200,#2230,#2251,#2252,#2253,#2276,#2304,#2332));
#2200 = ORIENTED_EDGE('',*,*,#2201,.T.);
#2201 = EDGE_CURVE('',#2202,#2204,#2206,.T.);
#2202 = VERTEX_POINT('',#2203);
#2203 = CARTESIAN_POINT('',(-2.,1.336708521649E-14,8.6));
#2204 = VERTEX_POINT('',#2205);
#2205 = CARTESIAN_POINT('',(-3.,7.771561172376E-15,5.));
#2206 = SURFACE_CURVE('',#2207,(#2211,#2218),.PCURVE_S1.);
#2207 = LINE('',#2208,#2209);
#2208 = CARTESIAN_POINT('',(-2.,1.336708521649E-14,8.6));
#2209 = VECTOR('',#2210,1.);
#2210 = DIRECTION('',(-0.267643863786,-1.497607675074E-15,-0.96351790963
    ));
#2211 = PCURVE('',#1748,#2212);
#2212 = DEFINITIONAL_REPRESENTATION('',(#2213),#2217);
#2213 = LINE('',#2214,#2215);
#2214 = CARTESIAN_POINT('',(-4.700660485082,-1.876103348425));
#2215 = VECTOR('',#2216,1.);
#2216 = DIRECTION('',(0.96351790963,-0.267643863786));
#2217 = ( GEOMETRIC_REPRESENTATION_CONTEXT(2) 
PARAMETRIC_REPRESENTATION_CONTEXT() REPRESENTATION_CONTEXT('2D SPACE',''
  ) );
#2218 = PCURVE('',#2219,#2224);
#2219 = PLANE('',#2220);
#2220 = AXIS2_PLACEMENT_3D('',#2221,#2222,#2223);
#2221 = CARTESIAN_POINT('',(-2.,1.336708521649E-14,8.6));
#2222 = DIRECTION('',(0.96351790963,-4.160021319649E-16,-0.267643863786)
  );
#2223 = DIRECTION('',(-0.267643863786,-1.497607675074E-15,-0.96351790963
    ));
#2224 = DEFINITIONAL_REPRESENTATION('',(#2225),#2229);
#2225 = LINE('',#2226,#2227);
#2226 = CARTESIAN_POINT('',(-0.,0.));
#2227 = VECTOR('',#2228,1.);
#2228 = DIRECTION('',(1.,0.));
#2229 = ( GEOMETRIC_REPRESENTATION_CONTEXT(2) 
PARAMETRIC_REPRESENTATION_CONTEXT() REPRESENTATION_CONTEXT('2D SPACE',''
  ) );
#2230 = ORIENTED_EDGE('',*,*,#2231,.F.);
#2231 = EDGE_CURVE('',#1707,#2204,#2232,.T.);
#2232 = SURFACE_CURVE('',#2233,(#2237,#2244),.PCURVE_S1.);
#2233 = LINE('',#2234,#2235);
#2234 = CARTESIAN_POINT('',(-3.9,7.771561172376E-15,5.));
#2235 = VECTOR('',#2236,1.);
#2236 = DIRECTION('',(1.,0.,0.));
#2237 = PCURVE('',#1748,#2238);
#2238 = DEFINITIONAL_REPRESENTATION('',(#2239),#2243);
#2239 = LINE('',#2240,#2241);
#2240 = CARTESIAN_POINT('',(-1.100660485082,-3.776103348425));
#2241 = VECTOR('',#2242,1.);
#2242 = DIRECTION('',(0.,1.));
#2243 = ( GEOMETRIC_REPRESENTATION_CONTEXT(2) 
PARAMETRIC_REPRESENTATION_CONTEXT() REPRESENTATION_CONTEXT('2D SPACE',''
  ) );
#2244 = PCURVE('',#1722,#2245);
#2245 = DEFINITIONAL_REPRESENTATION('',(#2246),#2250);
#2246 = LINE('',#2247,#2248);
#2247 = CARTESIAN_POINT('',(0.,-3.944304526105E-31));
#2248 = VECTOR('',#2249,1.);
#2249 = DIRECTION('',(1.,0.));
#2250 = ( GEOMETRIC_REPRESENTATION_CONTEXT(2) 
PARAMETRIC_REPRESENTATION_CONTEXT() REPRESENTATION_CONTEXT('2D SPACE',''
  ) );
#2251 = ORIENTED_EDGE('',*,*,#1734,.F.);
#2252 = ORIENTED_EDGE('',*,*,#2177,.T.);
#2253 = ORIENTED_EDGE('',*,*,#2254,.T.);
#2254 = EDGE_CURVE('',#2150,#2255,#2257,.T.);
#2255 = VERTEX_POINT('',#2256);
#2256 = CARTESIAN_POINT('',(3.5,9.325873406851E-15,6.));
#2257 = SURFACE_CURVE('',#2258,(#2262,#2269),.PCURVE_S1.);
#2258 = LINE('',#2259,#2260);
#2259 = CARTESIAN_POINT('',(3.5,0.,0.));
#2260 = VECTOR('',#2261,1.);
#2261 = DIRECTION('',(0.,1.554312234475E-15,1.));
#2262 = PCURVE('',#1748,#2263);
#2263 = DEFINITIONAL_REPRESENTATION('',(#2264),#2268);
#2264 = LINE('',#2265,#2266);
#2265 = CARTESIAN_POINT('',(3.899339514918,3.623896651575));
#2266 = VECTOR('',#2267,1.);
#2267 = DIRECTION('',(-1.,0.));
#2268 = ( GEOMETRIC_REPRESENTATION_CONTEXT(2) 
PARAMETRIC_REPRESENTATION_CONTEXT() REPRESENTATION_CONTEXT('2D SPACE',''
  ) );
#2269 = PCURVE('',#2165,#2270);
#2270 = DEFINITIONAL_REPRESENTATION('',(#2271),#2275);
#2271 = LINE('',#2272,#2273);
#2272 = CARTESIAN_POINT('',(0.,0.));
#2273 = VECTOR('',#2274,1.);
#2274 = DIRECTION('',(1.,0.));
#2275 = ( GEOMETRIC_REPRESENTATION_CONTEXT(2) 
PARAMETRIC_REPRESENTATION_CONTEXT() REPRESENTATION_CONTEXT('2D SPACE',''
  ) );
#2276 = ORIENTED_EDGE('',*,*,#2277,.T.);
#2277 = EDGE_CURVE('',#2255,#2278,#2280,.T.);
#2278 = VERTEX_POINT('',#2279);
#2279 = CARTESIAN_POINT('',(2.9,9.325873406851E-15,6.));
#2280 = SURFACE_CURVE('',#2281,(#2285,#2292),.PCURVE_S1.);
#2281 = LINE('',#2282,#2283);
#2282 = CARTESIAN_POINT('',(3.5,9.325873406851E-15,6.));
#2283 = VECTOR('',#2284,1.);
#2284 = DIRECTION('',(-1.,0.,0.));
#2285 = PCURVE('',#1748,#2286);
#2286 = DEFINITIONAL_REPRESENTATION('',(#2287),#2291);
#2287 = LINE('',#2288,#2289);
#2288 = CARTESIAN_POINT('',(-2.100660485082,3.623896651575));
#2289 = VECTOR('',#2290,1.);
#2290 = DIRECTION('',(0.,-1.));
#2291 = ( GEOMETRIC_REPRESENTATION_CONTEXT(2) 
PARAMETRIC_REPRESENTATION_CONTEXT() REPRESENTATION_CONTEXT('2D SPACE',''
  ) );
#2292 = PCURVE('',#2293,#2298);
#2293 = PLANE('',#2294);
#2294 = AXIS2_PLACEMENT_3D('',#2295,#2296,#2297);
#2295 = CARTESIAN_POINT('',(3.5,9.325873406851E-15,6.));
#2296 = DIRECTION('',(0.,-1.554312234475E-15,-1.));
#2297 = DIRECTION('',(-1.,0.,0.));
#2298 = DEFINITIONAL_REPRESENTATION('',(#2299),#2303);
#2299 = LINE('',#2300,#2301);
#2300 = CARTESIAN_POINT('',(0.,0.));
#2301 = VECTOR('',#2302,1.);
#2302 = DIRECTION('',(1.,0.));
#2303 = ( GEOMETRIC_REPRESENTATION_CONTEXT(2) 
PARAMETRIC_REPRESENTATION_CONTEXT() REPRESENTATION_CONTEXT('2D SPACE',''
  ) );
#2304 = ORIENTED_EDGE('',*,*,#2305,.F.);
#2305 = EDGE_CURVE('',#2306,#2278,#2308,.T.);
#2306 = VERTEX_POINT('',#2307);
#2307 = CARTESIAN_POINT('',(2.,1.336708521649E-14,8.6));
#2308 = SURFACE_CURVE('',#2309,(#2313,#2320),.PCURVE_S1.);
#2309 = LINE('',#2310,#2311);
#2310 = CARTESIAN_POINT('',(2.,1.336708521649E-14,8.6));
#2311 = VECTOR('',#2312,1.);
#2312 = DIRECTION('',(0.327110563883,-1.468803415357E-15,-0.94498607344)
  );
#2313 = PCURVE('',#1748,#2314);
#2314 = DEFINITIONAL_REPRESENTATION('',(#2315),#2319);
#2315 = LINE('',#2316,#2317);
#2316 = CARTESIAN_POINT('',(-4.700660485082,2.123896651575));
#2317 = VECTOR('',#2318,1.);
#2318 = DIRECTION('',(0.94498607344,0.327110563883));
#2319 = ( GEOMETRIC_REPRESENTATION_CONTEXT(2) 
PARAMETRIC_REPRESENTATION_CONTEXT() REPRESENTATION_CONTEXT('2D SPACE',''
  ) );
#2320 = PCURVE('',#2321,#2326);
#2321 = PLANE('',#2322);
#2322 = AXIS2_PLACEMENT_3D('',#2323,#2324,#2325);
#2323 = CARTESIAN_POINT('',(2.,1.336708521649E-14,8.6));
#2324 = DIRECTION('',(0.94498607344,5.084319514697E-16,0.327110563883));
#2325 = DIRECTION('',(0.327110563883,-1.468803415357E-15,-0.94498607344)
  );
#2326 = DEFINITIONAL_REPRESENTATION('',(#2327),#2331);
#2327 = LINE('',#2328,#2329);
#2328 = CARTESIAN_POINT('',(0.,0.));
#2329 = VECTOR('',#2330,1.);
#2330 = DIRECTION('',(1.,0.));
#2331 = ( GEOMETRIC_REPRESENTATION_CONTEXT(2) 
PARAMETRIC_REPRESENTATION_CONTEXT() REPRESENTATION_CONTEXT('2D SPACE',''
  ) );
#2332 = ORIENTED_EDGE('',*,*,#2333,.F.);
#2333 = EDGE_CURVE('',#2202,#2306,#2334,.T.);
#2334 = SURFACE_CURVE('',#2335,(#2339,#2346),.PCURVE_S1.);
#2335 = LINE('',#2336,#2337);
#2336 = CARTESIAN_POINT('',(-2.,1.336708521649E-14,8.6));
#2337 = VECTOR('',#2338,1.);
#2338 = DIRECTION('',(1.,0.,0.));
#2339 = PCURVE('',#1748,#2340);
#2340 = DEFINITIONAL_REPRESENTATION('',(#2341),#2345);
#2341 = LINE('',#2342,#2343);
#2342 = CARTESIAN_POINT('',(-4.700660485082,-1.876103348425));
#2343 = VECTOR('',#2344,1.);
#2344 = DIRECTION('',(0.,1.));
#2345 = ( GEOMETRIC_REPRESENTATION_CONTEXT(2) 
PARAMETRIC_REPRESENTATION_CONTEXT() REPRESENTATION_CONTEXT('2D SPACE',''
  ) );
#2346 = PCURVE('',#2347,#2352);
#2347 = PLANE('',#2348);
#2348 = AXIS2_PLACEMENT_3D('',#2349,#2350,#2351);
#2349 = CARTESIAN_POINT('',(-2.,1.336708521649E-14,8.6));
#2350 = DIRECTION('',(0.,1.554312234475E-15,1.));
#2351 = DIRECTION('',(1.,0.,0.));
#2352 = DEFINITIONAL_REPRESENTATION('',(#2353),#2357);
#2353 = LINE('',#2354,#2355);
#2354 = CARTESIAN_POINT('',(0.,0.));
#2355 = VECTOR('',#2356,1.);
#2356 = DIRECTION('',(1.,0.));
#2357 = ( GEOMETRIC_REPRESENTATION_CONTEXT(2) 
PARAMETRIC_REPRESENTATION_CONTEXT() REPRESENTATION_CONTEXT('2D SPACE',''
  ) );
#2358 = ADVANCED_FACE('',(#2359),#1694,.T.);
#2359 = FACE_BOUND('',#2360,.T.);
#2360 = EDGE_LOOP('',(#2361,#2386,#2407,#2408,#2409,#2432,#2455,#2478));
#2361 = ORIENTED_EDGE('',*,*,#2362,.T.);
#2362 = EDGE_CURVE('',#2363,#2365,#2367,.T.);
#2363 = VERTEX_POINT('',#2364);
#2364 = CARTESIAN_POINT('',(-2.,-3.5,8.6));
#2365 = VERTEX_POINT('',#2366);
#2366 = CARTESIAN_POINT('',(-3.,-3.5,5.));
#2367 = SURFACE_CURVE('',#2368,(#2372,#2379),.PCURVE_S1.);
#2368 = LINE('',#2369,#2370);
#2369 = CARTESIAN_POINT('',(-2.,-3.5,8.6));
#2370 = VECTOR('',#2371,1.);
#2371 = DIRECTION('',(-0.267643863786,-1.497607675074E-15,-0.96351790963
    ));
#2372 = PCURVE('',#1694,#2373);
#2373 = DEFINITIONAL_REPRESENTATION('',(#2374),#2378);
#2374 = LINE('',#2375,#2376);
#2375 = CARTESIAN_POINT('',(-4.700660485082,-1.876103348425));
#2376 = VECTOR('',#2377,1.);
#2377 = DIRECTION('',(0.96351790963,-0.267643863786));
#2378 = ( GEOMETRIC_REPRESENTATION_CONTEXT(2) 
PARAMETRIC_REPRESENTATION_CONTEXT() REPRESENTATION_CONTEXT('2D SPACE',''
  ) );
#2379 = PCURVE('',#2219,#2380);
#2380 = DEFINITIONAL_REPRESENTATION('',(#2381),#2385);
#2381 = LINE('',#2382,#2383);
#2382 = CARTESIAN_POINT('',(-1.236120620696E-15,-3.5));
#2383 = VECTOR('',#2384,1.);
#2384 = DIRECTION('',(1.,0.));
#2385 = ( GEOMETRIC_REPRESENTATION_CONTEXT(2) 
PARAMETRIC_REPRESENTATION_CONTEXT() REPRESENTATION_CONTEXT('2D SPACE',''
  ) );
#2386 = ORIENTED_EDGE('',*,*,#2387,.F.);
#2387 = EDGE_CURVE('',#1679,#2365,#2388,.T.);
#2388 = SURFACE_CURVE('',#2389,(#2393,#2400),.PCURVE_S1.);
#2389 = LINE('',#2390,#2391);
#2390 = CARTESIAN_POINT('',(-3.9,-3.5,5.));
#2391 = VECTOR('',#2392,1.);
#2392 = DIRECTION('',(1.,0.,0.));
#2393 = PCURVE('',#1694,#2394);
#2394 = DEFINITIONAL_REPRESENTATION('',(#2395),#2399);
#2395 = LINE('',#2396,#2397);
#2396 = CARTESIAN_POINT('',(-1.100660485082,-3.776103348425));
#2397 = VECTOR('',#2398,1.);
#2398 = DIRECTION('',(0.,1.));
#2399 = ( GEOMETRIC_REPRESENTATION_CONTEXT(2) 
PARAMETRIC_REPRESENTATION_CONTEXT() REPRESENTATION_CONTEXT('2D SPACE',''
  ) );
#2400 = PCURVE('',#1722,#2401);
#2401 = DEFINITIONAL_REPRESENTATION('',(#2402),#2406);
#2402 = LINE('',#2403,#2404);
#2403 = CARTESIAN_POINT('',(0.,-3.5));
#2404 = VECTOR('',#2405,1.);
#2405 = DIRECTION('',(1.,0.));
#2406 = ( GEOMETRIC_REPRESENTATION_CONTEXT(2) 
PARAMETRIC_REPRESENTATION_CONTEXT() REPRESENTATION_CONTEXT('2D SPACE',''
  ) );
#2407 = ORIENTED_EDGE('',*,*,#1678,.F.);
#2408 = ORIENTED_EDGE('',*,*,#2126,.T.);
#2409 = ORIENTED_EDGE('',*,*,#2410,.T.);
#2410 = EDGE_CURVE('',#2127,#2411,#2413,.T.);
#2411 = VERTEX_POINT('',#2412);
#2412 = CARTESIAN_POINT('',(3.5,-3.5,6.));
#2413 = SURFACE_CURVE('',#2414,(#2418,#2425),.PCURVE_S1.);
#2414 = LINE('',#2415,#2416);
#2415 = CARTESIAN_POINT('',(3.5,-3.5,5.329070518201E-15));
#2416 = VECTOR('',#2417,1.);
#2417 = DIRECTION('',(0.,1.554312234475E-15,1.));
#2418 = PCURVE('',#1694,#2419);
#2419 = DEFINITIONAL_REPRESENTATION('',(#2420),#2424);
#2420 = LINE('',#2421,#2422);
#2421 = CARTESIAN_POINT('',(3.899339514918,3.623896651575));
#2422 = VECTOR('',#2423,1.);
#2423 = DIRECTION('',(-1.,0.));
#2424 = ( GEOMETRIC_REPRESENTATION_CONTEXT(2) 
PARAMETRIC_REPRESENTATION_CONTEXT() REPRESENTATION_CONTEXT('2D SPACE',''
  ) );
#2425 = PCURVE('',#2165,#2426);
#2426 = DEFINITIONAL_REPRESENTATION('',(#2427),#2431);
#2427 = LINE('',#2428,#2429);
#2428 = CARTESIAN_POINT('',(-1.110223024625E-16,-3.5));
#2429 = VECTOR('',#2430,1.);
#2430 = DIRECTION('',(1.,0.));
#2431 = ( GEOMETRIC_REPRESENTATION_CONTEXT(2) 
PARAMETRIC_REPRESENTATION_CONTEXT() REPRESENTATION_CONTEXT('2D SPACE',''
  ) );
#2432 = ORIENTED_EDGE('',*,*,#2433,.T.);
#2433 = EDGE_CURVE('',#2411,#2434,#2436,.T.);
#2434 = VERTEX_POINT('',#2435);
#2435 = CARTESIAN_POINT('',(2.9,-3.5,6.));
#2436 = SURFACE_CURVE('',#2437,(#2441,#2448),.PCURVE_S1.);
#2437 = LINE('',#2438,#2439);
#2438 = CARTESIAN_POINT('',(3.5,-3.5,6.));
#2439 = VECTOR('',#2440,1.);
#2440 = DIRECTION('',(-1.,0.,0.));
#2441 = PCURVE('',#1694,#2442);
#2442 = DEFINITIONAL_REPRESENTATION('',(#2443),#2447);
#2443 = LINE('',#2444,#2445);
#2444 = CARTESIAN_POINT('',(-2.100660485082,3.623896651575));
#2445 = VECTOR('',#2446,1.);
#2446 = DIRECTION('',(0.,-1.));
#2447 = ( GEOMETRIC_REPRESENTATION_CONTEXT(2) 
PARAMETRIC_REPRESENTATION_CONTEXT() REPRESENTATION_CONTEXT('2D SPACE',''
  ) );
#2448 = PCURVE('',#2293,#2449);
#2449 = DEFINITIONAL_REPRESENTATION('',(#2450),#2454);
#2450 = LINE('',#2451,#2452);
#2451 = CARTESIAN_POINT('',(0.,-3.5));
#2452 = VECTOR('',#2453,1.);
#2453 = DIRECTION('',(1.,0.));
#2454 = ( GEOMETRIC_REPRESENTATION_CONTEXT(2) 
PARAMETRIC_REPRESENTATION_CONTEXT() REPRESENTATION_CONTEXT('2D SPACE',''
  ) );
#2455 = ORIENTED_EDGE('',*,*,#2456,.F.);
#2456 = EDGE_CURVE('',#2457,#2434,#2459,.T.);
#2457 = VERTEX_POINT('',#2458);
#2458 = CARTESIAN_POINT('',(2.,-3.5,8.6));
#2459 = SURFACE_CURVE('',#2460,(#2464,#2471),.PCURVE_S1.);
#2460 = LINE('',#2461,#2462);
#2461 = CARTESIAN_POINT('',(2.,-3.5,8.6));
#2462 = VECTOR('',#2463,1.);
#2463 = DIRECTION('',(0.327110563883,-1.468803415357E-15,-0.94498607344)
  );
#2464 = PCURVE('',#1694,#2465);
#2465 = DEFINITIONAL_REPRESENTATION('',(#2466),#2470);
#2466 = LINE('',#2467,#2468);
#2467 = CARTESIAN_POINT('',(-4.700660485082,2.123896651575));
#2468 = VECTOR('',#2469,1.);
#2469 = DIRECTION('',(0.94498607344,0.327110563883));
#2470 = ( GEOMETRIC_REPRESENTATION_CONTEXT(2) 
PARAMETRIC_REPRESENTATION_CONTEXT() REPRESENTATION_CONTEXT('2D SPACE',''
  ) );
#2471 = PCURVE('',#2321,#2472);
#2472 = DEFINITIONAL_REPRESENTATION('',(#2473),#2477);
#2473 = LINE('',#2474,#2475);
#2474 = CARTESIAN_POINT('',(-1.2993260982E-15,-3.5));
#2475 = VECTOR('',#2476,1.);
#2476 = DIRECTION('',(1.,0.));
#2477 = ( GEOMETRIC_REPRESENTATION_CONTEXT(2) 
PARAMETRIC_REPRESENTATION_CONTEXT() REPRESENTATION_CONTEXT('2D SPACE',''
  ) );
#2478 = ORIENTED_EDGE('',*,*,#2479,.F.);
#2479 = EDGE_CURVE('',#2363,#2457,#2480,.T.);
#2480 = SURFACE_CURVE('',#2481,(#2485,#2492),.PCURVE_S1.);
#2481 = LINE('',#2482,#2483);
#2482 = CARTESIAN_POINT('',(-2.,-3.5,8.6));
#2483 = VECTOR('',#2484,1.);
#2484 = DIRECTION('',(1.,0.,0.));
#2485 = PCURVE('',#1694,#2486);
#2486 = DEFINITIONAL_REPRESENTATION('',(#2487),#2491);
#2487 = LINE('',#2488,#2489);
#2488 = CARTESIAN_POINT('',(-4.700660485082,-1.876103348425));
#2489 = VECTOR('',#2490,1.);
#2490 = DIRECTION('',(0.,1.));
#2491 = ( GEOMETRIC_REPRESENTATION_CONTEXT(2) 
PARAMETRIC_REPRESENTATION_CONTEXT() REPRESENTATION_CONTEXT('2D SPACE',''
  ) );
#2492 = PCURVE('',#2347,#2493);
#2493 = DEFINITIONAL_REPRESENTATION('',(#2494),#2498);
#2494 = LINE('',#2495,#2496);
#2495 = CARTESIAN_POINT('',(0.,-3.5));
#2496 = VECTOR('',#2497,1.);
#2497 = DIRECTION('',(1.,0.));
#2498 = ( GEOMETRIC_REPRESENTATION_CONTEXT(2) 
PARAMETRIC_REPRESENTATION_CONTEXT() REPRESENTATION_CONTEXT('2D SPACE',''
  ) );
#2499 = ADVANCED_FACE('',(#2500),#1722,.T.);
#2500 = FACE_BOUND('',#2501,.T.);
#2501 = EDGE_LOOP('',(#2502,#2503,#2504,#2525));
#2502 = ORIENTED_EDGE('',*,*,#1706,.T.);
#2503 = ORIENTED_EDGE('',*,*,#2387,.T.);
#2504 = ORIENTED_EDGE('',*,*,#2505,.F.);
#2505 = EDGE_CURVE('',#2204,#2365,#2506,.T.);
#2506 = SURFACE_CURVE('',#2507,(#2511,#2518),.PCURVE_S1.);
#2507 = LINE('',#2508,#2509);
#2508 = CARTESIAN_POINT('',(-3.,7.771561172376E-15,5.));
#2509 = VECTOR('',#2510,1.);
#2510 = DIRECTION('',(0.,-1.,1.554312234475E-15));
#2511 = PCURVE('',#1722,#2512);
#2512 = DEFINITIONAL_REPRESENTATION('',(#2513),#2517);
#2513 = LINE('',#2514,#2515);
#2514 = CARTESIAN_POINT('',(0.9,0.));
#2515 = VECTOR('',#2516,1.);
#2516 = DIRECTION('',(0.,-1.));
#2517 = ( GEOMETRIC_REPRESENTATION_CONTEXT(2) 
PARAMETRIC_REPRESENTATION_CONTEXT() REPRESENTATION_CONTEXT('2D SPACE',''
  ) );
#2518 = PCURVE('',#2219,#2519);
#2519 = DEFINITIONAL_REPRESENTATION('',(#2520),#2524);
#2520 = LINE('',#2521,#2522);
#2521 = CARTESIAN_POINT('',(3.736308338454,3.944304526105E-31));
#2522 = VECTOR('',#2523,1.);
#2523 = DIRECTION('',(0.,-1.));
#2524 = ( GEOMETRIC_REPRESENTATION_CONTEXT(2) 
PARAMETRIC_REPRESENTATION_CONTEXT() REPRESENTATION_CONTEXT('2D SPACE',''
  ) );
#2525 = ORIENTED_EDGE('',*,*,#2231,.F.);
#2526 = ADVANCED_FACE('',(#2527),#1781,.F.);
#2527 = FACE_BOUND('',#2528,.F.);
#2528 = EDGE_LOOP('',(#2529,#2530,#2531,#2532,#2555,#2583));
#2529 = ORIENTED_EDGE('',*,*,#1763,.F.);
#2530 = ORIENTED_EDGE('',*,*,#2020,.F.);
#2531 = ORIENTED_EDGE('',*,*,#2101,.F.);
#2532 = ORIENTED_EDGE('',*,*,#2533,.T.);
#2533 = EDGE_CURVE('',#2047,#2534,#2536,.T.);
#2534 = VERTEX_POINT('',#2535);
#2535 = CARTESIAN_POINT('',(1.1,-2.75,0.75));
#2536 = SURFACE_CURVE('',#2537,(#2541,#2548),.PCURVE_S1.);
#2537 = LINE('',#2538,#2539);
#2538 = CARTESIAN_POINT('',(-3.9,-2.75,0.75));
#2539 = VECTOR('',#2540,1.);
#2540 = DIRECTION('',(1.,-2.22044604925E-16,2.22044604925E-16));
#2541 = PCURVE('',#1781,#2542);
#2542 = DEFINITIONAL_REPRESENTATION('',(#2543),#2547);
#2543 = LINE('',#2544,#2545);
#2544 = CARTESIAN_POINT('',(0.,0.));
#2545 = VECTOR('',#2546,1.);
#2546 = DIRECTION('',(0.,-1.));
#2547 = ( GEOMETRIC_REPRESENTATION_CONTEXT(2) 
PARAMETRIC_REPRESENTATION_CONTEXT() REPRESENTATION_CONTEXT('2D SPACE',''
  ) );
#2548 = PCURVE('',#2083,#2549);
#2549 = DEFINITIONAL_REPRESENTATION('',(#2550),#2554);
#2550 = LINE('',#2551,#2552);
#2551 = CARTESIAN_POINT('',(2.,-8.75811540203E-47));
#2552 = VECTOR('',#2553,1.);
#2553 = DIRECTION('',(4.379057701015E-47,-1.));
#2554 = ( GEOMETRIC_REPRESENTATION_CONTEXT(2) 
PARAMETRIC_REPRESENTATION_CONTEXT() REPRESENTATION_CONTEXT('2D SPACE',''
  ) );
#2555 = ORIENTED_EDGE('',*,*,#2556,.T.);
#2556 = EDGE_CURVE('',#2534,#2557,#2559,.T.);
#2557 = VERTEX_POINT('',#2558);
#2558 = CARTESIAN_POINT('',(1.1,-2.75,3.5));
#2559 = SURFACE_CURVE('',#2560,(#2564,#2571),.PCURVE_S1.);
#2560 = LINE('',#2561,#2562);
#2561 = CARTESIAN_POINT('',(1.1,-2.75,0.75));
#2562 = VECTOR('',#2563,1.);
#2563 = DIRECTION('',(-2.22044604925E-16,8.881784197001E-16,1.));
#2564 = PCURVE('',#1781,#2565);
#2565 = DEFINITIONAL_REPRESENTATION('',(#2566),#2570);
#2566 = LINE('',#2567,#2568);
#2567 = CARTESIAN_POINT('',(-1.972152263053E-31,-5.));
#2568 = VECTOR('',#2569,1.);
#2569 = DIRECTION('',(1.,0.));
#2570 = ( GEOMETRIC_REPRESENTATION_CONTEXT(2) 
PARAMETRIC_REPRESENTATION_CONTEXT() REPRESENTATION_CONTEXT('2D SPACE',''
  ) );
#2571 = PCURVE('',#2572,#2577);
#2572 = PLANE('',#2573);
#2573 = AXIS2_PLACEMENT_3D('',#2574,#2575,#2576);
#2574 = CARTESIAN_POINT('',(1.1,-1.75,2.125));
#2575 = DIRECTION('',(-1.,2.22044604925E-16,-1.614869854E-16));
#2576 = DIRECTION('',(-2.22044604925E-16,-1.,8.881784197001E-16));
#2577 = DEFINITIONAL_REPRESENTATION('',(#2578),#2582);
#2578 = LINE('',#2579,#2580);
#2579 = CARTESIAN_POINT('',(1.,-1.375));
#2580 = VECTOR('',#2581,1.);
#2581 = DIRECTION('',(7.395570986447E-32,1.));
#2582 = ( GEOMETRIC_REPRESENTATION_CONTEXT(2) 
PARAMETRIC_REPRESENTATION_CONTEXT() REPRESENTATION_CONTEXT('2D SPACE',''
  ) );
#2583 = ORIENTED_EDGE('',*,*,#2584,.F.);
#2584 = EDGE_CURVE('',#1766,#2557,#2585,.T.);
#2585 = SURFACE_CURVE('',#2586,(#2590,#2597),.PCURVE_S1.);
#2586 = LINE('',#2587,#2588);
#2587 = CARTESIAN_POINT('',(-3.9,-2.75,3.5));
#2588 = VECTOR('',#2589,1.);
#2589 = DIRECTION('',(1.,-2.22044604925E-16,2.22044604925E-16));
#2590 = PCURVE('',#1781,#2591);
#2591 = DEFINITIONAL_REPRESENTATION('',(#2592),#2596);
#2592 = LINE('',#2593,#2594);
#2593 = CARTESIAN_POINT('',(2.75,-1.665334536938E-16));
#2594 = VECTOR('',#2595,1.);
#2595 = DIRECTION('',(0.,-1.));
#2596 = ( GEOMETRIC_REPRESENTATION_CONTEXT(2) 
PARAMETRIC_REPRESENTATION_CONTEXT() REPRESENTATION_CONTEXT('2D SPACE',''
  ) );
#2597 = PCURVE('',#1882,#2598);
#2598 = DEFINITIONAL_REPRESENTATION('',(#2599),#2603);
#2599 = LINE('',#2600,#2601);
#2600 = CARTESIAN_POINT('',(0.,0.));
#2601 = VECTOR('',#2602,1.);
#2602 = DIRECTION('',(-4.379057701015E-47,-1.));
#2603 = ( GEOMETRIC_REPRESENTATION_CONTEXT(2) 
PARAMETRIC_REPRESENTATION_CONTEXT() REPRESENTATION_CONTEXT('2D SPACE',''
  ) );
#2604 = ADVANCED_FACE('',(#2605),#1882,.F.);
#2605 = FACE_BOUND('',#2606,.F.);
#2606 = EDGE_LOOP('',(#2607,#2608,#2631,#2652));
#2607 = ORIENTED_EDGE('',*,*,#2584,.T.);
#2608 = ORIENTED_EDGE('',*,*,#2609,.T.);
#2609 = EDGE_CURVE('',#2557,#2610,#2612,.T.);
#2610 = VERTEX_POINT('',#2611);
#2611 = CARTESIAN_POINT('',(1.1,-0.75,3.5));
#2612 = SURFACE_CURVE('',#2613,(#2617,#2624),.PCURVE_S1.);
#2613 = LINE('',#2614,#2615);
#2614 = CARTESIAN_POINT('',(1.1,-2.75,3.5));
#2615 = VECTOR('',#2616,1.);
#2616 = DIRECTION('',(2.22044604925E-16,1.,-8.881784197001E-16));
#2617 = PCURVE('',#1882,#2618);
#2618 = DEFINITIONAL_REPRESENTATION('',(#2619),#2623);
#2619 = LINE('',#2620,#2621);
#2620 = CARTESIAN_POINT('',(-2.22044604925E-16,-5.));
#2621 = VECTOR('',#2622,1.);
#2622 = DIRECTION('',(1.,-4.930380657631E-32));
#2623 = ( GEOMETRIC_REPRESENTATION_CONTEXT(2) 
PARAMETRIC_REPRESENTATION_CONTEXT() REPRESENTATION_CONTEXT('2D SPACE',''
  ) );
#2624 = PCURVE('',#2572,#2625);
#2625 = DEFINITIONAL_REPRESENTATION('',(#2626),#2630);
#2626 = LINE('',#2627,#2628);
#2627 = CARTESIAN_POINT('',(1.,1.375));
#2628 = VECTOR('',#2629,1.);
#2629 = DIRECTION('',(-1.,7.395570986447E-32));
#2630 = ( GEOMETRIC_REPRESENTATION_CONTEXT(2) 
PARAMETRIC_REPRESENTATION_CONTEXT() REPRESENTATION_CONTEXT('2D SPACE',''
  ) );
#2631 = ORIENTED_EDGE('',*,*,#2632,.F.);
#2632 = EDGE_CURVE('',#1841,#2610,#2633,.T.);
#2633 = SURFACE_CURVE('',#2634,(#2638,#2645),.PCURVE_S1.);
#2634 = LINE('',#2635,#2636);
#2635 = CARTESIAN_POINT('',(-3.9,-0.75,3.5));
#2636 = VECTOR('',#2637,1.);
#2637 = DIRECTION('',(1.,-2.22044604925E-16,2.22044604925E-16));
#2638 = PCURVE('',#1882,#2639);
#2639 = DEFINITIONAL_REPRESENTATION('',(#2640),#2644);
#2640 = LINE('',#2641,#2642);
#2641 = CARTESIAN_POINT('',(2.,-9.860761315263E-32));
#2642 = VECTOR('',#2643,1.);
#2643 = DIRECTION('',(-4.379057701015E-47,-1.));
#2644 = ( GEOMETRIC_REPRESENTATION_CONTEXT(2) 
PARAMETRIC_REPRESENTATION_CONTEXT() REPRESENTATION_CONTEXT('2D SPACE',''
  ) );
#2645 = PCURVE('',#1856,#2646);
#2646 = DEFINITIONAL_REPRESENTATION('',(#2647),#2651);
#2647 = LINE('',#2648,#2649);
#2648 = CARTESIAN_POINT('',(4.440892098501E-16,9.860761315263E-32));
#2649 = VECTOR('',#2650,1.);
#2650 = DIRECTION('',(0.,-1.));
#2651 = ( GEOMETRIC_REPRESENTATION_CONTEXT(2) 
PARAMETRIC_REPRESENTATION_CONTEXT() REPRESENTATION_CONTEXT('2D SPACE',''
  ) );
#2652 = ORIENTED_EDGE('',*,*,#1868,.F.);
#2653 = ADVANCED_FACE('',(#2654),#1856,.F.);
#2654 = FACE_BOUND('',#2655,.F.);
#2655 = EDGE_LOOP('',(#2656,#2657,#2658,#2681,#2702,#2703));
#2656 = ORIENTED_EDGE('',*,*,#1840,.T.);
#2657 = ORIENTED_EDGE('',*,*,#2632,.T.);
#2658 = ORIENTED_EDGE('',*,*,#2659,.T.);
#2659 = EDGE_CURVE('',#2610,#2660,#2662,.T.);
#2660 = VERTEX_POINT('',#2661);
#2661 = CARTESIAN_POINT('',(1.1,-0.75,0.75));
#2662 = SURFACE_CURVE('',#2663,(#2667,#2674),.PCURVE_S1.);
#2663 = LINE('',#2664,#2665);
#2664 = CARTESIAN_POINT('',(1.1,-0.75,3.5));
#2665 = VECTOR('',#2666,1.);
#2666 = DIRECTION('',(2.22044604925E-16,-8.881784197001E-16,-1.));
#2667 = PCURVE('',#1856,#2668);
#2668 = DEFINITIONAL_REPRESENTATION('',(#2669),#2673);
#2669 = LINE('',#2670,#2671);
#2670 = CARTESIAN_POINT('',(-2.22044604925E-16,-5.));
#2671 = VECTOR('',#2672,1.);
#2672 = DIRECTION('',(1.,0.));
#2673 = ( GEOMETRIC_REPRESENTATION_CONTEXT(2) 
PARAMETRIC_REPRESENTATION_CONTEXT() REPRESENTATION_CONTEXT('2D SPACE',''
  ) );
#2674 = PCURVE('',#2572,#2675);
#2675 = DEFINITIONAL_REPRESENTATION('',(#2676),#2680);
#2676 = LINE('',#2677,#2678);
#2677 = CARTESIAN_POINT('',(-1.,1.375));
#2678 = VECTOR('',#2679,1.);
#2679 = DIRECTION('',(-7.395570986447E-32,-1.));
#2680 = ( GEOMETRIC_REPRESENTATION_CONTEXT(2) 
PARAMETRIC_REPRESENTATION_CONTEXT() REPRESENTATION_CONTEXT('2D SPACE',''
  ) );
#2681 = ORIENTED_EDGE('',*,*,#2682,.F.);
#2682 = EDGE_CURVE('',#1949,#2660,#2683,.T.);
#2683 = SURFACE_CURVE('',#2684,(#2688,#2695),.PCURVE_S1.);
#2684 = LINE('',#2685,#2686);
#2685 = CARTESIAN_POINT('',(-3.9,-0.75,0.75));
#2686 = VECTOR('',#2687,1.);
#2687 = DIRECTION('',(1.,-2.22044604925E-16,2.22044604925E-16));
#2688 = PCURVE('',#1856,#2689);
#2689 = DEFINITIONAL_REPRESENTATION('',(#2690),#2694);
#2690 = LINE('',#2691,#2692);
#2691 = CARTESIAN_POINT('',(2.75,1.665334536938E-16));
#2692 = VECTOR('',#2693,1.);
#2693 = DIRECTION('',(0.,-1.));
#2694 = ( GEOMETRIC_REPRESENTATION_CONTEXT(2) 
PARAMETRIC_REPRESENTATION_CONTEXT() REPRESENTATION_CONTEXT('2D SPACE',''
  ) );
#2695 = PCURVE('',#2083,#2696);
#2696 = DEFINITIONAL_REPRESENTATION('',(#2697),#2701);
#2697 = LINE('',#2698,#2699);
#2698 = CARTESIAN_POINT('',(0.,0.));
#2699 = VECTOR('',#2700,1.);
#2700 = DIRECTION('',(4.379057701015E-47,-1.));
#2701 = ( GEOMETRIC_REPRESENTATION_CONTEXT(2) 
PARAMETRIC_REPRESENTATION_CONTEXT() REPRESENTATION_CONTEXT('2D SPACE',''
  ) );
#2702 = ORIENTED_EDGE('',*,*,#1971,.F.);
#2703 = ORIENTED_EDGE('',*,*,#1922,.F.);
#2704 = ADVANCED_FACE('',(#2705),#2083,.F.);
#2705 = FACE_BOUND('',#2706,.F.);
#2706 = EDGE_LOOP('',(#2707,#2708,#2729,#2730));
#2707 = ORIENTED_EDGE('',*,*,#2682,.T.);
#2708 = ORIENTED_EDGE('',*,*,#2709,.T.);
#2709 = EDGE_CURVE('',#2660,#2534,#2710,.T.);
#2710 = SURFACE_CURVE('',#2711,(#2715,#2722),.PCURVE_S1.);
#2711 = LINE('',#2712,#2713);
#2712 = CARTESIAN_POINT('',(1.1,-0.75,0.75));
#2713 = VECTOR('',#2714,1.);
#2714 = DIRECTION('',(-2.22044604925E-16,-1.,8.881784197001E-16));
#2715 = PCURVE('',#2083,#2716);
#2716 = DEFINITIONAL_REPRESENTATION('',(#2717),#2721);
#2717 = LINE('',#2718,#2719);
#2718 = CARTESIAN_POINT('',(-1.110223024625E-16,-5.));
#2719 = VECTOR('',#2720,1.);
#2720 = DIRECTION('',(1.,4.930380657631E-32));
#2721 = ( GEOMETRIC_REPRESENTATION_CONTEXT(2) 
PARAMETRIC_REPRESENTATION_CONTEXT() REPRESENTATION_CONTEXT('2D SPACE',''
  ) );
#2722 = PCURVE('',#2572,#2723);
#2723 = DEFINITIONAL_REPRESENTATION('',(#2724),#2728);
#2724 = LINE('',#2725,#2726);
#2725 = CARTESIAN_POINT('',(-1.,-1.375));
#2726 = VECTOR('',#2727,1.);
#2727 = DIRECTION('',(1.,-7.395570986447E-32));
#2728 = ( GEOMETRIC_REPRESENTATION_CONTEXT(2) 
PARAMETRIC_REPRESENTATION_CONTEXT() REPRESENTATION_CONTEXT('2D SPACE',''
  ) );
#2729 = ORIENTED_EDGE('',*,*,#2533,.F.);
#2730 = ORIENTED_EDGE('',*,*,#2069,.F.);
#2731 = ADVANCED_FACE('',(#2732),#2165,.F.);
#2732 = FACE_BOUND('',#2733,.F.);
#2733 = EDGE_LOOP('',(#2734,#2735,#2736,#2757));
#2734 = ORIENTED_EDGE('',*,*,#2149,.T.);
#2735 = ORIENTED_EDGE('',*,*,#2410,.T.);
#2736 = ORIENTED_EDGE('',*,*,#2737,.F.);
#2737 = EDGE_CURVE('',#2255,#2411,#2738,.T.);
#2738 = SURFACE_CURVE('',#2739,(#2743,#2750),.PCURVE_S1.);
#2739 = LINE('',#2740,#2741);
#2740 = CARTESIAN_POINT('',(3.5,9.325873406851E-15,6.));
#2741 = VECTOR('',#2742,1.);
#2742 = DIRECTION('',(0.,-1.,1.554312234475E-15));
#2743 = PCURVE('',#2165,#2744);
#2744 = DEFINITIONAL_REPRESENTATION('',(#2745),#2749);
#2745 = LINE('',#2746,#2747);
#2746 = CARTESIAN_POINT('',(6.,0.));
#2747 = VECTOR('',#2748,1.);
#2748 = DIRECTION('',(0.,-1.));
#2749 = ( GEOMETRIC_REPRESENTATION_CONTEXT(2) 
PARAMETRIC_REPRESENTATION_CONTEXT() REPRESENTATION_CONTEXT('2D SPACE',''
  ) );
#2750 = PCURVE('',#2293,#2751);
#2751 = DEFINITIONAL_REPRESENTATION('',(#2752),#2756);
#2752 = LINE('',#2753,#2754);
#2753 = CARTESIAN_POINT('',(0.,0.));
#2754 = VECTOR('',#2755,1.);
#2755 = DIRECTION('',(0.,-1.));
#2756 = ( GEOMETRIC_REPRESENTATION_CONTEXT(2) 
PARAMETRIC_REPRESENTATION_CONTEXT() REPRESENTATION_CONTEXT('2D SPACE',''
  ) );
#2757 = ORIENTED_EDGE('',*,*,#2254,.F.);
#2758 = ADVANCED_FACE('',(#2759),#2219,.F.);
#2759 = FACE_BOUND('',#2760,.F.);
#2760 = EDGE_LOOP('',(#2761,#2782,#2783,#2784));
#2761 = ORIENTED_EDGE('',*,*,#2762,.T.);
#2762 = EDGE_CURVE('',#2202,#2363,#2763,.T.);
#2763 = SURFACE_CURVE('',#2764,(#2768,#2775),.PCURVE_S1.);
#2764 = LINE('',#2765,#2766);
#2765 = CARTESIAN_POINT('',(-2.,1.336708521649E-14,8.6));
#2766 = VECTOR('',#2767,1.);
#2767 = DIRECTION('',(0.,-1.,1.554312234475E-15));
#2768 = PCURVE('',#2219,#2769);
#2769 = DEFINITIONAL_REPRESENTATION('',(#2770),#2774);
#2770 = LINE('',#2771,#2772);
#2771 = CARTESIAN_POINT('',(-0.,0.));
#2772 = VECTOR('',#2773,1.);
#2773 = DIRECTION('',(0.,-1.));
#2774 = ( GEOMETRIC_REPRESENTATION_CONTEXT(2) 
PARAMETRIC_REPRESENTATION_CONTEXT() REPRESENTATION_CONTEXT('2D SPACE',''
  ) );
#2775 = PCURVE('',#2347,#2776);
#2776 = DEFINITIONAL_REPRESENTATION('',(#2777),#2781);
#2777 = LINE('',#2778,#2779);
#2778 = CARTESIAN_POINT('',(0.,0.));
#2779 = VECTOR('',#2780,1.);
#2780 = DIRECTION('',(0.,-1.));
#2781 = ( GEOMETRIC_REPRESENTATION_CONTEXT(2) 
PARAMETRIC_REPRESENTATION_CONTEXT() REPRESENTATION_CONTEXT('2D SPACE',''
  ) );
#2782 = ORIENTED_EDGE('',*,*,#2362,.T.);
#2783 = ORIENTED_EDGE('',*,*,#2505,.F.);
#2784 = ORIENTED_EDGE('',*,*,#2201,.F.);
#2785 = ADVANCED_FACE('',(#2786),#2293,.F.);
#2786 = FACE_BOUND('',#2787,.F.);
#2787 = EDGE_LOOP('',(#2788,#2789,#2790,#2811));
#2788 = ORIENTED_EDGE('',*,*,#2737,.T.);
#2789 = ORIENTED_EDGE('',*,*,#2433,.T.);
#2790 = ORIENTED_EDGE('',*,*,#2791,.F.);
#2791 = EDGE_CURVE('',#2278,#2434,#2792,.T.);
#2792 = SURFACE_CURVE('',#2793,(#2797,#2804),.PCURVE_S1.);
#2793 = LINE('',#2794,#2795);
#2794 = CARTESIAN_POINT('',(2.9,9.325873406851E-15,6.));
#2795 = VECTOR('',#2796,1.);
#2796 = DIRECTION('',(0.,-1.,1.554312234475E-15));
#2797 = PCURVE('',#2293,#2798);
#2798 = DEFINITIONAL_REPRESENTATION('',(#2799),#2803);
#2799 = LINE('',#2800,#2801);
#2800 = CARTESIAN_POINT('',(0.6,0.));
#2801 = VECTOR('',#2802,1.);
#2802 = DIRECTION('',(0.,-1.));
#2803 = ( GEOMETRIC_REPRESENTATION_CONTEXT(2) 
PARAMETRIC_REPRESENTATION_CONTEXT() REPRESENTATION_CONTEXT('2D SPACE',''
  ) );
#2804 = PCURVE('',#2321,#2805);
#2805 = DEFINITIONAL_REPRESENTATION('',(#2806),#2810);
#2806 = LINE('',#2807,#2808);
#2807 = CARTESIAN_POINT('',(2.75136329844,-1.972152263053E-31));
#2808 = VECTOR('',#2809,1.);
#2809 = DIRECTION('',(0.,-1.));
#2810 = ( GEOMETRIC_REPRESENTATION_CONTEXT(2) 
PARAMETRIC_REPRESENTATION_CONTEXT() REPRESENTATION_CONTEXT('2D SPACE',''
  ) );
#2811 = ORIENTED_EDGE('',*,*,#2277,.F.);
#2812 = ADVANCED_FACE('',(#2813),#2321,.T.);
#2813 = FACE_BOUND('',#2814,.T.);
#2814 = EDGE_LOOP('',(#2815,#2836,#2837,#2838));
#2815 = ORIENTED_EDGE('',*,*,#2816,.T.);
#2816 = EDGE_CURVE('',#2306,#2457,#2817,.T.);
#2817 = SURFACE_CURVE('',#2818,(#2822,#2829),.PCURVE_S1.);
#2818 = LINE('',#2819,#2820);
#2819 = CARTESIAN_POINT('',(2.,1.336708521649E-14,8.6));
#2820 = VECTOR('',#2821,1.);
#2821 = DIRECTION('',(0.,-1.,1.554312234475E-15));
#2822 = PCURVE('',#2321,#2823);
#2823 = DEFINITIONAL_REPRESENTATION('',(#2824),#2828);
#2824 = LINE('',#2825,#2826);
#2825 = CARTESIAN_POINT('',(0.,0.));
#2826 = VECTOR('',#2827,1.);
#2827 = DIRECTION('',(0.,-1.));
#2828 = ( GEOMETRIC_REPRESENTATION_CONTEXT(2) 
PARAMETRIC_REPRESENTATION_CONTEXT() REPRESENTATION_CONTEXT('2D SPACE',''
  ) );
#2829 = PCURVE('',#2347,#2830);
#2830 = DEFINITIONAL_REPRESENTATION('',(#2831),#2835);
#2831 = LINE('',#2832,#2833);
#2832 = CARTESIAN_POINT('',(4.,0.));
#2833 = VECTOR('',#2834,1.);
#2834 = DIRECTION('',(0.,-1.));
#2835 = ( GEOMETRIC_REPRESENTATION_CONTEXT(2) 
PARAMETRIC_REPRESENTATION_CONTEXT() REPRESENTATION_CONTEXT('2D SPACE',''
  ) );
#2836 = ORIENTED_EDGE('',*,*,#2456,.T.);
#2837 = ORIENTED_EDGE('',*,*,#2791,.F.);
#2838 = ORIENTED_EDGE('',*,*,#2305,.F.);
#2839 = ADVANCED_FACE('',(#2840,#2846),#2347,.T.);
#2840 = FACE_BOUND('',#2841,.T.);
#2841 = EDGE_LOOP('',(#2842,#2843,#2844,#2845));
#2842 = ORIENTED_EDGE('',*,*,#2762,.T.);
#2843 = ORIENTED_EDGE('',*,*,#2479,.T.);
#2844 = ORIENTED_EDGE('',*,*,#2816,.F.);
#2845 = ORIENTED_EDGE('',*,*,#2333,.F.);
#2846 = FACE_BOUND('',#2847,.T.);
#2847 = EDGE_LOOP('',(#2848));
#2848 = ORIENTED_EDGE('',*,*,#2849,.F.);
#2849 = EDGE_CURVE('',#2850,#2850,#2852,.T.);
#2850 = VERTEX_POINT('',#2851);
#2851 = CARTESIAN_POINT('',(1.5,-1.75,8.6));
#2852 = SURFACE_CURVE('',#2853,(#2858,#2865),.PCURVE_S1.);
#2853 = CIRCLE('',#2854,1.5);
#2854 = AXIS2_PLACEMENT_3D('',#2855,#2856,#2857);
#2855 = CARTESIAN_POINT('',(0.,-1.75,8.6));
#2856 = DIRECTION('',(-0.,4.440892098501E-16,1.));
#2857 = DIRECTION('',(1.,0.,0.));
#2858 = PCURVE('',#2347,#2859);
#2859 = DEFINITIONAL_REPRESENTATION('',(#2860),#2864);
#2860 = CIRCLE('',#2861,1.5);
#2861 = AXIS2_PLACEMENT_2D('',#2862,#2863);
#2862 = CARTESIAN_POINT('',(2.,-1.75));
#2863 = DIRECTION('',(1.,0.));
#2864 = ( GEOMETRIC_REPRESENTATION_CONTEXT(2) 
PARAMETRIC_REPRESENTATION_CONTEXT() REPRESENTATION_CONTEXT('2D SPACE',''
  ) );
#2865 = PCURVE('',#2866,#2871);
#2866 = CYLINDRICAL_SURFACE('',#2867,1.5);
#2867 = AXIS2_PLACEMENT_3D('',#2868,#2869,#2870);
#2868 = CARTESIAN_POINT('',(0.,-1.75,8.6));
#2869 = DIRECTION('',(0.,4.440892098501E-16,1.));
#2870 = DIRECTION('',(1.,0.,0.));
#2871 = DEFINITIONAL_REPRESENTATION('',(#2872),#2875);
#2872 = B_SPLINE_CURVE_WITH_KNOTS('',1,(#2873,#2874),.UNSPECIFIED.,.F.,
  .F.,(2,2),(0.,6.28318530718),.PIECEWISE_BEZIER_KNOTS.);
#2873 = CARTESIAN_POINT('',(0.,0.));
#2874 = CARTESIAN_POINT('',(6.28318530718,0.));
#2875 = ( GEOMETRIC_REPRESENTATION_CONTEXT(2) 
PARAMETRIC_REPRESENTATION_CONTEXT() REPRESENTATION_CONTEXT('2D SPACE',''
  ) );
#2876 = ADVANCED_FACE('',(#2877),#2572,.T.);
#2877 = FACE_BOUND('',#2878,.T.);
#2878 = EDGE_LOOP('',(#2879,#2880,#2881,#2882));
#2879 = ORIENTED_EDGE('',*,*,#2709,.T.);
#2880 = ORIENTED_EDGE('',*,*,#2556,.T.);
#2881 = ORIENTED_EDGE('',*,*,#2609,.T.);
#2882 = ORIENTED_EDGE('',*,*,#2659,.T.);
#2883 = ADVANCED_FACE('',(#2884),#2866,.F.);
#2884 = FACE_BOUND('',#2885,.F.);
#2885 = EDGE_LOOP('',(#2886,#2907,#2933,#2934));
#2886 = ORIENTED_EDGE('',*,*,#2887,.T.);
#2887 = EDGE_CURVE('',#2850,#2888,#2890,.T.);
#2888 = VERTEX_POINT('',#2889);
#2889 = CARTESIAN_POINT('',(1.5,-1.75,7.6));
#2890 = SEAM_CURVE('',#2891,(#2895,#2901),.PCURVE_S1.);
#2891 = LINE('',#2892,#2893);
#2892 = CARTESIAN_POINT('',(1.5,-1.75,8.6));
#2893 = VECTOR('',#2894,1.);
#2894 = DIRECTION('',(0.,-4.440892098501E-16,-1.));
#2895 = PCURVE('',#2866,#2896);
#2896 = DEFINITIONAL_REPRESENTATION('',(#2897),#2900);
#2897 = B_SPLINE_CURVE_WITH_KNOTS('',1,(#2898,#2899),.UNSPECIFIED.,.F.,
  .F.,(2,2),(0.,1.),.PIECEWISE_BEZIER_KNOTS.);
#2898 = CARTESIAN_POINT('',(0.,0.));
#2899 = CARTESIAN_POINT('',(0.,-1.));
#2900 = ( GEOMETRIC_REPRESENTATION_CONTEXT(2) 
PARAMETRIC_REPRESENTATION_CONTEXT() REPRESENTATION_CONTEXT('2D SPACE',''
  ) );
#2901 = PCURVE('',#2866,#2902);
#2902 = DEFINITIONAL_REPRESENTATION('',(#2903),#2906);
#2903 = B_SPLINE_CURVE_WITH_KNOTS('',1,(#2904,#2905),.UNSPECIFIED.,.F.,
  .F.,(2,2),(0.,1.),.PIECEWISE_BEZIER_KNOTS.);
#2904 = CARTESIAN_POINT('',(6.28318530718,0.));
#2905 = CARTESIAN_POINT('',(6.28318530718,-1.));
#2906 = ( GEOMETRIC_REPRESENTATION_CONTEXT(2) 
PARAMETRIC_REPRESENTATION_CONTEXT() REPRESENTATION_CONTEXT('2D SPACE',''
  ) );
#2907 = ORIENTED_EDGE('',*,*,#2908,.T.);
#2908 = EDGE_CURVE('',#2888,#2888,#2909,.T.);
#2909 = SURFACE_CURVE('',#2910,(#2915,#2921),.PCURVE_S1.);
#2910 = CIRCLE('',#2911,1.5);
#2911 = AXIS2_PLACEMENT_3D('',#2912,#2913,#2914);
#2912 = CARTESIAN_POINT('',(0.,-1.75,7.6));
#2913 = DIRECTION('',(-0.,4.440892098501E-16,1.));
#2914 = DIRECTION('',(1.,0.,0.));
#2915 = PCURVE('',#2866,#2916);
#2916 = DEFINITIONAL_REPRESENTATION('',(#2917),#2920);
#2917 = B_SPLINE_CURVE_WITH_KNOTS('',1,(#2918,#2919),.UNSPECIFIED.,.F.,
  .F.,(2,2),(0.,6.28318530718),.PIECEWISE_BEZIER_KNOTS.);
#2918 = CARTESIAN_POINT('',(0.,-1.));
#2919 = CARTESIAN_POINT('',(6.28318530718,-1.));
#2920 = ( GEOMETRIC_REPRESENTATION_CONTEXT(2) 
PARAMETRIC_REPRESENTATION_CONTEXT() REPRESENTATION_CONTEXT('2D SPACE',''
  ) );
#2921 = PCURVE('',#2922,#2927);
#2922 = PLANE('',#2923);
#2923 = AXIS2_PLACEMENT_3D('',#2924,#2925,#2926);
#2924 = CARTESIAN_POINT('',(-8.546500828371E-17,-1.75,7.6));
#2925 = DIRECTION('',(0.,4.440892098501E-16,1.));
#2926 = DIRECTION('',(1.,0.,0.));
#2927 = DEFINITIONAL_REPRESENTATION('',(#2928),#2932);
#2928 = CIRCLE('',#2929,1.5);
#2929 = AXIS2_PLACEMENT_2D('',#2930,#2931);
#2930 = CARTESIAN_POINT('',(8.546500828371E-17,0.));
#2931 = DIRECTION('',(1.,0.));
#2932 = ( GEOMETRIC_REPRESENTATION_CONTEXT(2) 
PARAMETRIC_REPRESENTATION_CONTEXT() REPRESENTATION_CONTEXT('2D SPACE',''
  ) );
#2933 = ORIENTED_EDGE('',*,*,#2887,.F.);
#2934 = ORIENTED_EDGE('',*,*,#2849,.F.);
#2935 = ADVANCED_FACE('',(#2936),#2922,.T.);
#2936 = FACE_BOUND('',#2937,.T.);
#2937 = EDGE_LOOP('',(#2938));
#2938 = ORIENTED_EDGE('',*,*,#2908,.T.);
#2939 = ( GEOMETRIC_REPRESENTATION_CONTEXT(3) 
GLOBAL_UNCERTAINTY_ASSIGNED_CONTEXT((#2943)) 
GLOBAL_UNIT_ASSIGNED_CONTEXT((#2940,#2941,#2942)) REPRESENTATION_CONTEXT
('Context #1','3D Context with UNIT and UNCERTAINTY') );
#2940 = ( LENGTH_UNIT() NAMED_UNIT(*) SI_UNIT(.MILLI.,.METRE.) );
#2941 = ( NAMED_UNIT(*) PLANE_ANGLE_UNIT() SI_UNIT($,.RADIAN.) );
#2942 = ( NAMED_UNIT(*) SI_UNIT($,.STERADIAN.) SOLID_ANGLE_UNIT() );
#2943 = UNCERTAINTY_MEASURE_WITH_UNIT(LENGTH_MEASURE(2.E-05),#2940,
  'distance_accuracy_value','confusion accuracy');
#2944 = PRODUCT_RELATED_PRODUCT_CATEGORY('part',$,(#1417));
#2945 = SHAPE_DEFINITION_REPRESENTATION(#2946,#2952);
#2946 = PRODUCT_DEFINITION_SHAPE('','',#2947);
#2947 = PRODUCT_DEFINITION('design','',#2948,#2951);
#2948 = PRODUCT_DEFINITION_FORMATION('','',#2949);
#2949 = PRODUCT('Pin001','Pin001','',(#2950));
#2950 = PRODUCT_CONTEXT('',#2,'mechanical');
#2951 = PRODUCT_DEFINITION_CONTEXT('part definition',#2,'design');
#2952 = ADVANCED_BREP_SHAPE_REPRESENTATION('',(#11,#2953),#3439);
#2953 = MANIFOLD_SOLID_BREP('',#2954);
#2954 = CLOSED_SHELL('',(#2955,#3075,#3207,#3256,#3305,#3378,#3405,#3432
    ));
#2955 = ADVANCED_FACE('',(#2956),#2970,.F.);
#2956 = FACE_BOUND('',#2957,.F.);
#2957 = EDGE_LOOP('',(#2958,#2993,#3021,#3049));
#2958 = ORIENTED_EDGE('',*,*,#2959,.T.);
#2959 = EDGE_CURVE('',#2960,#2962,#2964,.T.);
#2960 = VERTEX_POINT('',#2961);
#2961 = CARTESIAN_POINT('',(-0.155067,-1.361072,0.));
#2962 = VERTEX_POINT('',#2963);
#2963 = CARTESIAN_POINT('',(-0.155067,-1.361072,-3.3));
#2964 = SURFACE_CURVE('',#2965,(#2969,#2981),.PCURVE_S1.);
#2965 = LINE('',#2966,#2967);
#2966 = CARTESIAN_POINT('',(-0.155067,-1.361072,0.));
#2967 = VECTOR('',#2968,1.);
#2968 = DIRECTION('',(-0.,-0.,-1.));
#2969 = PCURVE('',#2970,#2975);
#2970 = PLANE('',#2971);
#2971 = AXIS2_PLACEMENT_3D('',#2972,#2973,#2974);
#2972 = CARTESIAN_POINT('',(-0.155067,-1.361072,0.));
#2973 = DIRECTION('',(0.,-1.,0.));
#2974 = DIRECTION('',(1.,0.,0.));
#2975 = DEFINITIONAL_REPRESENTATION('',(#2976),#2980);
#2976 = LINE('',#2977,#2978);
#2977 = CARTESIAN_POINT('',(0.,0.));
#2978 = VECTOR('',#2979,1.);
#2979 = DIRECTION('',(0.,-1.));
#2980 = ( GEOMETRIC_REPRESENTATION_CONTEXT(2) 
PARAMETRIC_REPRESENTATION_CONTEXT() REPRESENTATION_CONTEXT('2D SPACE',''
  ) );
#2981 = PCURVE('',#2982,#2987);
#2982 = PLANE('',#2983);
#2983 = AXIS2_PLACEMENT_3D('',#2984,#2985,#2986);
#2984 = CARTESIAN_POINT('',(-0.155067,-2.132777,0.));
#2985 = DIRECTION('',(1.,0.,0.));
#2986 = DIRECTION('',(0.,1.,0.));
#2987 = DEFINITIONAL_REPRESENTATION('',(#2988),#2992);
#2988 = LINE('',#2989,#2990);
#2989 = CARTESIAN_POINT('',(0.771705,0.));
#2990 = VECTOR('',#2991,1.);
#2991 = DIRECTION('',(0.,-1.));
#2992 = ( GEOMETRIC_REPRESENTATION_CONTEXT(2) 
PARAMETRIC_REPRESENTATION_CONTEXT() REPRESENTATION_CONTEXT('2D SPACE',''
  ) );
#2993 = ORIENTED_EDGE('',*,*,#2994,.T.);
#2994 = EDGE_CURVE('',#2962,#2995,#2997,.T.);
#2995 = VERTEX_POINT('',#2996);
#2996 = CARTESIAN_POINT('',(0.159189,-1.361072,-3.3));
#2997 = SURFACE_CURVE('',#2998,(#3002,#3009),.PCURVE_S1.);
#2998 = LINE('',#2999,#3000);
#2999 = CARTESIAN_POINT('',(-0.155067,-1.361072,-3.3));
#3000 = VECTOR('',#3001,1.);
#3001 = DIRECTION('',(1.,0.,0.));
#3002 = PCURVE('',#2970,#3003);
#3003 = DEFINITIONAL_REPRESENTATION('',(#3004),#3008);
#3004 = LINE('',#3005,#3006);
#3005 = CARTESIAN_POINT('',(0.,-3.3));
#3006 = VECTOR('',#3007,1.);
#3007 = DIRECTION('',(1.,0.));
#3008 = ( GEOMETRIC_REPRESENTATION_CONTEXT(2) 
PARAMETRIC_REPRESENTATION_CONTEXT() REPRESENTATION_CONTEXT('2D SPACE',''
  ) );
#3009 = PCURVE('',#3010,#3015);
#3010 = PLANE('',#3011);
#3011 = AXIS2_PLACEMENT_3D('',#3012,#3013,#3014);
#3012 = CARTESIAN_POINT('',(-0.155067,-1.511072,-3.45));
#3013 = DIRECTION('',(-3.472568050348E-18,-0.707106781187,0.707106781187
    ));
#3014 = DIRECTION('',(-1.,2.455476416533E-18,-2.455476416533E-18));
#3015 = DEFINITIONAL_REPRESENTATION('',(#3016),#3020);
#3016 = LINE('',#3017,#3018);
#3017 = CARTESIAN_POINT('',(-2.407412430484E-34,-0.212132034356));
#3018 = VECTOR('',#3019,1.);
#3019 = DIRECTION('',(-1.,0.));
#3020 = ( GEOMETRIC_REPRESENTATION_CONTEXT(2) 
PARAMETRIC_REPRESENTATION_CONTEXT() REPRESENTATION_CONTEXT('2D SPACE',''
  ) );
#3021 = ORIENTED_EDGE('',*,*,#3022,.F.);
#3022 = EDGE_CURVE('',#3023,#2995,#3025,.T.);
#3023 = VERTEX_POINT('',#3024);
#3024 = CARTESIAN_POINT('',(0.159189,-1.361072,0.));
#3025 = SURFACE_CURVE('',#3026,(#3030,#3037),.PCURVE_S1.);
#3026 = LINE('',#3027,#3028);
#3027 = CARTESIAN_POINT('',(0.159189,-1.361072,0.));
#3028 = VECTOR('',#3029,1.);
#3029 = DIRECTION('',(-0.,-0.,-1.));
#3030 = PCURVE('',#2970,#3031);
#3031 = DEFINITIONAL_REPRESENTATION('',(#3032),#3036);
#3032 = LINE('',#3033,#3034);
#3033 = CARTESIAN_POINT('',(0.314256,0.));
#3034 = VECTOR('',#3035,1.);
#3035 = DIRECTION('',(0.,-1.));
#3036 = ( GEOMETRIC_REPRESENTATION_CONTEXT(2) 
PARAMETRIC_REPRESENTATION_CONTEXT() REPRESENTATION_CONTEXT('2D SPACE',''
  ) );
#3037 = PCURVE('',#3038,#3043);
#3038 = PLANE('',#3039);
#3039 = AXIS2_PLACEMENT_3D('',#3040,#3041,#3042);
#3040 = CARTESIAN_POINT('',(0.159189,-1.361072,0.));
#3041 = DIRECTION('',(-1.,0.,0.));
#3042 = DIRECTION('',(0.,-1.,0.));
#3043 = DEFINITIONAL_REPRESENTATION('',(#3044),#3048);
#3044 = LINE('',#3045,#3046);
#3045 = CARTESIAN_POINT('',(0.,0.));
#3046 = VECTOR('',#3047,1.);
#3047 = DIRECTION('',(0.,-1.));
#3048 = ( GEOMETRIC_REPRESENTATION_CONTEXT(2) 
PARAMETRIC_REPRESENTATION_CONTEXT() REPRESENTATION_CONTEXT('2D SPACE',''
  ) );
#3049 = ORIENTED_EDGE('',*,*,#3050,.F.);
#3050 = EDGE_CURVE('',#2960,#3023,#3051,.T.);
#3051 = SURFACE_CURVE('',#3052,(#3056,#3063),.PCURVE_S1.);
#3052 = LINE('',#3053,#3054);
#3053 = CARTESIAN_POINT('',(-0.155067,-1.361072,0.));
#3054 = VECTOR('',#3055,1.);
#3055 = DIRECTION('',(1.,0.,0.));
#3056 = PCURVE('',#2970,#3057);
#3057 = DEFINITIONAL_REPRESENTATION('',(#3058),#3062);
#3058 = LINE('',#3059,#3060);
#3059 = CARTESIAN_POINT('',(0.,0.));
#3060 = VECTOR('',#3061,1.);
#3061 = DIRECTION('',(1.,0.));
#3062 = ( GEOMETRIC_REPRESENTATION_CONTEXT(2) 
PARAMETRIC_REPRESENTATION_CONTEXT() REPRESENTATION_CONTEXT('2D SPACE',''
  ) );
#3063 = PCURVE('',#3064,#3069);
#3064 = PLANE('',#3065);
#3065 = AXIS2_PLACEMENT_3D('',#3066,#3067,#3068);
#3066 = CARTESIAN_POINT('',(2.061E-03,-1.7469245,0.));
#3067 = DIRECTION('',(-0.,-0.,-1.));
#3068 = DIRECTION('',(-1.,0.,0.));
#3069 = DEFINITIONAL_REPRESENTATION('',(#3070),#3074);
#3070 = LINE('',#3071,#3072);
#3071 = CARTESIAN_POINT('',(0.157128,0.3858525));
#3072 = VECTOR('',#3073,1.);
#3073 = DIRECTION('',(-1.,0.));
#3074 = ( GEOMETRIC_REPRESENTATION_CONTEXT(2) 
PARAMETRIC_REPRESENTATION_CONTEXT() REPRESENTATION_CONTEXT('2D SPACE',''
  ) );
#3075 = ADVANCED_FACE('',(#3076),#2982,.F.);
#3076 = FACE_BOUND('',#3077,.F.);
#3077 = EDGE_LOOP('',(#3078,#3108,#3136,#3164,#3185,#3186));
#3078 = ORIENTED_EDGE('',*,*,#3079,.T.);
#3079 = EDGE_CURVE('',#3080,#3082,#3084,.T.);
#3080 = VERTEX_POINT('',#3081);
#3081 = CARTESIAN_POINT('',(-0.155067,-2.132777,0.));
#3082 = VERTEX_POINT('',#3083);
#3083 = CARTESIAN_POINT('',(-0.155067,-2.132777,-3.3));
#3084 = SURFACE_CURVE('',#3085,(#3089,#3096),.PCURVE_S1.);
#3085 = LINE('',#3086,#3087);
#3086 = CARTESIAN_POINT('',(-0.155067,-2.132777,0.));
#3087 = VECTOR('',#3088,1.);
#3088 = DIRECTION('',(-0.,-0.,-1.));
#3089 = PCURVE('',#2982,#3090);
#3090 = DEFINITIONAL_REPRESENTATION('',(#3091),#3095);
#3091 = LINE('',#3092,#3093);
#3092 = CARTESIAN_POINT('',(0.,0.));
#3093 = VECTOR('',#3094,1.);
#3094 = DIRECTION('',(0.,-1.));
#3095 = ( GEOMETRIC_REPRESENTATION_CONTEXT(2) 
PARAMETRIC_REPRESENTATION_CONTEXT() REPRESENTATION_CONTEXT('2D SPACE',''
  ) );
#3096 = PCURVE('',#3097,#3102);
#3097 = PLANE('',#3098);
#3098 = AXIS2_PLACEMENT_3D('',#3099,#3100,#3101);
#3099 = CARTESIAN_POINT('',(0.159189,-2.132777,0.));
#3100 = DIRECTION('',(0.,1.,0.));
#3101 = DIRECTION('',(-1.,0.,0.));
#3102 = DEFINITIONAL_REPRESENTATION('',(#3103),#3107);
#3103 = LINE('',#3104,#3105);
#3104 = CARTESIAN_POINT('',(0.314256,0.));
#3105 = VECTOR('',#3106,1.);
#3106 = DIRECTION('',(0.,-1.));
#3107 = ( GEOMETRIC_REPRESENTATION_CONTEXT(2) 
PARAMETRIC_REPRESENTATION_CONTEXT() REPRESENTATION_CONTEXT('2D SPACE',''
  ) );
#3108 = ORIENTED_EDGE('',*,*,#3109,.T.);
#3109 = EDGE_CURVE('',#3082,#3110,#3112,.T.);
#3110 = VERTEX_POINT('',#3111);
#3111 = CARTESIAN_POINT('',(-0.155067,-1.832777,-3.6));
#3112 = SURFACE_CURVE('',#3113,(#3117,#3124),.PCURVE_S1.);
#3113 = LINE('',#3114,#3115);
#3114 = CARTESIAN_POINT('',(-0.155067,-2.882777,-2.55));
#3115 = VECTOR('',#3116,1.);
#3116 = DIRECTION('',(0.,0.707106781187,-0.707106781187));
#3117 = PCURVE('',#2982,#3118);
#3118 = DEFINITIONAL_REPRESENTATION('',(#3119),#3123);
#3119 = LINE('',#3120,#3121);
#3120 = CARTESIAN_POINT('',(-0.75,-2.55));
#3121 = VECTOR('',#3122,1.);
#3122 = DIRECTION('',(0.707106781187,-0.707106781187));
#3123 = ( GEOMETRIC_REPRESENTATION_CONTEXT(2) 
PARAMETRIC_REPRESENTATION_CONTEXT() REPRESENTATION_CONTEXT('2D SPACE',''
  ) );
#3124 = PCURVE('',#3125,#3130);
#3125 = PLANE('',#3126);
#3126 = AXIS2_PLACEMENT_3D('',#3127,#3128,#3129);
#3127 = CARTESIAN_POINT('',(0.159189,-1.982777,-3.45));
#3128 = DIRECTION('',(3.472568050348E-18,0.707106781187,0.707106781187)
  );
#3129 = DIRECTION('',(1.,-2.455476416533E-18,-2.455476416533E-18));
#3130 = DEFINITIONAL_REPRESENTATION('',(#3131),#3135);
#3131 = LINE('',#3132,#3133);
#3132 = CARTESIAN_POINT('',(-0.314256,-1.272792206136));
#3133 = VECTOR('',#3134,1.);
#3134 = DIRECTION('',(-0.,1.));
#3135 = ( GEOMETRIC_REPRESENTATION_CONTEXT(2) 
PARAMETRIC_REPRESENTATION_CONTEXT() REPRESENTATION_CONTEXT('2D SPACE',''
  ) );
#3136 = ORIENTED_EDGE('',*,*,#3137,.T.);
#3137 = EDGE_CURVE('',#3110,#3138,#3140,.T.);
#3138 = VERTEX_POINT('',#3139);
#3139 = CARTESIAN_POINT('',(-0.155067,-1.661072,-3.6));
#3140 = SURFACE_CURVE('',#3141,(#3145,#3152),.PCURVE_S1.);
#3141 = LINE('',#3142,#3143);
#3142 = CARTESIAN_POINT('',(-0.155067,-2.132777,-3.6));
#3143 = VECTOR('',#3144,1.);
#3144 = DIRECTION('',(0.,1.,0.));
#3145 = PCURVE('',#2982,#3146);
#3146 = DEFINITIONAL_REPRESENTATION('',(#3147),#3151);
#3147 = LINE('',#3148,#3149);
#3148 = CARTESIAN_POINT('',(0.,-3.6));
#3149 = VECTOR('',#3150,1.);
#3150 = DIRECTION('',(1.,0.));
#3151 = ( GEOMETRIC_REPRESENTATION_CONTEXT(2) 
PARAMETRIC_REPRESENTATION_CONTEXT() REPRESENTATION_CONTEXT('2D SPACE',''
  ) );
#3152 = PCURVE('',#3153,#3158);
#3153 = PLANE('',#3154);
#3154 = AXIS2_PLACEMENT_3D('',#3155,#3156,#3157);
#3155 = CARTESIAN_POINT('',(2.061E-03,-1.7469245,-3.6));
#3156 = DIRECTION('',(-0.,-0.,-1.));
#3157 = DIRECTION('',(-1.,0.,0.));
#3158 = DEFINITIONAL_REPRESENTATION('',(#3159),#3163);
#3159 = LINE('',#3160,#3161);
#3160 = CARTESIAN_POINT('',(0.157128,-0.3858525));
#3161 = VECTOR('',#3162,1.);
#3162 = DIRECTION('',(0.,1.));
#3163 = ( GEOMETRIC_REPRESENTATION_CONTEXT(2) 
PARAMETRIC_REPRESENTATION_CONTEXT() REPRESENTATION_CONTEXT('2D SPACE',''
  ) );
#3164 = ORIENTED_EDGE('',*,*,#3165,.F.);
#3165 = EDGE_CURVE('',#2962,#3138,#3166,.T.);
#3166 = SURFACE_CURVE('',#3167,(#3171,#3178),.PCURVE_S1.);
#3167 = LINE('',#3168,#3169);
#3168 = CARTESIAN_POINT('',(-0.155067,-0.80399825,-2.74292625));
#3169 = VECTOR('',#3170,1.);
#3170 = DIRECTION('',(0.,-0.707106781187,-0.707106781187));
#3171 = PCURVE('',#2982,#3172);
#3172 = DEFINITIONAL_REPRESENTATION('',(#3173),#3177);
#3173 = LINE('',#3174,#3175);
#3174 = CARTESIAN_POINT('',(1.32877875,-2.74292625));
#3175 = VECTOR('',#3176,1.);
#3176 = DIRECTION('',(-0.707106781187,-0.707106781187));
#3177 = ( GEOMETRIC_REPRESENTATION_CONTEXT(2) 
PARAMETRIC_REPRESENTATION_CONTEXT() REPRESENTATION_CONTEXT('2D SPACE',''
  ) );
#3178 = PCURVE('',#3010,#3179);
#3179 = DEFINITIONAL_REPRESENTATION('',(#3180),#3184);
#3180 = LINE('',#3181,#3182);
#3181 = CARTESIAN_POINT('',(-7.703719777549E-34,-0.999953286848));
#3182 = VECTOR('',#3183,1.);
#3183 = DIRECTION('',(-0.,1.));
#3184 = ( GEOMETRIC_REPRESENTATION_CONTEXT(2) 
PARAMETRIC_REPRESENTATION_CONTEXT() REPRESENTATION_CONTEXT('2D SPACE',''
  ) );
#3185 = ORIENTED_EDGE('',*,*,#2959,.F.);
#3186 = ORIENTED_EDGE('',*,*,#3187,.F.);
#3187 = EDGE_CURVE('',#3080,#2960,#3188,.T.);
#3188 = SURFACE_CURVE('',#3189,(#3193,#3200),.PCURVE_S1.);
#3189 = LINE('',#3190,#3191);
#3190 = CARTESIAN_POINT('',(-0.155067,-2.132777,0.));
#3191 = VECTOR('',#3192,1.);
#3192 = DIRECTION('',(0.,1.,0.));
#3193 = PCURVE('',#2982,#3194);
#3194 = DEFINITIONAL_REPRESENTATION('',(#3195),#3199);
#3195 = LINE('',#3196,#3197);
#3196 = CARTESIAN_POINT('',(0.,0.));
#3197 = VECTOR('',#3198,1.);
#3198 = DIRECTION('',(1.,0.));
#3199 = ( GEOMETRIC_REPRESENTATION_CONTEXT(2) 
PARAMETRIC_REPRESENTATION_CONTEXT() REPRESENTATION_CONTEXT('2D SPACE',''
  ) );
#3200 = PCURVE('',#3064,#3201);
#3201 = DEFINITIONAL_REPRESENTATION('',(#3202),#3206);
#3202 = LINE('',#3203,#3204);
#3203 = CARTESIAN_POINT('',(0.157128,-0.3858525));
#3204 = VECTOR('',#3205,1.);
#3205 = DIRECTION('',(0.,1.));
#3206 = ( GEOMETRIC_REPRESENTATION_CONTEXT(2) 
PARAMETRIC_REPRESENTATION_CONTEXT() REPRESENTATION_CONTEXT('2D SPACE',''
  ) );
#3207 = ADVANCED_FACE('',(#3208),#3010,.F.);
#3208 = FACE_BOUND('',#3209,.T.);
#3209 = EDGE_LOOP('',(#3210,#3211,#3212,#3235));
#3210 = ORIENTED_EDGE('',*,*,#3165,.F.);
#3211 = ORIENTED_EDGE('',*,*,#2994,.T.);
#3212 = ORIENTED_EDGE('',*,*,#3213,.T.);
#3213 = EDGE_CURVE('',#2995,#3214,#3216,.T.);
#3214 = VERTEX_POINT('',#3215);
#3215 = CARTESIAN_POINT('',(0.159189,-1.661072,-3.6));
#3216 = SURFACE_CURVE('',#3217,(#3221,#3228),.PCURVE_S1.);
#3217 = LINE('',#3218,#3219);
#3218 = CARTESIAN_POINT('',(0.159189,-0.611072,-2.55));
#3219 = VECTOR('',#3220,1.);
#3220 = DIRECTION('',(-0.,-0.707106781187,-0.707106781187));
#3221 = PCURVE('',#3010,#3222);
#3222 = DEFINITIONAL_REPRESENTATION('',(#3223),#3227);
#3223 = LINE('',#3224,#3225);
#3224 = CARTESIAN_POINT('',(-0.314256,-1.272792206136));
#3225 = VECTOR('',#3226,1.);
#3226 = DIRECTION('',(-0.,1.));
#3227 = ( GEOMETRIC_REPRESENTATION_CONTEXT(2) 
PARAMETRIC_REPRESENTATION_CONTEXT() REPRESENTATION_CONTEXT('2D SPACE',''
  ) );
#3228 = PCURVE('',#3038,#3229);
#3229 = DEFINITIONAL_REPRESENTATION('',(#3230),#3234);
#3230 = LINE('',#3231,#3232);
#3231 = CARTESIAN_POINT('',(-0.75,-2.55));
#3232 = VECTOR('',#3233,1.);
#3233 = DIRECTION('',(0.707106781187,-0.707106781187));
#3234 = ( GEOMETRIC_REPRESENTATION_CONTEXT(2) 
PARAMETRIC_REPRESENTATION_CONTEXT() REPRESENTATION_CONTEXT('2D SPACE',''
  ) );
#3235 = ORIENTED_EDGE('',*,*,#3236,.F.);
#3236 = EDGE_CURVE('',#3138,#3214,#3237,.T.);
#3237 = SURFACE_CURVE('',#3238,(#3242,#3249),.PCURVE_S1.);
#3238 = LINE('',#3239,#3240);
#3239 = CARTESIAN_POINT('',(-0.155067,-1.661072,-3.6));
#3240 = VECTOR('',#3241,1.);
#3241 = DIRECTION('',(1.,0.,0.));
#3242 = PCURVE('',#3010,#3243);
#3243 = DEFINITIONAL_REPRESENTATION('',(#3244),#3248);
#3244 = LINE('',#3245,#3246);
#3245 = CARTESIAN_POINT('',(-3.370377402678E-34,0.212132034356));
#3246 = VECTOR('',#3247,1.);
#3247 = DIRECTION('',(-1.,0.));
#3248 = ( GEOMETRIC_REPRESENTATION_CONTEXT(2) 
PARAMETRIC_REPRESENTATION_CONTEXT() REPRESENTATION_CONTEXT('2D SPACE',''
  ) );
#3249 = PCURVE('',#3153,#3250);
#3250 = DEFINITIONAL_REPRESENTATION('',(#3251),#3255);
#3251 = LINE('',#3252,#3253);
#3252 = CARTESIAN_POINT('',(0.157128,8.58525E-02));
#3253 = VECTOR('',#3254,1.);
#3254 = DIRECTION('',(-1.,0.));
#3255 = ( GEOMETRIC_REPRESENTATION_CONTEXT(2) 
PARAMETRIC_REPRESENTATION_CONTEXT() REPRESENTATION_CONTEXT('2D SPACE',''
  ) );
#3256 = ADVANCED_FACE('',(#3257),#3064,.F.);
#3257 = FACE_BOUND('',#3258,.F.);
#3258 = EDGE_LOOP('',(#3259,#3260,#3283,#3304));
#3259 = ORIENTED_EDGE('',*,*,#3050,.T.);
#3260 = ORIENTED_EDGE('',*,*,#3261,.T.);
#3261 = EDGE_CURVE('',#3023,#3262,#3264,.T.);
#3262 = VERTEX_POINT('',#3263);
#3263 = CARTESIAN_POINT('',(0.159189,-2.132777,0.));
#3264 = SURFACE_CURVE('',#3265,(#3269,#3276),.PCURVE_S1.);
#3265 = LINE('',#3266,#3267);
#3266 = CARTESIAN_POINT('',(0.159189,-1.361072,0.));
#3267 = VECTOR('',#3268,1.);
#3268 = DIRECTION('',(0.,-1.,0.));
#3269 = PCURVE('',#3064,#3270);
#3270 = DEFINITIONAL_REPRESENTATION('',(#3271),#3275);
#3271 = LINE('',#3272,#3273);
#3272 = CARTESIAN_POINT('',(-0.157128,0.3858525));
#3273 = VECTOR('',#3274,1.);
#3274 = DIRECTION('',(0.,-1.));
#3275 = ( GEOMETRIC_REPRESENTATION_CONTEXT(2) 
PARAMETRIC_REPRESENTATION_CONTEXT() REPRESENTATION_CONTEXT('2D SPACE',''
  ) );
#3276 = PCURVE('',#3038,#3277);
#3277 = DEFINITIONAL_REPRESENTATION('',(#3278),#3282);
#3278 = LINE('',#3279,#3280);
#3279 = CARTESIAN_POINT('',(0.,0.));
#3280 = VECTOR('',#3281,1.);
#3281 = DIRECTION('',(1.,0.));
#3282 = ( GEOMETRIC_REPRESENTATION_CONTEXT(2) 
PARAMETRIC_REPRESENTATION_CONTEXT() REPRESENTATION_CONTEXT('2D SPACE',''
  ) );
#3283 = ORIENTED_EDGE('',*,*,#3284,.T.);
#3284 = EDGE_CURVE('',#3262,#3080,#3285,.T.);
#3285 = SURFACE_CURVE('',#3286,(#3290,#3297),.PCURVE_S1.);
#3286 = LINE('',#3287,#3288);
#3287 = CARTESIAN_POINT('',(0.159189,-2.132777,0.));
#3288 = VECTOR('',#3289,1.);
#3289 = DIRECTION('',(-1.,0.,0.));
#3290 = PCURVE('',#3064,#3291);
#3291 = DEFINITIONAL_REPRESENTATION('',(#3292),#3296);
#3292 = LINE('',#3293,#3294);
#3293 = CARTESIAN_POINT('',(-0.157128,-0.3858525));
#3294 = VECTOR('',#3295,1.);
#3295 = DIRECTION('',(1.,0.));
#3296 = ( GEOMETRIC_REPRESENTATION_CONTEXT(2) 
PARAMETRIC_REPRESENTATION_CONTEXT() REPRESENTATION_CONTEXT('2D SPACE',''
  ) );
#3297 = PCURVE('',#3097,#3298);
#3298 = DEFINITIONAL_REPRESENTATION('',(#3299),#3303);
#3299 = LINE('',#3300,#3301);
#3300 = CARTESIAN_POINT('',(0.,0.));
#3301 = VECTOR('',#3302,1.);
#3302 = DIRECTION('',(1.,0.));
#3303 = ( GEOMETRIC_REPRESENTATION_CONTEXT(2) 
PARAMETRIC_REPRESENTATION_CONTEXT() REPRESENTATION_CONTEXT('2D SPACE',''
  ) );
#3304 = ORIENTED_EDGE('',*,*,#3187,.T.);
#3305 = ADVANCED_FACE('',(#3306),#3038,.F.);
#3306 = FACE_BOUND('',#3307,.F.);
#3307 = EDGE_LOOP('',(#3308,#3309,#3310,#3333,#3356,#3377));
#3308 = ORIENTED_EDGE('',*,*,#3022,.T.);
#3309 = ORIENTED_EDGE('',*,*,#3213,.T.);
#3310 = ORIENTED_EDGE('',*,*,#3311,.T.);
#3311 = EDGE_CURVE('',#3214,#3312,#3314,.T.);
#3312 = VERTEX_POINT('',#3313);
#3313 = CARTESIAN_POINT('',(0.159189,-1.832777,-3.6));
#3314 = SURFACE_CURVE('',#3315,(#3319,#3326),.PCURVE_S1.);
#3315 = LINE('',#3316,#3317);
#3316 = CARTESIAN_POINT('',(0.159189,-1.361072,-3.6));
#3317 = VECTOR('',#3318,1.);
#3318 = DIRECTION('',(0.,-1.,0.));
#3319 = PCURVE('',#3038,#3320);
#3320 = DEFINITIONAL_REPRESENTATION('',(#3321),#3325);
#3321 = LINE('',#3322,#3323);
#3322 = CARTESIAN_POINT('',(0.,-3.6));
#3323 = VECTOR('',#3324,1.);
#3324 = DIRECTION('',(1.,0.));
#3325 = ( GEOMETRIC_REPRESENTATION_CONTEXT(2) 
PARAMETRIC_REPRESENTATION_CONTEXT() REPRESENTATION_CONTEXT('2D SPACE',''
  ) );
#3326 = PCURVE('',#3153,#3327);
#3327 = DEFINITIONAL_REPRESENTATION('',(#3328),#3332);
#3328 = LINE('',#3329,#3330);
#3329 = CARTESIAN_POINT('',(-0.157128,0.3858525));
#3330 = VECTOR('',#3331,1.);
#3331 = DIRECTION('',(0.,-1.));
#3332 = ( GEOMETRIC_REPRESENTATION_CONTEXT(2) 
PARAMETRIC_REPRESENTATION_CONTEXT() REPRESENTATION_CONTEXT('2D SPACE',''
  ) );
#3333 = ORIENTED_EDGE('',*,*,#3334,.F.);
#3334 = EDGE_CURVE('',#3335,#3312,#3337,.T.);
#3335 = VERTEX_POINT('',#3336);
#3336 = CARTESIAN_POINT('',(0.159189,-2.132777,-3.3));
#3337 = SURFACE_CURVE('',#3338,(#3342,#3349),.PCURVE_S1.);
#3338 = LINE('',#3339,#3340);
#3339 = CARTESIAN_POINT('',(0.159189,-2.68985075,-2.74292625));
#3340 = VECTOR('',#3341,1.);
#3341 = DIRECTION('',(0.,0.707106781187,-0.707106781187));
#3342 = PCURVE('',#3038,#3343);
#3343 = DEFINITIONAL_REPRESENTATION('',(#3344),#3348);
#3344 = LINE('',#3345,#3346);
#3345 = CARTESIAN_POINT('',(1.32877875,-2.74292625));
#3346 = VECTOR('',#3347,1.);
#3347 = DIRECTION('',(-0.707106781187,-0.707106781187));
#3348 = ( GEOMETRIC_REPRESENTATION_CONTEXT(2) 
PARAMETRIC_REPRESENTATION_CONTEXT() REPRESENTATION_CONTEXT('2D SPACE',''
  ) );
#3349 = PCURVE('',#3125,#3350);
#3350 = DEFINITIONAL_REPRESENTATION('',(#3351),#3355);
#3351 = LINE('',#3352,#3353);
#3352 = CARTESIAN_POINT('',(-0.,-0.999953286848));
#3353 = VECTOR('',#3354,1.);
#3354 = DIRECTION('',(-0.,1.));
#3355 = ( GEOMETRIC_REPRESENTATION_CONTEXT(2) 
PARAMETRIC_REPRESENTATION_CONTEXT() REPRESENTATION_CONTEXT('2D SPACE',''
  ) );
#3356 = ORIENTED_EDGE('',*,*,#3357,.F.);
#3357 = EDGE_CURVE('',#3262,#3335,#3358,.T.);
#3358 = SURFACE_CURVE('',#3359,(#3363,#3370),.PCURVE_S1.);
#3359 = LINE('',#3360,#3361);
#3360 = CARTESIAN_POINT('',(0.159189,-2.132777,0.));
#3361 = VECTOR('',#3362,1.);
#3362 = DIRECTION('',(-0.,-0.,-1.));
#3363 = PCURVE('',#3038,#3364);
#3364 = DEFINITIONAL_REPRESENTATION('',(#3365),#3369);
#3365 = LINE('',#3366,#3367);
#3366 = CARTESIAN_POINT('',(0.771705,0.));
#3367 = VECTOR('',#3368,1.);
#3368 = DIRECTION('',(0.,-1.));
#3369 = ( GEOMETRIC_REPRESENTATION_CONTEXT(2) 
PARAMETRIC_REPRESENTATION_CONTEXT() REPRESENTATION_CONTEXT('2D SPACE',''
  ) );
#3370 = PCURVE('',#3097,#3371);
#3371 = DEFINITIONAL_REPRESENTATION('',(#3372),#3376);
#3372 = LINE('',#3373,#3374);
#3373 = CARTESIAN_POINT('',(0.,0.));
#3374 = VECTOR('',#3375,1.);
#3375 = DIRECTION('',(0.,-1.));
#3376 = ( GEOMETRIC_REPRESENTATION_CONTEXT(2) 
PARAMETRIC_REPRESENTATION_CONTEXT() REPRESENTATION_CONTEXT('2D SPACE',''
  ) );
#3377 = ORIENTED_EDGE('',*,*,#3261,.F.);
#3378 = ADVANCED_FACE('',(#3379),#3097,.F.);
#3379 = FACE_BOUND('',#3380,.F.);
#3380 = EDGE_LOOP('',(#3381,#3382,#3403,#3404));
#3381 = ORIENTED_EDGE('',*,*,#3357,.T.);
#3382 = ORIENTED_EDGE('',*,*,#3383,.T.);
#3383 = EDGE_CURVE('',#3335,#3082,#3384,.T.);
#3384 = SURFACE_CURVE('',#3385,(#3389,#3396),.PCURVE_S1.);
#3385 = LINE('',#3386,#3387);
#3386 = CARTESIAN_POINT('',(0.159189,-2.132777,-3.3));
#3387 = VECTOR('',#3388,1.);
#3388 = DIRECTION('',(-1.,0.,0.));
#3389 = PCURVE('',#3097,#3390);
#3390 = DEFINITIONAL_REPRESENTATION('',(#3391),#3395);
#3391 = LINE('',#3392,#3393);
#3392 = CARTESIAN_POINT('',(0.,-3.3));
#3393 = VECTOR('',#3394,1.);
#3394 = DIRECTION('',(1.,0.));
#3395 = ( GEOMETRIC_REPRESENTATION_CONTEXT(2) 
PARAMETRIC_REPRESENTATION_CONTEXT() REPRESENTATION_CONTEXT('2D SPACE',''
  ) );
#3396 = PCURVE('',#3125,#3397);
#3397 = DEFINITIONAL_REPRESENTATION('',(#3398),#3402);
#3398 = LINE('',#3399,#3400);
#3399 = CARTESIAN_POINT('',(-2.407412430484E-34,-0.212132034356));
#3400 = VECTOR('',#3401,1.);
#3401 = DIRECTION('',(-1.,0.));
#3402 = ( GEOMETRIC_REPRESENTATION_CONTEXT(2) 
PARAMETRIC_REPRESENTATION_CONTEXT() REPRESENTATION_CONTEXT('2D SPACE',''
  ) );
#3403 = ORIENTED_EDGE('',*,*,#3079,.F.);
#3404 = ORIENTED_EDGE('',*,*,#3284,.F.);
#3405 = ADVANCED_FACE('',(#3406),#3125,.F.);
#3406 = FACE_BOUND('',#3407,.T.);
#3407 = EDGE_LOOP('',(#3408,#3409,#3410,#3411));
#3408 = ORIENTED_EDGE('',*,*,#3334,.F.);
#3409 = ORIENTED_EDGE('',*,*,#3383,.T.);
#3410 = ORIENTED_EDGE('',*,*,#3109,.T.);
#3411 = ORIENTED_EDGE('',*,*,#3412,.F.);
#3412 = EDGE_CURVE('',#3312,#3110,#3413,.T.);
#3413 = SURFACE_CURVE('',#3414,(#3418,#3425),.PCURVE_S1.);
#3414 = LINE('',#3415,#3416);
#3415 = CARTESIAN_POINT('',(0.159189,-1.832777,-3.6));
#3416 = VECTOR('',#3417,1.);
#3417 = DIRECTION('',(-1.,0.,0.));
#3418 = PCURVE('',#3125,#3419);
#3419 = DEFINITIONAL_REPRESENTATION('',(#3420),#3424);
#3420 = LINE('',#3421,#3422);
#3421 = CARTESIAN_POINT('',(-3.370377402678E-34,0.212132034356));
#3422 = VECTOR('',#3423,1.);
#3423 = DIRECTION('',(-1.,0.));
#3424 = ( GEOMETRIC_REPRESENTATION_CONTEXT(2) 
PARAMETRIC_REPRESENTATION_CONTEXT() REPRESENTATION_CONTEXT('2D SPACE',''
  ) );
#3425 = PCURVE('',#3153,#3426);
#3426 = DEFINITIONAL_REPRESENTATION('',(#3427),#3431);
#3427 = LINE('',#3428,#3429);
#3428 = CARTESIAN_POINT('',(-0.157128,-8.58525E-02));
#3429 = VECTOR('',#3430,1.);
#3430 = DIRECTION('',(1.,0.));
#3431 = ( GEOMETRIC_REPRESENTATION_CONTEXT(2) 
PARAMETRIC_REPRESENTATION_CONTEXT() REPRESENTATION_CONTEXT('2D SPACE',''
  ) );
#3432 = ADVANCED_FACE('',(#3433),#3153,.T.);
#3433 = FACE_BOUND('',#3434,.T.);
#3434 = EDGE_LOOP('',(#3435,#3436,#3437,#3438));
#3435 = ORIENTED_EDGE('',*,*,#3311,.T.);
#3436 = ORIENTED_EDGE('',*,*,#3412,.T.);
#3437 = ORIENTED_EDGE('',*,*,#3137,.T.);
#3438 = ORIENTED_EDGE('',*,*,#3236,.T.);
#3439 = ( GEOMETRIC_REPRESENTATION_CONTEXT(3) 
GLOBAL_UNCERTAINTY_ASSIGNED_CONTEXT((#3443)) 
GLOBAL_UNIT_ASSIGNED_CONTEXT((#3440,#3441,#3442)) REPRESENTATION_CONTEXT
('Context #1','3D Context with UNIT and UNCERTAINTY') );
#3440 = ( LENGTH_UNIT() NAMED_UNIT(*) SI_UNIT(.MILLI.,.METRE.) );
#3441 = ( NAMED_UNIT(*) PLANE_ANGLE_UNIT() SI_UNIT($,.RADIAN.) );
#3442 = ( NAMED_UNIT(*) SI_UNIT($,.STERADIAN.) SOLID_ANGLE_UNIT() );
#3443 = UNCERTAINTY_MEASURE_WITH_UNIT(LENGTH_MEASURE(5.E-05),#3440,
  'distance_accuracy_value','confusion accuracy');
#3444 = PRODUCT_RELATED_PRODUCT_CATEGORY('part',$,(#2949));
#3445 = SHAPE_DEFINITION_REPRESENTATION(#3446,#3452);
#3446 = PRODUCT_DEFINITION_SHAPE('','',#3447);
#3447 = PRODUCT_DEFINITION('design','',#3448,#3451);
#3448 = PRODUCT_DEFINITION_FORMATION('','',#3449);
#3449 = PRODUCT('InnerHousing001','InnerHousing001','',(#3450));
#3450 = PRODUCT_CONTEXT('',#2,'mechanical');
#3451 = PRODUCT_DEFINITION_CONTEXT('part definition',#2,'design');
#3452 = ADVANCED_BREP_SHAPE_REPRESENTATION('',(#11,#3453),#4095);
#3453 = MANIFOLD_SOLID_BREP('',#3454);
#3454 = CLOSED_SHELL('',(#3455,#3575,#3763,#3926,#3953,#3980,#4007,#4034
    ,#4061,#4088));
#3455 = ADVANCED_FACE('',(#3456),#3470,.T.);
#3456 = FACE_BOUND('',#3457,.T.);
#3457 = EDGE_LOOP('',(#3458,#3493,#3521,#3549));
#3458 = ORIENTED_EDGE('',*,*,#3459,.T.);
#3459 = EDGE_CURVE('',#3460,#3462,#3464,.T.);
#3460 = VERTEX_POINT('',#3461);
#3461 = CARTESIAN_POINT('',(1.5,-0.738249,3.502953));
#3462 = VERTEX_POINT('',#3463);
#3463 = CARTESIAN_POINT('',(-2.,-0.738249,3.502953));
#3464 = SURFACE_CURVE('',#3465,(#3469,#3481),.PCURVE_S1.);
#3465 = LINE('',#3466,#3467);
#3466 = CARTESIAN_POINT('',(1.5,-0.738249,3.502953));
#3467 = VECTOR('',#3468,1.);
#3468 = DIRECTION('',(-1.,9.992007221626E-16,-1.110223024625E-16));
#3469 = PCURVE('',#3470,#3475);
#3470 = PLANE('',#3471);
#3471 = AXIS2_PLACEMENT_3D('',#3472,#3473,#3474);
#3472 = CARTESIAN_POINT('',(1.5,-0.738249,3.502953));
#3473 = DIRECTION('',(-2.22044604925E-16,6.106226635438E-16,1.));
#3474 = DIRECTION('',(-1.221245327088E-15,-1.,6.106226635438E-16));
#3475 = DEFINITIONAL_REPRESENTATION('',(#3476),#3480);
#3476 = LINE('',#3477,#3478);
#3477 = CARTESIAN_POINT('',(-2.588449845256E-31,2.22044604925E-16));
#3478 = VECTOR('',#3479,1.);
#3479 = DIRECTION('',(2.22044604925E-16,-1.));
#3480 = ( GEOMETRIC_REPRESENTATION_CONTEXT(2) 
PARAMETRIC_REPRESENTATION_CONTEXT() REPRESENTATION_CONTEXT('2D SPACE',''
  ) );
#3481 = PCURVE('',#3482,#3487);
#3482 = PLANE('',#3483);
#3483 = AXIS2_PLACEMENT_3D('',#3484,#3485,#3486);
#3484 = CARTESIAN_POINT('',(1.5,-0.738249,0.743402));
#3485 = DIRECTION('',(9.436895709314E-16,1.,-6.106226635438E-16));
#3486 = DIRECTION('',(-2.22044604925E-16,6.106226635438E-16,1.));
#3487 = DEFINITIONAL_REPRESENTATION('',(#3488),#3492);
#3488 = LINE('',#3489,#3490);
#3489 = CARTESIAN_POINT('',(2.759551,6.885875203366E-17));
#3490 = VECTOR('',#3491,1.);
#3491 = DIRECTION('',(5.551115123126E-17,-1.));
#3492 = ( GEOMETRIC_REPRESENTATION_CONTEXT(2) 
PARAMETRIC_REPRESENTATION_CONTEXT() REPRESENTATION_CONTEXT('2D SPACE',''
  ) );
#3493 = ORIENTED_EDGE('',*,*,#3494,.T.);
#3494 = EDGE_CURVE('',#3462,#3495,#3497,.T.);
#3495 = VERTEX_POINT('',#3496);
#3496 = CARTESIAN_POINT('',(-2.,-2.775603,3.502953));
#3497 = SURFACE_CURVE('',#3498,(#3502,#3509),.PCURVE_S1.);
#3498 = LINE('',#3499,#3500);
#3499 = CARTESIAN_POINT('',(-2.,-0.738249,3.502953));
#3500 = VECTOR('',#3501,1.);
#3501 = DIRECTION('',(-1.221245327088E-15,-1.,6.106226635438E-16));
#3502 = PCURVE('',#3470,#3503);
#3503 = DEFINITIONAL_REPRESENTATION('',(#3504),#3508);
#3504 = LINE('',#3505,#3506);
#3505 = CARTESIAN_POINT('',(9.71445146547E-16,-3.5));
#3506 = VECTOR('',#3507,1.);
#3507 = DIRECTION('',(1.,5.551115123126E-17));
#3508 = ( GEOMETRIC_REPRESENTATION_CONTEXT(2) 
PARAMETRIC_REPRESENTATION_CONTEXT() REPRESENTATION_CONTEXT('2D SPACE',''
  ) );
#3509 = PCURVE('',#3510,#3515);
#3510 = PLANE('',#3511);
#3511 = AXIS2_PLACEMENT_3D('',#3512,#3513,#3514);
#3512 = CARTESIAN_POINT('',(-2.,-1.756926,2.1231775));
#3513 = DIRECTION('',(1.,-1.315983264295E-15,1.934749646215E-17));
#3514 = DIRECTION('',(1.204960961833E-15,1.,1.110223024625E-16));
#3515 = DEFINITIONAL_REPRESENTATION('',(#3516),#3520);
#3516 = LINE('',#3517,#3518);
#3517 = CARTESIAN_POINT('',(1.018677,1.3797755));
#3518 = VECTOR('',#3519,1.);
#3519 = DIRECTION('',(-1.,7.216449660064E-16));
#3520 = ( GEOMETRIC_REPRESENTATION_CONTEXT(2) 
PARAMETRIC_REPRESENTATION_CONTEXT() REPRESENTATION_CONTEXT('2D SPACE',''
  ) );
#3521 = ORIENTED_EDGE('',*,*,#3522,.F.);
#3522 = EDGE_CURVE('',#3523,#3495,#3525,.T.);
#3523 = VERTEX_POINT('',#3524);
#3524 = CARTESIAN_POINT('',(1.5,-2.775603,3.502953));
#3525 = SURFACE_CURVE('',#3526,(#3530,#3537),.PCURVE_S1.);
#3526 = LINE('',#3527,#3528);
#3527 = CARTESIAN_POINT('',(1.5,-2.775603,3.502953));
#3528 = VECTOR('',#3529,1.);
#3529 = DIRECTION('',(-1.,9.992007221626E-16,-1.110223024625E-16));
#3530 = PCURVE('',#3470,#3531);
#3531 = DEFINITIONAL_REPRESENTATION('',(#3532),#3536);
#3532 = LINE('',#3533,#3534);
#3533 = CARTESIAN_POINT('',(2.037354,2.676630028731E-16));
#3534 = VECTOR('',#3535,1.);
#3535 = DIRECTION('',(2.22044604925E-16,-1.));
#3536 = ( GEOMETRIC_REPRESENTATION_CONTEXT(2) 
PARAMETRIC_REPRESENTATION_CONTEXT() REPRESENTATION_CONTEXT('2D SPACE',''
  ) );
#3537 = PCURVE('',#3538,#3543);
#3538 = PLANE('',#3539);
#3539 = AXIS2_PLACEMENT_3D('',#3540,#3541,#3542);
#3540 = CARTESIAN_POINT('',(1.5,-2.775603,3.502953));
#3541 = DIRECTION('',(-9.436895709314E-16,-1.,6.106226635438E-16));
#3542 = DIRECTION('',(2.22044604925E-16,-6.106226635438E-16,-1.));
#3543 = DEFINITIONAL_REPRESENTATION('',(#3544),#3548);
#3544 = LINE('',#3545,#3546);
#3545 = CARTESIAN_POINT('',(-4.440892098501E-16,2.22044604925E-16));
#3546 = VECTOR('',#3547,1.);
#3547 = DIRECTION('',(-5.551115123126E-17,-1.));
#3548 = ( GEOMETRIC_REPRESENTATION_CONTEXT(2) 
PARAMETRIC_REPRESENTATION_CONTEXT() REPRESENTATION_CONTEXT('2D SPACE',''
  ) );
#3549 = ORIENTED_EDGE('',*,*,#3550,.F.);
#3550 = EDGE_CURVE('',#3460,#3523,#3551,.T.);
#3551 = SURFACE_CURVE('',#3552,(#3556,#3563),.PCURVE_S1.);
#3552 = LINE('',#3553,#3554);
#3553 = CARTESIAN_POINT('',(1.5,-0.738249,3.502953));
#3554 = VECTOR('',#3555,1.);
#3555 = DIRECTION('',(-1.221245327088E-15,-1.,6.106226635438E-16));
#3556 = PCURVE('',#3470,#3557);
#3557 = DEFINITIONAL_REPRESENTATION('',(#3558),#3562);
#3558 = LINE('',#3559,#3560);
#3559 = CARTESIAN_POINT('',(1.110223024625E-16,-6.661338147751E-16));
#3560 = VECTOR('',#3561,1.);
#3561 = DIRECTION('',(1.,5.551115123126E-17));
#3562 = ( GEOMETRIC_REPRESENTATION_CONTEXT(2) 
PARAMETRIC_REPRESENTATION_CONTEXT() REPRESENTATION_CONTEXT('2D SPACE',''
  ) );
#3563 = PCURVE('',#3564,#3569);
#3564 = PLANE('',#3565);
#3565 = AXIS2_PLACEMENT_3D('',#3566,#3567,#3568);
#3566 = CARTESIAN_POINT('',(1.5,-1.756926,2.1231775));
#3567 = DIRECTION('',(1.,-1.315983264295E-15,1.934749646215E-17));
#3568 = DIRECTION('',(1.204960961833E-15,1.,1.110223024625E-16));
#3569 = DEFINITIONAL_REPRESENTATION('',(#3570),#3574);
#3570 = LINE('',#3571,#3572);
#3571 = CARTESIAN_POINT('',(1.018677,1.3797755));
#3572 = VECTOR('',#3573,1.);
#3573 = DIRECTION('',(-1.,7.216449660064E-16));
#3574 = ( GEOMETRIC_REPRESENTATION_CONTEXT(2) 
PARAMETRIC_REPRESENTATION_CONTEXT() REPRESENTATION_CONTEXT('2D SPACE',''
  ) );
#3575 = ADVANCED_FACE('',(#3576),#3482,.T.);
#3576 = FACE_BOUND('',#3577,.T.);
#3577 = EDGE_LOOP('',(#3578,#3601,#3629,#3657,#3685,#3713,#3741,#3762));
#3578 = ORIENTED_EDGE('',*,*,#3579,.F.);
#3579 = EDGE_CURVE('',#3580,#3460,#3582,.T.);
#3580 = VERTEX_POINT('',#3581);
#3581 = CARTESIAN_POINT('',(1.5,-0.738249,0.743402));
#3582 = SURFACE_CURVE('',#3583,(#3587,#3594),.PCURVE_S1.);
#3583 = LINE('',#3584,#3585);
#3584 = CARTESIAN_POINT('',(1.5,-0.738249,0.743402));
#3585 = VECTOR('',#3586,1.);
#3586 = DIRECTION('',(-2.775557561563E-16,6.106226635438E-16,1.));
#3587 = PCURVE('',#3482,#3588);
#3588 = DEFINITIONAL_REPRESENTATION('',(#3589),#3593);
#3589 = LINE('',#3590,#3591);
#3590 = CARTESIAN_POINT('',(-1.110223024625E-16,-2.22044604925E-16));
#3591 = VECTOR('',#3592,1.);
#3592 = DIRECTION('',(1.,-1.110223024625E-16));
#3593 = ( GEOMETRIC_REPRESENTATION_CONTEXT(2) 
PARAMETRIC_REPRESENTATION_CONTEXT() REPRESENTATION_CONTEXT('2D SPACE',''
  ) );
#3594 = PCURVE('',#3564,#3595);
#3595 = DEFINITIONAL_REPRESENTATION('',(#3596),#3600);
#3596 = LINE('',#3597,#3598);
#3597 = CARTESIAN_POINT('',(1.018677,-1.3797755));
#3598 = VECTOR('',#3599,1.);
#3599 = DIRECTION('',(7.216449660064E-16,1.));
#3600 = ( GEOMETRIC_REPRESENTATION_CONTEXT(2) 
PARAMETRIC_REPRESENTATION_CONTEXT() REPRESENTATION_CONTEXT('2D SPACE',''
  ) );
#3601 = ORIENTED_EDGE('',*,*,#3602,.T.);
#3602 = EDGE_CURVE('',#3580,#3603,#3605,.T.);
#3603 = VERTEX_POINT('',#3604);
#3604 = CARTESIAN_POINT('',(-2.,-0.738249,0.743402));
#3605 = SURFACE_CURVE('',#3606,(#3610,#3617),.PCURVE_S1.);
#3606 = LINE('',#3607,#3608);
#3607 = CARTESIAN_POINT('',(1.5,-0.738249,0.743402));
#3608 = VECTOR('',#3609,1.);
#3609 = DIRECTION('',(-1.,9.992007221626E-16,-1.110223024625E-16));
#3610 = PCURVE('',#3482,#3611);
#3611 = DEFINITIONAL_REPRESENTATION('',(#3612),#3616);
#3612 = LINE('',#3613,#3614);
#3613 = CARTESIAN_POINT('',(0.,0.));
#3614 = VECTOR('',#3615,1.);
#3615 = DIRECTION('',(5.551115123126E-17,-1.));
#3616 = ( GEOMETRIC_REPRESENTATION_CONTEXT(2) 
PARAMETRIC_REPRESENTATION_CONTEXT() REPRESENTATION_CONTEXT('2D SPACE',''
  ) );
#3617 = PCURVE('',#3618,#3623);
#3618 = PLANE('',#3619);
#3619 = AXIS2_PLACEMENT_3D('',#3620,#3621,#3622);
#3620 = CARTESIAN_POINT('',(1.5,-2.775603,0.743402));
#3621 = DIRECTION('',(2.22044604925E-16,-6.106226635438E-16,-1.));
#3622 = DIRECTION('',(1.221245327088E-15,1.,-6.106226635438E-16));
#3623 = DEFINITIONAL_REPRESENTATION('',(#3624),#3628);
#3624 = LINE('',#3625,#3626);
#3625 = CARTESIAN_POINT('',(2.037354,-4.561839794803E-17));
#3626 = VECTOR('',#3627,1.);
#3627 = DIRECTION('',(-2.22044604925E-16,-1.));
#3628 = ( GEOMETRIC_REPRESENTATION_CONTEXT(2) 
PARAMETRIC_REPRESENTATION_CONTEXT() REPRESENTATION_CONTEXT('2D SPACE',''
  ) );
#3629 = ORIENTED_EDGE('',*,*,#3630,.T.);
#3630 = EDGE_CURVE('',#3603,#3631,#3633,.T.);
#3631 = VERTEX_POINT('',#3632);
#3632 = CARTESIAN_POINT('',(-2.,-0.738249,0.922632));
#3633 = SURFACE_CURVE('',#3634,(#3638,#3645),.PCURVE_S1.);
#3634 = LINE('',#3635,#3636);
#3635 = CARTESIAN_POINT('',(-2.,-0.738249,0.743402));
#3636 = VECTOR('',#3637,1.);
#3637 = DIRECTION('',(-2.775557561563E-16,6.106226635438E-16,1.));
#3638 = PCURVE('',#3482,#3639);
#3639 = DEFINITIONAL_REPRESENTATION('',(#3640),#3644);
#3640 = LINE('',#3641,#3642);
#3641 = CARTESIAN_POINT('',(5.551115123126E-16,-3.5));
#3642 = VECTOR('',#3643,1.);
#3643 = DIRECTION('',(1.,-1.110223024625E-16));
#3644 = ( GEOMETRIC_REPRESENTATION_CONTEXT(2) 
PARAMETRIC_REPRESENTATION_CONTEXT() REPRESENTATION_CONTEXT('2D SPACE',''
  ) );
#3645 = PCURVE('',#3646,#3651);
#3646 = PLANE('',#3647);
#3647 = AXIS2_PLACEMENT_3D('',#3648,#3649,#3650);
#3648 = CARTESIAN_POINT('',(-2.,-1.756926,2.1231775));
#3649 = DIRECTION('',(1.,-1.315983264295E-15,1.934749646215E-17));
#3650 = DIRECTION('',(1.204960961833E-15,1.,1.110223024625E-16));
#3651 = DEFINITIONAL_REPRESENTATION('',(#3652),#3656);
#3652 = LINE('',#3653,#3654);
#3653 = CARTESIAN_POINT('',(1.018677,-1.3797755));
#3654 = VECTOR('',#3655,1.);
#3655 = DIRECTION('',(7.216449660064E-16,1.));
#3656 = ( GEOMETRIC_REPRESENTATION_CONTEXT(2) 
PARAMETRIC_REPRESENTATION_CONTEXT() REPRESENTATION_CONTEXT('2D SPACE',''
  ) );
#3657 = ORIENTED_EDGE('',*,*,#3658,.T.);
#3658 = EDGE_CURVE('',#3631,#3659,#3661,.T.);
#3659 = VERTEX_POINT('',#3660);
#3660 = CARTESIAN_POINT('',(1.4,-0.738249,0.922632));
#3661 = SURFACE_CURVE('',#3662,(#3666,#3673),.PCURVE_S1.);
#3662 = LINE('',#3663,#3664);
#3663 = CARTESIAN_POINT('',(-0.25,-0.738249,0.922632));
#3664 = VECTOR('',#3665,1.);
#3665 = DIRECTION('',(1.,-9.436895709314E-16,1.665334536938E-16));
#3666 = PCURVE('',#3482,#3667);
#3667 = DEFINITIONAL_REPRESENTATION('',(#3668),#3672);
#3668 = LINE('',#3669,#3670);
#3669 = CARTESIAN_POINT('',(0.17923,-1.75));
#3670 = VECTOR('',#3671,1.);
#3671 = DIRECTION('',(-5.551115123126E-17,1.));
#3672 = ( GEOMETRIC_REPRESENTATION_CONTEXT(2) 
PARAMETRIC_REPRESENTATION_CONTEXT() REPRESENTATION_CONTEXT('2D SPACE',''
  ) );
#3673 = PCURVE('',#3674,#3679);
#3674 = PLANE('',#3675);
#3675 = AXIS2_PLACEMENT_3D('',#3676,#3677,#3678);
#3676 = CARTESIAN_POINT('',(-2.,-2.786483,0.922632));
#3677 = DIRECTION('',(-1.665334536938E-16,8.326672684689E-16,1.));
#3678 = DIRECTION('',(1.276756478319E-15,1.,-8.326672684689E-16));
#3679 = DEFINITIONAL_REPRESENTATION('',(#3680),#3684);
#3680 = LINE('',#3681,#3682);
#3681 = CARTESIAN_POINT('',(2.048234,-1.75));
#3682 = VECTOR('',#3683,1.);
#3683 = DIRECTION('',(3.330669073875E-16,-1.));
#3684 = ( GEOMETRIC_REPRESENTATION_CONTEXT(2) 
PARAMETRIC_REPRESENTATION_CONTEXT() REPRESENTATION_CONTEXT('2D SPACE',''
  ) );
#3685 = ORIENTED_EDGE('',*,*,#3686,.F.);
#3686 = EDGE_CURVE('',#3687,#3659,#3689,.T.);
#3687 = VERTEX_POINT('',#3688);
#3688 = CARTESIAN_POINT('',(1.4,-0.738249,3.05778));
#3689 = SURFACE_CURVE('',#3690,(#3694,#3701),.PCURVE_S1.);
#3690 = LINE('',#3691,#3692);
#3691 = CARTESIAN_POINT('',(1.4,-0.738249,1.366804));
#3692 = VECTOR('',#3693,1.);
#3693 = DIRECTION('',(1.524787444809E-16,-6.106226635438E-16,-1.));
#3694 = PCURVE('',#3482,#3695);
#3695 = DEFINITIONAL_REPRESENTATION('',(#3696),#3700);
#3696 = LINE('',#3697,#3698);
#3697 = CARTESIAN_POINT('',(0.623402,-1.E-01));
#3698 = VECTOR('',#3699,1.);
#3699 = DIRECTION('',(-1.,4.14564420184E-17));
#3700 = ( GEOMETRIC_REPRESENTATION_CONTEXT(2) 
PARAMETRIC_REPRESENTATION_CONTEXT() REPRESENTATION_CONTEXT('2D SPACE',''
  ) );
#3701 = PCURVE('',#3702,#3707);
#3702 = PLANE('',#3703);
#3703 = AXIS2_PLACEMENT_3D('',#3704,#3705,#3706);
#3704 = CARTESIAN_POINT('',(1.4,-1.752032,1.990206));
#3705 = DIRECTION('',(1.,-1.295293144126E-15,9.696759324966E-17));
#3706 = DIRECTION('',(1.239781992895E-15,1.,5.551115123126E-17));
#3707 = DEFINITIONAL_REPRESENTATION('',(#3708),#3712);
#3708 = LINE('',#3709,#3710);
#3709 = CARTESIAN_POINT('',(1.013783,-0.623402));
#3710 = VECTOR('',#3711,1.);
#3711 = DIRECTION('',(-6.661338147751E-16,-1.));
#3712 = ( GEOMETRIC_REPRESENTATION_CONTEXT(2) 
PARAMETRIC_REPRESENTATION_CONTEXT() REPRESENTATION_CONTEXT('2D SPACE',''
  ) );
#3713 = ORIENTED_EDGE('',*,*,#3714,.T.);
#3714 = EDGE_CURVE('',#3687,#3715,#3717,.T.);
#3715 = VERTEX_POINT('',#3716);
#3716 = CARTESIAN_POINT('',(-2.,-0.738249,3.05778));
#3717 = SURFACE_CURVE('',#3718,(#3722,#3729),.PCURVE_S1.);
#3718 = LINE('',#3719,#3720);
#3719 = CARTESIAN_POINT('',(-0.25,-0.738249,3.05778));
#3720 = VECTOR('',#3721,1.);
#3721 = DIRECTION('',(-1.,9.436895709314E-16,-1.665334536938E-16));
#3722 = PCURVE('',#3482,#3723);
#3723 = DEFINITIONAL_REPRESENTATION('',(#3724),#3728);
#3724 = LINE('',#3725,#3726);
#3725 = CARTESIAN_POINT('',(2.314378,-1.75));
#3726 = VECTOR('',#3727,1.);
#3727 = DIRECTION('',(5.551115123126E-17,-1.));
#3728 = ( GEOMETRIC_REPRESENTATION_CONTEXT(2) 
PARAMETRIC_REPRESENTATION_CONTEXT() REPRESENTATION_CONTEXT('2D SPACE',''
  ) );
#3729 = PCURVE('',#3730,#3735);
#3730 = PLANE('',#3731);
#3731 = AXIS2_PLACEMENT_3D('',#3732,#3733,#3734);
#3732 = CARTESIAN_POINT('',(-2.,-0.717581,3.05778));
#3733 = DIRECTION('',(1.665334536938E-16,-8.326672684689E-16,-1.));
#3734 = DIRECTION('',(-1.276756478319E-15,-1.,8.326672684689E-16));
#3735 = DEFINITIONAL_REPRESENTATION('',(#3736),#3740);
#3736 = LINE('',#3737,#3738);
#3737 = CARTESIAN_POINT('',(2.0668E-02,-1.75));
#3738 = VECTOR('',#3739,1.);
#3739 = DIRECTION('',(3.330669073875E-16,1.));
#3740 = ( GEOMETRIC_REPRESENTATION_CONTEXT(2) 
PARAMETRIC_REPRESENTATION_CONTEXT() REPRESENTATION_CONTEXT('2D SPACE',''
  ) );
#3741 = ORIENTED_EDGE('',*,*,#3742,.T.);
#3742 = EDGE_CURVE('',#3715,#3462,#3743,.T.);
#3743 = SURFACE_CURVE('',#3744,(#3748,#3755),.PCURVE_S1.);
#3744 = LINE('',#3745,#3746);
#3745 = CARTESIAN_POINT('',(-2.,-0.738249,0.743402));
#3746 = VECTOR('',#3747,1.);
#3747 = DIRECTION('',(-2.775557561563E-16,6.106226635438E-16,1.));
#3748 = PCURVE('',#3482,#3749);
#3749 = DEFINITIONAL_REPRESENTATION('',(#3750),#3754);
#3750 = LINE('',#3751,#3752);
#3751 = CARTESIAN_POINT('',(5.551115123126E-16,-3.5));
#3752 = VECTOR('',#3753,1.);
#3753 = DIRECTION('',(1.,-1.110223024625E-16));
#3754 = ( GEOMETRIC_REPRESENTATION_CONTEXT(2) 
PARAMETRIC_REPRESENTATION_CONTEXT() REPRESENTATION_CONTEXT('2D SPACE',''
  ) );
#3755 = PCURVE('',#3510,#3756);
#3756 = DEFINITIONAL_REPRESENTATION('',(#3757),#3761);
#3757 = LINE('',#3758,#3759);
#3758 = CARTESIAN_POINT('',(1.018677,-1.3797755));
#3759 = VECTOR('',#3760,1.);
#3760 = DIRECTION('',(7.216449660064E-16,1.));
#3761 = ( GEOMETRIC_REPRESENTATION_CONTEXT(2) 
PARAMETRIC_REPRESENTATION_CONTEXT() REPRESENTATION_CONTEXT('2D SPACE',''
  ) );
#3762 = ORIENTED_EDGE('',*,*,#3459,.F.);
#3763 = ADVANCED_FACE('',(#3764),#3538,.T.);
#3764 = FACE_BOUND('',#3765,.T.);
#3765 = EDGE_LOOP('',(#3766,#3789,#3790,#3813,#3836,#3859,#3882,#3905));
#3766 = ORIENTED_EDGE('',*,*,#3767,.F.);
#3767 = EDGE_CURVE('',#3523,#3768,#3770,.T.);
#3768 = VERTEX_POINT('',#3769);
#3769 = CARTESIAN_POINT('',(1.5,-2.775603,0.743402));
#3770 = SURFACE_CURVE('',#3771,(#3775,#3782),.PCURVE_S1.);
#3771 = LINE('',#3772,#3773);
#3772 = CARTESIAN_POINT('',(1.5,-2.775603,3.502953));
#3773 = VECTOR('',#3774,1.);
#3774 = DIRECTION('',(2.775557561563E-16,-6.106226635438E-16,-1.));
#3775 = PCURVE('',#3538,#3776);
#3776 = DEFINITIONAL_REPRESENTATION('',(#3777),#3781);
#3777 = LINE('',#3778,#3779);
#3778 = CARTESIAN_POINT('',(-2.490589067452E-46,-4.440892098501E-16));
#3779 = VECTOR('',#3780,1.);
#3780 = DIRECTION('',(1.,1.110223024625E-16));
#3781 = ( GEOMETRIC_REPRESENTATION_CONTEXT(2) 
PARAMETRIC_REPRESENTATION_CONTEXT() REPRESENTATION_CONTEXT('2D SPACE',''
  ) );
#3782 = PCURVE('',#3564,#3783);
#3783 = DEFINITIONAL_REPRESENTATION('',(#3784),#3788);
#3784 = LINE('',#3785,#3786);
#3785 = CARTESIAN_POINT('',(-1.018677,1.3797755));
#3786 = VECTOR('',#3787,1.);
#3787 = DIRECTION('',(-7.216449660064E-16,-1.));
#3788 = ( GEOMETRIC_REPRESENTATION_CONTEXT(2) 
PARAMETRIC_REPRESENTATION_CONTEXT() REPRESENTATION_CONTEXT('2D SPACE',''
  ) );
#3789 = ORIENTED_EDGE('',*,*,#3522,.T.);
#3790 = ORIENTED_EDGE('',*,*,#3791,.T.);
#3791 = EDGE_CURVE('',#3495,#3792,#3794,.T.);
#3792 = VERTEX_POINT('',#3793);
#3793 = CARTESIAN_POINT('',(-2.,-2.775603,3.05778));
#3794 = SURFACE_CURVE('',#3795,(#3799,#3806),.PCURVE_S1.);
#3795 = LINE('',#3796,#3797);
#3796 = CARTESIAN_POINT('',(-2.,-2.775603,3.502953));
#3797 = VECTOR('',#3798,1.);
#3798 = DIRECTION('',(2.775557561563E-16,-6.106226635438E-16,-1.));
#3799 = PCURVE('',#3538,#3800);
#3800 = DEFINITIONAL_REPRESENTATION('',(#3801),#3805);
#3801 = LINE('',#3802,#3803);
#3802 = CARTESIAN_POINT('',(-4.440892098501E-16,-3.5));
#3803 = VECTOR('',#3804,1.);
#3804 = DIRECTION('',(1.,1.110223024625E-16));
#3805 = ( GEOMETRIC_REPRESENTATION_CONTEXT(2) 
PARAMETRIC_REPRESENTATION_CONTEXT() REPRESENTATION_CONTEXT('2D SPACE',''
  ) );
#3806 = PCURVE('',#3510,#3807);
#3807 = DEFINITIONAL_REPRESENTATION('',(#3808),#3812);
#3808 = LINE('',#3809,#3810);
#3809 = CARTESIAN_POINT('',(-1.018677,1.3797755));
#3810 = VECTOR('',#3811,1.);
#3811 = DIRECTION('',(-7.216449660064E-16,-1.));
#3812 = ( GEOMETRIC_REPRESENTATION_CONTEXT(2) 
PARAMETRIC_REPRESENTATION_CONTEXT() REPRESENTATION_CONTEXT('2D SPACE',''
  ) );
#3813 = ORIENTED_EDGE('',*,*,#3814,.T.);
#3814 = EDGE_CURVE('',#3792,#3815,#3817,.T.);
#3815 = VERTEX_POINT('',#3816);
#3816 = CARTESIAN_POINT('',(1.4,-2.775603,3.05778));
#3817 = SURFACE_CURVE('',#3818,(#3822,#3829),.PCURVE_S1.);
#3818 = LINE('',#3819,#3820);
#3819 = CARTESIAN_POINT('',(-0.25,-2.775603,3.05778));
#3820 = VECTOR('',#3821,1.);
#3821 = DIRECTION('',(1.,-9.436895709314E-16,1.665334536938E-16));
#3822 = PCURVE('',#3538,#3823);
#3823 = DEFINITIONAL_REPRESENTATION('',(#3824),#3828);
#3824 = LINE('',#3825,#3826);
#3825 = CARTESIAN_POINT('',(0.445173,-1.75));
#3826 = VECTOR('',#3827,1.);
#3827 = DIRECTION('',(5.551115123126E-17,1.));
#3828 = ( GEOMETRIC_REPRESENTATION_CONTEXT(2) 
PARAMETRIC_REPRESENTATION_CONTEXT() REPRESENTATION_CONTEXT('2D SPACE',''
  ) );
#3829 = PCURVE('',#3730,#3830);
#3830 = DEFINITIONAL_REPRESENTATION('',(#3831),#3835);
#3831 = LINE('',#3832,#3833);
#3832 = CARTESIAN_POINT('',(2.058022,-1.75));
#3833 = VECTOR('',#3834,1.);
#3834 = DIRECTION('',(-3.330669073875E-16,-1.));
#3835 = ( GEOMETRIC_REPRESENTATION_CONTEXT(2) 
PARAMETRIC_REPRESENTATION_CONTEXT() REPRESENTATION_CONTEXT('2D SPACE',''
  ) );
#3836 = ORIENTED_EDGE('',*,*,#3837,.F.);
#3837 = EDGE_CURVE('',#3838,#3815,#3840,.T.);
#3838 = VERTEX_POINT('',#3839);
#3839 = CARTESIAN_POINT('',(1.4,-2.775603,0.922632));
#3840 = SURFACE_CURVE('',#3841,(#3845,#3852),.PCURVE_S1.);
#3841 = LINE('',#3842,#3843);
#3842 = CARTESIAN_POINT('',(1.4,-2.775603,2.7465795));
#3843 = VECTOR('',#3844,1.);
#3844 = DIRECTION('',(-1.524787444809E-16,6.106226635438E-16,1.));
#3845 = PCURVE('',#3538,#3846);
#3846 = DEFINITIONAL_REPRESENTATION('',(#3847),#3851);
#3847 = LINE('',#3848,#3849);
#3848 = CARTESIAN_POINT('',(0.7563735,-1.E-01));
#3849 = VECTOR('',#3850,1.);
#3850 = DIRECTION('',(-1.,-4.14564420184E-17));
#3851 = ( GEOMETRIC_REPRESENTATION_CONTEXT(2) 
PARAMETRIC_REPRESENTATION_CONTEXT() REPRESENTATION_CONTEXT('2D SPACE',''
  ) );
#3852 = PCURVE('',#3702,#3853);
#3853 = DEFINITIONAL_REPRESENTATION('',(#3854),#3858);
#3854 = LINE('',#3855,#3856);
#3855 = CARTESIAN_POINT('',(-1.023571,0.7563735));
#3856 = VECTOR('',#3857,1.);
#3857 = DIRECTION('',(6.661338147751E-16,1.));
#3858 = ( GEOMETRIC_REPRESENTATION_CONTEXT(2) 
PARAMETRIC_REPRESENTATION_CONTEXT() REPRESENTATION_CONTEXT('2D SPACE',''
  ) );
#3859 = ORIENTED_EDGE('',*,*,#3860,.T.);
#3860 = EDGE_CURVE('',#3838,#3861,#3863,.T.);
#3861 = VERTEX_POINT('',#3862);
#3862 = CARTESIAN_POINT('',(-2.,-2.775603,0.922632));
#3863 = SURFACE_CURVE('',#3864,(#3868,#3875),.PCURVE_S1.);
#3864 = LINE('',#3865,#3866);
#3865 = CARTESIAN_POINT('',(-0.25,-2.775603,0.922632));
#3866 = VECTOR('',#3867,1.);
#3867 = DIRECTION('',(-1.,9.436895709314E-16,-1.665334536938E-16));
#3868 = PCURVE('',#3538,#3869);
#3869 = DEFINITIONAL_REPRESENTATION('',(#3870),#3874);
#3870 = LINE('',#3871,#3872);
#3871 = CARTESIAN_POINT('',(2.580321,-1.75));
#3872 = VECTOR('',#3873,1.);
#3873 = DIRECTION('',(-5.551115123126E-17,-1.));
#3874 = ( GEOMETRIC_REPRESENTATION_CONTEXT(2) 
PARAMETRIC_REPRESENTATION_CONTEXT() REPRESENTATION_CONTEXT('2D SPACE',''
  ) );
#3875 = PCURVE('',#3674,#3876);
#3876 = DEFINITIONAL_REPRESENTATION('',(#3877),#3881);
#3877 = LINE('',#3878,#3879);
#3878 = CARTESIAN_POINT('',(1.088E-02,-1.75));
#3879 = VECTOR('',#3880,1.);
#3880 = DIRECTION('',(-3.330669073875E-16,1.));
#3881 = ( GEOMETRIC_REPRESENTATION_CONTEXT(2) 
PARAMETRIC_REPRESENTATION_CONTEXT() REPRESENTATION_CONTEXT('2D SPACE',''
  ) );
#3882 = ORIENTED_EDGE('',*,*,#3883,.T.);
#3883 = EDGE_CURVE('',#3861,#3884,#3886,.T.);
#3884 = VERTEX_POINT('',#3885);
#3885 = CARTESIAN_POINT('',(-2.,-2.775603,0.743402));
#3886 = SURFACE_CURVE('',#3887,(#3891,#3898),.PCURVE_S1.);
#3887 = LINE('',#3888,#3889);
#3888 = CARTESIAN_POINT('',(-2.,-2.775603,3.502953));
#3889 = VECTOR('',#3890,1.);
#3890 = DIRECTION('',(2.775557561563E-16,-6.106226635438E-16,-1.));
#3891 = PCURVE('',#3538,#3892);
#3892 = DEFINITIONAL_REPRESENTATION('',(#3893),#3897);
#3893 = LINE('',#3894,#3895);
#3894 = CARTESIAN_POINT('',(-4.440892098501E-16,-3.5));
#3895 = VECTOR('',#3896,1.);
#3896 = DIRECTION('',(1.,1.110223024625E-16));
#3897 = ( GEOMETRIC_REPRESENTATION_CONTEXT(2) 
PARAMETRIC_REPRESENTATION_CONTEXT() REPRESENTATION_CONTEXT('2D SPACE',''
  ) );
#3898 = PCURVE('',#3646,#3899);
#3899 = DEFINITIONAL_REPRESENTATION('',(#3900),#3904);
#3900 = LINE('',#3901,#3902);
#3901 = CARTESIAN_POINT('',(-1.018677,1.3797755));
#3902 = VECTOR('',#3903,1.);
#3903 = DIRECTION('',(-7.216449660064E-16,-1.));
#3904 = ( GEOMETRIC_REPRESENTATION_CONTEXT(2) 
PARAMETRIC_REPRESENTATION_CONTEXT() REPRESENTATION_CONTEXT('2D SPACE',''
  ) );
#3905 = ORIENTED_EDGE('',*,*,#3906,.F.);
#3906 = EDGE_CURVE('',#3768,#3884,#3907,.T.);
#3907 = SURFACE_CURVE('',#3908,(#3912,#3919),.PCURVE_S1.);
#3908 = LINE('',#3909,#3910);
#3909 = CARTESIAN_POINT('',(1.5,-2.775603,0.743402));
#3910 = VECTOR('',#3911,1.);
#3911 = DIRECTION('',(-1.,9.992007221626E-16,-1.110223024625E-16));
#3912 = PCURVE('',#3538,#3913);
#3913 = DEFINITIONAL_REPRESENTATION('',(#3914),#3918);
#3914 = LINE('',#3915,#3916);
#3915 = CARTESIAN_POINT('',(2.759551,1.531858528914E-16));
#3916 = VECTOR('',#3917,1.);
#3917 = DIRECTION('',(-5.551115123126E-17,-1.));
#3918 = ( GEOMETRIC_REPRESENTATION_CONTEXT(2) 
PARAMETRIC_REPRESENTATION_CONTEXT() REPRESENTATION_CONTEXT('2D SPACE',''
  ) );
#3919 = PCURVE('',#3618,#3920);
#3920 = DEFINITIONAL_REPRESENTATION('',(#3921),#3925);
#3921 = LINE('',#3922,#3923);
#3922 = CARTESIAN_POINT('',(0.,0.));
#3923 = VECTOR('',#3924,1.);
#3924 = DIRECTION('',(-2.22044604925E-16,-1.));
#3925 = ( GEOMETRIC_REPRESENTATION_CONTEXT(2) 
PARAMETRIC_REPRESENTATION_CONTEXT() REPRESENTATION_CONTEXT('2D SPACE',''
  ) );
#3926 = ADVANCED_FACE('',(#3927),#3564,.T.);
#3927 = FACE_BOUND('',#3928,.T.);
#3928 = EDGE_LOOP('',(#3929,#3930,#3931,#3952));
#3929 = ORIENTED_EDGE('',*,*,#3550,.T.);
#3930 = ORIENTED_EDGE('',*,*,#3767,.T.);
#3931 = ORIENTED_EDGE('',*,*,#3932,.T.);
#3932 = EDGE_CURVE('',#3768,#3580,#3933,.T.);
#3933 = SURFACE_CURVE('',#3934,(#3938,#3945),.PCURVE_S1.);
#3934 = LINE('',#3935,#3936);
#3935 = CARTESIAN_POINT('',(1.5,-2.775603,0.743402));
#3936 = VECTOR('',#3937,1.);
#3937 = DIRECTION('',(1.221245327088E-15,1.,-6.106226635438E-16));
#3938 = PCURVE('',#3564,#3939);
#3939 = DEFINITIONAL_REPRESENTATION('',(#3940),#3944);
#3940 = LINE('',#3941,#3942);
#3941 = CARTESIAN_POINT('',(-1.018677,-1.3797755));
#3942 = VECTOR('',#3943,1.);
#3943 = DIRECTION('',(1.,-7.216449660064E-16));
#3944 = ( GEOMETRIC_REPRESENTATION_CONTEXT(2) 
PARAMETRIC_REPRESENTATION_CONTEXT() REPRESENTATION_CONTEXT('2D SPACE',''
  ) );
#3945 = PCURVE('',#3618,#3946);
#3946 = DEFINITIONAL_REPRESENTATION('',(#3947),#3951);
#3947 = LINE('',#3948,#3949);
#3948 = CARTESIAN_POINT('',(0.,0.));
#3949 = VECTOR('',#3950,1.);
#3950 = DIRECTION('',(1.,-5.551115123126E-17));
#3951 = ( GEOMETRIC_REPRESENTATION_CONTEXT(2) 
PARAMETRIC_REPRESENTATION_CONTEXT() REPRESENTATION_CONTEXT('2D SPACE',''
  ) );
#3952 = ORIENTED_EDGE('',*,*,#3579,.T.);
#3953 = ADVANCED_FACE('',(#3954),#3510,.F.);
#3954 = FACE_BOUND('',#3955,.F.);
#3955 = EDGE_LOOP('',(#3956,#3957,#3958,#3959));
#3956 = ORIENTED_EDGE('',*,*,#3742,.T.);
#3957 = ORIENTED_EDGE('',*,*,#3494,.T.);
#3958 = ORIENTED_EDGE('',*,*,#3791,.T.);
#3959 = ORIENTED_EDGE('',*,*,#3960,.F.);
#3960 = EDGE_CURVE('',#3715,#3792,#3961,.T.);
#3961 = SURFACE_CURVE('',#3962,(#3966,#3973),.PCURVE_S1.);
#3962 = LINE('',#3963,#3964);
#3963 = CARTESIAN_POINT('',(-2.,-0.717581,3.05778));
#3964 = VECTOR('',#3965,1.);
#3965 = DIRECTION('',(-1.276756478319E-15,-1.,8.326672684689E-16));
#3966 = PCURVE('',#3510,#3967);
#3967 = DEFINITIONAL_REPRESENTATION('',(#3968),#3972);
#3968 = LINE('',#3969,#3970);
#3969 = CARTESIAN_POINT('',(1.039345,0.9346025));
#3970 = VECTOR('',#3971,1.);
#3971 = DIRECTION('',(-1.,9.436895709314E-16));
#3972 = ( GEOMETRIC_REPRESENTATION_CONTEXT(2) 
PARAMETRIC_REPRESENTATION_CONTEXT() REPRESENTATION_CONTEXT('2D SPACE',''
  ) );
#3973 = PCURVE('',#3730,#3974);
#3974 = DEFINITIONAL_REPRESENTATION('',(#3975),#3979);
#3975 = LINE('',#3976,#3977);
#3976 = CARTESIAN_POINT('',(0.,0.));
#3977 = VECTOR('',#3978,1.);
#3978 = DIRECTION('',(1.,5.854827030937E-32));
#3979 = ( GEOMETRIC_REPRESENTATION_CONTEXT(2) 
PARAMETRIC_REPRESENTATION_CONTEXT() REPRESENTATION_CONTEXT('2D SPACE',''
  ) );
#3980 = ADVANCED_FACE('',(#3981),#3730,.T.);
#3981 = FACE_BOUND('',#3982,.T.);
#3982 = EDGE_LOOP('',(#3983,#3984,#3985,#4006));
#3983 = ORIENTED_EDGE('',*,*,#3960,.F.);
#3984 = ORIENTED_EDGE('',*,*,#3714,.F.);
#3985 = ORIENTED_EDGE('',*,*,#3986,.T.);
#3986 = EDGE_CURVE('',#3687,#3815,#3987,.T.);
#3987 = SURFACE_CURVE('',#3988,(#3992,#3999),.PCURVE_S1.);
#3988 = LINE('',#3989,#3990);
#3989 = CARTESIAN_POINT('',(1.4,-0.717581,3.05778));
#3990 = VECTOR('',#3991,1.);
#3991 = DIRECTION('',(-1.276756478319E-15,-1.,8.326672684689E-16));
#3992 = PCURVE('',#3730,#3993);
#3993 = DEFINITIONAL_REPRESENTATION('',(#3994),#3998);
#3994 = LINE('',#3995,#3996);
#3995 = CARTESIAN_POINT('',(9.992007221626E-17,-3.4));
#3996 = VECTOR('',#3997,1.);
#3997 = DIRECTION('',(1.,5.854827030937E-32));
#3998 = ( GEOMETRIC_REPRESENTATION_CONTEXT(2) 
PARAMETRIC_REPRESENTATION_CONTEXT() REPRESENTATION_CONTEXT('2D SPACE',''
  ) );
#3999 = PCURVE('',#3702,#4000);
#4000 = DEFINITIONAL_REPRESENTATION('',(#4001),#4005);
#4001 = LINE('',#4002,#4003);
#4002 = CARTESIAN_POINT('',(1.034451,1.067574));
#4003 = VECTOR('',#4004,1.);
#4004 = DIRECTION('',(-1.,8.881784197001E-16));
#4005 = ( GEOMETRIC_REPRESENTATION_CONTEXT(2) 
PARAMETRIC_REPRESENTATION_CONTEXT() REPRESENTATION_CONTEXT('2D SPACE',''
  ) );
#4006 = ORIENTED_EDGE('',*,*,#3814,.F.);
#4007 = ADVANCED_FACE('',(#4008),#3702,.F.);
#4008 = FACE_BOUND('',#4009,.F.);
#4009 = EDGE_LOOP('',(#4010,#4011,#4012,#4013));
#4010 = ORIENTED_EDGE('',*,*,#3686,.F.);
#4011 = ORIENTED_EDGE('',*,*,#3986,.T.);
#4012 = ORIENTED_EDGE('',*,*,#3837,.F.);
#4013 = ORIENTED_EDGE('',*,*,#4014,.T.);
#4014 = EDGE_CURVE('',#3838,#3659,#4015,.T.);
#4015 = SURFACE_CURVE('',#4016,(#4020,#4027),.PCURVE_S1.);
#4016 = LINE('',#4017,#4018);
#4017 = CARTESIAN_POINT('',(1.4,-2.786483,0.922632));
#4018 = VECTOR('',#4019,1.);
#4019 = DIRECTION('',(1.276756478319E-15,1.,-8.326672684689E-16));
#4020 = PCURVE('',#3702,#4021);
#4021 = DEFINITIONAL_REPRESENTATION('',(#4022),#4026);
#4022 = LINE('',#4023,#4024);
#4023 = CARTESIAN_POINT('',(-1.034451,-1.067574));
#4024 = VECTOR('',#4025,1.);
#4025 = DIRECTION('',(1.,-8.881784197001E-16));
#4026 = ( GEOMETRIC_REPRESENTATION_CONTEXT(2) 
PARAMETRIC_REPRESENTATION_CONTEXT() REPRESENTATION_CONTEXT('2D SPACE',''
  ) );
#4027 = PCURVE('',#3674,#4028);
#4028 = DEFINITIONAL_REPRESENTATION('',(#4029),#4033);
#4029 = LINE('',#4030,#4031);
#4030 = CARTESIAN_POINT('',(-5.440092820663E-16,-3.4));
#4031 = VECTOR('',#4032,1.);
#4032 = DIRECTION('',(1.,-5.854827030937E-32));
#4033 = ( GEOMETRIC_REPRESENTATION_CONTEXT(2) 
PARAMETRIC_REPRESENTATION_CONTEXT() REPRESENTATION_CONTEXT('2D SPACE',''
  ) );
#4034 = ADVANCED_FACE('',(#4035),#3674,.T.);
#4035 = FACE_BOUND('',#4036,.T.);
#4036 = EDGE_LOOP('',(#4037,#4058,#4059,#4060));
#4037 = ORIENTED_EDGE('',*,*,#4038,.F.);
#4038 = EDGE_CURVE('',#3861,#3631,#4039,.T.);
#4039 = SURFACE_CURVE('',#4040,(#4044,#4051),.PCURVE_S1.);
#4040 = LINE('',#4041,#4042);
#4041 = CARTESIAN_POINT('',(-2.,-2.786483,0.922632));
#4042 = VECTOR('',#4043,1.);
#4043 = DIRECTION('',(1.276756478319E-15,1.,-8.326672684689E-16));
#4044 = PCURVE('',#3674,#4045);
#4045 = DEFINITIONAL_REPRESENTATION('',(#4046),#4050);
#4046 = LINE('',#4047,#4048);
#4047 = CARTESIAN_POINT('',(-4.440892098501E-16,-5.669937756276E-31));
#4048 = VECTOR('',#4049,1.);
#4049 = DIRECTION('',(1.,-5.854827030937E-32));
#4050 = ( GEOMETRIC_REPRESENTATION_CONTEXT(2) 
PARAMETRIC_REPRESENTATION_CONTEXT() REPRESENTATION_CONTEXT('2D SPACE',''
  ) );
#4051 = PCURVE('',#3646,#4052);
#4052 = DEFINITIONAL_REPRESENTATION('',(#4053),#4057);
#4053 = LINE('',#4054,#4055);
#4054 = CARTESIAN_POINT('',(-1.029557,-1.2005455));
#4055 = VECTOR('',#4056,1.);
#4056 = DIRECTION('',(1.,-9.436895709314E-16));
#4057 = ( GEOMETRIC_REPRESENTATION_CONTEXT(2) 
PARAMETRIC_REPRESENTATION_CONTEXT() REPRESENTATION_CONTEXT('2D SPACE',''
  ) );
#4058 = ORIENTED_EDGE('',*,*,#3860,.F.);
#4059 = ORIENTED_EDGE('',*,*,#4014,.T.);
#4060 = ORIENTED_EDGE('',*,*,#3658,.F.);
#4061 = ADVANCED_FACE('',(#4062),#3646,.F.);
#4062 = FACE_BOUND('',#4063,.F.);
#4063 = EDGE_LOOP('',(#4064,#4065,#4066,#4067));
#4064 = ORIENTED_EDGE('',*,*,#3630,.T.);
#4065 = ORIENTED_EDGE('',*,*,#4038,.F.);
#4066 = ORIENTED_EDGE('',*,*,#3883,.T.);
#4067 = ORIENTED_EDGE('',*,*,#4068,.T.);
#4068 = EDGE_CURVE('',#3884,#3603,#4069,.T.);
#4069 = SURFACE_CURVE('',#4070,(#4074,#4081),.PCURVE_S1.);
#4070 = LINE('',#4071,#4072);
#4071 = CARTESIAN_POINT('',(-2.,-2.775603,0.743402));
#4072 = VECTOR('',#4073,1.);
#4073 = DIRECTION('',(1.221245327088E-15,1.,-6.106226635438E-16));
#4074 = PCURVE('',#3646,#4075);
#4075 = DEFINITIONAL_REPRESENTATION('',(#4076),#4080);
#4076 = LINE('',#4077,#4078);
#4077 = CARTESIAN_POINT('',(-1.018677,-1.3797755));
#4078 = VECTOR('',#4079,1.);
#4079 = DIRECTION('',(1.,-7.216449660064E-16));
#4080 = ( GEOMETRIC_REPRESENTATION_CONTEXT(2) 
PARAMETRIC_REPRESENTATION_CONTEXT() REPRESENTATION_CONTEXT('2D SPACE',''
  ) );
#4081 = PCURVE('',#3618,#4082);
#4082 = DEFINITIONAL_REPRESENTATION('',(#4083),#4087);
#4083 = LINE('',#4084,#4085);
#4084 = CARTESIAN_POINT('',(-5.273559366969E-16,-3.5));
#4085 = VECTOR('',#4086,1.);
#4086 = DIRECTION('',(1.,-5.551115123126E-17));
#4087 = ( GEOMETRIC_REPRESENTATION_CONTEXT(2) 
PARAMETRIC_REPRESENTATION_CONTEXT() REPRESENTATION_CONTEXT('2D SPACE',''
  ) );
#4088 = ADVANCED_FACE('',(#4089),#3618,.T.);
#4089 = FACE_BOUND('',#4090,.T.);
#4090 = EDGE_LOOP('',(#4091,#4092,#4093,#4094));
#4091 = ORIENTED_EDGE('',*,*,#3906,.T.);
#4092 = ORIENTED_EDGE('',*,*,#4068,.T.);
#4093 = ORIENTED_EDGE('',*,*,#3602,.F.);
#4094 = ORIENTED_EDGE('',*,*,#3932,.F.);
#4095 = ( GEOMETRIC_REPRESENTATION_CONTEXT(3) 
GLOBAL_UNCERTAINTY_ASSIGNED_CONTEXT((#4099)) 
GLOBAL_UNIT_ASSIGNED_CONTEXT((#4096,#4097,#4098)) REPRESENTATION_CONTEXT
('Context #1','3D Context with UNIT and UNCERTAINTY') );
#4096 = ( LENGTH_UNIT() NAMED_UNIT(*) SI_UNIT(.MILLI.,.METRE.) );
#4097 = ( NAMED_UNIT(*) PLANE_ANGLE_UNIT() SI_UNIT($,.RADIAN.) );
#4098 = ( NAMED_UNIT(*) SI_UNIT($,.STERADIAN.) SOLID_ANGLE_UNIT() );
#4099 = UNCERTAINTY_MEASURE_WITH_UNIT(LENGTH_MEASURE(1.E-07),#4096,
  'distance_accuracy_value','confusion accuracy');
#4100 = PRODUCT_RELATED_PRODUCT_CATEGORY('part',$,(#3449));
#4101 = SHAPE_DEFINITION_REPRESENTATION(#4102,#4108);
#4102 = PRODUCT_DEFINITION_SHAPE('','',#4103);
#4103 = PRODUCT_DEFINITION('design','',#4104,#4107);
#4104 = PRODUCT_DEFINITION_FORMATION('','',#4105);
#4105 = PRODUCT('Screw002','Screw002','',(#4106));
#4106 = PRODUCT_CONTEXT('',#2,'mechanical');
#4107 = PRODUCT_DEFINITION_CONTEXT('part definition',#2,'design');
#4108 = ADVANCED_BREP_SHAPE_REPRESENTATION('',(#11,#4109),#4845);
#4109 = MANIFOLD_SOLID_BREP('',#4110);
#4110 = CLOSED_SHELL('',(#4111,#4412,#4517,#4615,#4642,#4774,#4802,#4830
    ,#4834,#4840));
#4111 = ADVANCED_FACE('',(#4112),#4127,.T.);
#4112 = FACE_BOUND('',#4113,.F.);
#4113 = EDGE_LOOP('',(#4114,#4150,#4173,#4200,#4201,#4230,#4258,#4287,
    #4315,#4344,#4367,#4391));
#4114 = ORIENTED_EDGE('',*,*,#4115,.T.);
#4115 = EDGE_CURVE('',#4116,#4118,#4120,.T.);
#4116 = VERTEX_POINT('',#4117);
#4117 = CARTESIAN_POINT('',(0.25,-6.572875450177,8.6));
#4118 = VERTEX_POINT('',#4119);
#4119 = CARTESIAN_POINT('',(1.346291,-5.25,8.6));
#4120 = SURFACE_CURVE('',#4121,(#4126,#4138),.PCURVE_S1.);
#4121 = CIRCLE('',#4122,1.346291);
#4122 = AXIS2_PLACEMENT_3D('',#4123,#4124,#4125);
#4123 = CARTESIAN_POINT('',(-2.2E-16,-5.25,8.6));
#4124 = DIRECTION('',(-2.2E-16,8.2E-16,1.));
#4125 = DIRECTION('',(1.,-6.E-17,2.2E-16));
#4126 = PCURVE('',#4127,#4132);
#4127 = CYLINDRICAL_SURFACE('',#4128,1.346291);
#4128 = AXIS2_PLACEMENT_3D('',#4129,#4130,#4131);
#4129 = CARTESIAN_POINT('',(0.,-5.25,7.6));
#4130 = DIRECTION('',(0.,-8.9E-16,-1.));
#4131 = DIRECTION('',(1.,0.,0.));
#4132 = DEFINITIONAL_REPRESENTATION('',(#4133),#4137);
#4133 = LINE('',#4134,#4135);
#4134 = CARTESIAN_POINT('',(-0.,-1.));
#4135 = VECTOR('',#4136,1.);
#4136 = DIRECTION('',(-1.,0.));
#4137 = ( GEOMETRIC_REPRESENTATION_CONTEXT(2) 
PARAMETRIC_REPRESENTATION_CONTEXT() REPRESENTATION_CONTEXT('2D SPACE',''
  ) );
#4138 = PCURVE('',#4139,#4144);
#4139 = TOROIDAL_SURFACE('',#4140,1.146291,0.2);
#4140 = AXIS2_PLACEMENT_3D('',#4141,#4142,#4143);
#4141 = CARTESIAN_POINT('',(-2.2E-16,-5.25,8.6));
#4142 = DIRECTION('',(-2.2E-16,8.2E-16,1.));
#4143 = DIRECTION('',(1.,-6.E-17,2.2E-16));
#4144 = DEFINITIONAL_REPRESENTATION('',(#4145),#4149);
#4145 = LINE('',#4146,#4147);
#4146 = CARTESIAN_POINT('',(0.,0.));
#4147 = VECTOR('',#4148,1.);
#4148 = DIRECTION('',(1.,0.));
#4149 = ( GEOMETRIC_REPRESENTATION_CONTEXT(2) 
PARAMETRIC_REPRESENTATION_CONTEXT() REPRESENTATION_CONTEXT('2D SPACE',''
  ) );
#4150 = ORIENTED_EDGE('',*,*,#4151,.F.);
#4151 = EDGE_CURVE('',#4152,#4118,#4154,.T.);
#4152 = VERTEX_POINT('',#4153);
#4153 = CARTESIAN_POINT('',(1.346291,-5.25,7.6));
#4154 = SEAM_CURVE('',#4155,(#4159,#4166),.PCURVE_S1.);
#4155 = LINE('',#4156,#4157);
#4156 = CARTESIAN_POINT('',(1.346291,-5.25,7.6));
#4157 = VECTOR('',#4158,1.);
#4158 = DIRECTION('',(0.,8.9E-16,1.));
#4159 = PCURVE('',#4127,#4160);
#4160 = DEFINITIONAL_REPRESENTATION('',(#4161),#4165);
#4161 = LINE('',#4162,#4163);
#4162 = CARTESIAN_POINT('',(-0.,0.));
#4163 = VECTOR('',#4164,1.);
#4164 = DIRECTION('',(-0.,-1.));
#4165 = ( GEOMETRIC_REPRESENTATION_CONTEXT(2) 
PARAMETRIC_REPRESENTATION_CONTEXT() REPRESENTATION_CONTEXT('2D SPACE',''
  ) );
#4166 = PCURVE('',#4127,#4167);
#4167 = DEFINITIONAL_REPRESENTATION('',(#4168),#4172);
#4168 = LINE('',#4169,#4170);
#4169 = CARTESIAN_POINT('',(-6.28318530718,0.));
#4170 = VECTOR('',#4171,1.);
#4171 = DIRECTION('',(-0.,-1.));
#4172 = ( GEOMETRIC_REPRESENTATION_CONTEXT(2) 
PARAMETRIC_REPRESENTATION_CONTEXT() REPRESENTATION_CONTEXT('2D SPACE',''
  ) );
#4173 = ORIENTED_EDGE('',*,*,#4174,.F.);
#4174 = EDGE_CURVE('',#4152,#4152,#4175,.T.);
#4175 = SURFACE_CURVE('',#4176,(#4181,#4188),.PCURVE_S1.);
#4176 = CIRCLE('',#4177,1.346291);
#4177 = AXIS2_PLACEMENT_3D('',#4178,#4179,#4180);
#4178 = CARTESIAN_POINT('',(0.,-5.25,7.6));
#4179 = DIRECTION('',(-0.,4.4E-16,1.));
#4180 = DIRECTION('',(1.,0.,0.));
#4181 = PCURVE('',#4127,#4182);
#4182 = DEFINITIONAL_REPRESENTATION('',(#4183),#4187);
#4183 = LINE('',#4184,#4185);
#4184 = CARTESIAN_POINT('',(-0.,0.));
#4185 = VECTOR('',#4186,1.);
#4186 = DIRECTION('',(-1.,0.));
#4187 = ( GEOMETRIC_REPRESENTATION_CONTEXT(2) 
PARAMETRIC_REPRESENTATION_CONTEXT() REPRESENTATION_CONTEXT('2D SPACE',''
  ) );
#4188 = PCURVE('',#4189,#4194);
#4189 = PLANE('',#4190);
#4190 = AXIS2_PLACEMENT_3D('',#4191,#4192,#4193);
#4191 = CARTESIAN_POINT('',(-3.E-17,-5.25,7.6));
#4192 = DIRECTION('',(-2.2E-16,8.2E-16,1.));
#4193 = DIRECTION('',(0.,1.,-8.2E-16));
#4194 = DEFINITIONAL_REPRESENTATION('',(#4195),#4199);
#4195 = CIRCLE('',#4196,1.346291);
#4196 = AXIS2_PLACEMENT_2D('',#4197,#4198);
#4197 = CARTESIAN_POINT('',(-3.330669073875E-15,-3.E-17));
#4198 = DIRECTION('',(0.,-1.));
#4199 = ( GEOMETRIC_REPRESENTATION_CONTEXT(2) 
PARAMETRIC_REPRESENTATION_CONTEXT() REPRESENTATION_CONTEXT('2D SPACE',''
  ) );
#4200 = ORIENTED_EDGE('',*,*,#4151,.T.);
#4201 = ORIENTED_EDGE('',*,*,#4202,.T.);
#4202 = EDGE_CURVE('',#4118,#4203,#4205,.T.);
#4203 = VERTEX_POINT('',#4204);
#4204 = CARTESIAN_POINT('',(0.25,-3.927124549823,8.6));
#4205 = SURFACE_CURVE('',#4206,(#4211,#4218),.PCURVE_S1.);
#4206 = CIRCLE('',#4207,1.346291);
#4207 = AXIS2_PLACEMENT_3D('',#4208,#4209,#4210);
#4208 = CARTESIAN_POINT('',(-2.2E-16,-5.25,8.6));
#4209 = DIRECTION('',(-2.2E-16,8.2E-16,1.));
#4210 = DIRECTION('',(1.,-6.E-17,2.2E-16));
#4211 = PCURVE('',#4127,#4212);
#4212 = DEFINITIONAL_REPRESENTATION('',(#4213),#4217);
#4213 = LINE('',#4214,#4215);
#4214 = CARTESIAN_POINT('',(-0.,-1.));
#4215 = VECTOR('',#4216,1.);
#4216 = DIRECTION('',(-1.,0.));
#4217 = ( GEOMETRIC_REPRESENTATION_CONTEXT(2) 
PARAMETRIC_REPRESENTATION_CONTEXT() REPRESENTATION_CONTEXT('2D SPACE',''
  ) );
#4218 = PCURVE('',#4219,#4224);
#4219 = TOROIDAL_SURFACE('',#4220,1.146291,0.2);
#4220 = AXIS2_PLACEMENT_3D('',#4221,#4222,#4223);
#4221 = CARTESIAN_POINT('',(-2.2E-16,-5.25,8.6));
#4222 = DIRECTION('',(-2.2E-16,8.2E-16,1.));
#4223 = DIRECTION('',(1.,-6.E-17,2.2E-16));
#4224 = DEFINITIONAL_REPRESENTATION('',(#4225),#4229);
#4225 = LINE('',#4226,#4227);
#4226 = CARTESIAN_POINT('',(0.,0.));
#4227 = VECTOR('',#4228,1.);
#4228 = DIRECTION('',(1.,0.));
#4229 = ( GEOMETRIC_REPRESENTATION_CONTEXT(2) 
PARAMETRIC_REPRESENTATION_CONTEXT() REPRESENTATION_CONTEXT('2D SPACE',''
  ) );
#4230 = ORIENTED_EDGE('',*,*,#4231,.T.);
#4231 = EDGE_CURVE('',#4203,#4232,#4234,.T.);
#4232 = VERTEX_POINT('',#4233);
#4233 = CARTESIAN_POINT('',(0.25,-3.927124549823,8.));
#4234 = SURFACE_CURVE('',#4235,(#4239,#4246),.PCURVE_S1.);
#4235 = LINE('',#4236,#4237);
#4236 = CARTESIAN_POINT('',(0.25,-3.927124549823,7.6));
#4237 = VECTOR('',#4238,1.);
#4238 = DIRECTION('',(0.,-1.33E-15,-1.));
#4239 = PCURVE('',#4127,#4240);
#4240 = DEFINITIONAL_REPRESENTATION('',(#4241),#4245);
#4241 = LINE('',#4242,#4243);
#4242 = CARTESIAN_POINT('',(-1.384016837388,-5.E-17));
#4243 = VECTOR('',#4244,1.);
#4244 = DIRECTION('',(-0.,1.));
#4245 = ( GEOMETRIC_REPRESENTATION_CONTEXT(2) 
PARAMETRIC_REPRESENTATION_CONTEXT() REPRESENTATION_CONTEXT('2D SPACE',''
  ) );
#4246 = PCURVE('',#4247,#4252);
#4247 = PLANE('',#4248);
#4248 = AXIS2_PLACEMENT_3D('',#4249,#4250,#4251);
#4249 = CARTESIAN_POINT('',(0.25,-3.75,8.8));
#4250 = DIRECTION('',(-1.,-0.,-2.2E-16));
#4251 = DIRECTION('',(-2.794E-31,-1.,1.27E-15));
#4252 = DEFINITIONAL_REPRESENTATION('',(#4253),#4257);
#4253 = LINE('',#4254,#4255);
#4254 = CARTESIAN_POINT('',(0.177124549823,-1.2));
#4255 = VECTOR('',#4256,1.);
#4256 = DIRECTION('',(6.E-17,-1.));
#4257 = ( GEOMETRIC_REPRESENTATION_CONTEXT(2) 
PARAMETRIC_REPRESENTATION_CONTEXT() REPRESENTATION_CONTEXT('2D SPACE',''
  ) );
#4258 = ORIENTED_EDGE('',*,*,#4259,.F.);
#4259 = EDGE_CURVE('',#4260,#4232,#4262,.T.);
#4260 = VERTEX_POINT('',#4261);
#4261 = CARTESIAN_POINT('',(-0.25,-3.927124549823,8.));
#4262 = SURFACE_CURVE('',#4263,(#4268,#4275),.PCURVE_S1.);
#4263 = CIRCLE('',#4264,1.346291);
#4264 = AXIS2_PLACEMENT_3D('',#4265,#4266,#4267);
#4265 = CARTESIAN_POINT('',(0.,-5.25,8.));
#4266 = DIRECTION('',(0.,-1.33E-15,-1.));
#4267 = DIRECTION('',(1.,0.,0.));
#4268 = PCURVE('',#4127,#4269);
#4269 = DEFINITIONAL_REPRESENTATION('',(#4270),#4274);
#4270 = LINE('',#4271,#4272);
#4271 = CARTESIAN_POINT('',(-6.28318530718,-0.4));
#4272 = VECTOR('',#4273,1.);
#4273 = DIRECTION('',(1.,-0.));
#4274 = ( GEOMETRIC_REPRESENTATION_CONTEXT(2) 
PARAMETRIC_REPRESENTATION_CONTEXT() REPRESENTATION_CONTEXT('2D SPACE',''
  ) );
#4275 = PCURVE('',#4276,#4281);
#4276 = PLANE('',#4277);
#4277 = AXIS2_PLACEMENT_3D('',#4278,#4279,#4280);
#4278 = CARTESIAN_POINT('',(-3.E-16,-5.25,8.));
#4279 = DIRECTION('',(1.78E-15,-1.33E-15,-1.));
#4280 = DIRECTION('',(-1.,0.,-1.78E-15));
#4281 = DEFINITIONAL_REPRESENTATION('',(#4282),#4286);
#4282 = CIRCLE('',#4283,1.346291);
#4283 = AXIS2_PLACEMENT_2D('',#4284,#4285);
#4284 = CARTESIAN_POINT('',(-3.E-16,-2.22044604925E-16));
#4285 = DIRECTION('',(-1.,2.3674E-30));
#4286 = ( GEOMETRIC_REPRESENTATION_CONTEXT(2) 
PARAMETRIC_REPRESENTATION_CONTEXT() REPRESENTATION_CONTEXT('2D SPACE',''
  ) );
#4287 = ORIENTED_EDGE('',*,*,#4288,.F.);
#4288 = EDGE_CURVE('',#4289,#4260,#4291,.T.);
#4289 = VERTEX_POINT('',#4290);
#4290 = CARTESIAN_POINT('',(-0.25,-3.927124549823,8.6));
#4291 = SURFACE_CURVE('',#4292,(#4296,#4303),.PCURVE_S1.);
#4292 = LINE('',#4293,#4294);
#4293 = CARTESIAN_POINT('',(-0.25,-3.927124549823,7.6));
#4294 = VECTOR('',#4295,1.);
#4295 = DIRECTION('',(0.,-1.33E-15,-1.));
#4296 = PCURVE('',#4127,#4297);
#4297 = DEFINITIONAL_REPRESENTATION('',(#4298),#4302);
#4298 = LINE('',#4299,#4300);
#4299 = CARTESIAN_POINT('',(-1.757575816201,5.E-17));
#4300 = VECTOR('',#4301,1.);
#4301 = DIRECTION('',(-0.,1.));
#4302 = ( GEOMETRIC_REPRESENTATION_CONTEXT(2) 
PARAMETRIC_REPRESENTATION_CONTEXT() REPRESENTATION_CONTEXT('2D SPACE',''
  ) );
#4303 = PCURVE('',#4304,#4309);
#4304 = PLANE('',#4305);
#4305 = AXIS2_PLACEMENT_3D('',#4306,#4307,#4308);
#4306 = CARTESIAN_POINT('',(-0.25,-6.75,8.8));
#4307 = DIRECTION('',(1.,0.,2.2E-16));
#4308 = DIRECTION('',(2.794E-31,1.,-1.27E-15));
#4309 = DEFINITIONAL_REPRESENTATION('',(#4310),#4314);
#4310 = LINE('',#4311,#4312);
#4311 = CARTESIAN_POINT('',(2.822875450177,-1.2));
#4312 = VECTOR('',#4313,1.);
#4313 = DIRECTION('',(-6.E-17,-1.));
#4314 = ( GEOMETRIC_REPRESENTATION_CONTEXT(2) 
PARAMETRIC_REPRESENTATION_CONTEXT() REPRESENTATION_CONTEXT('2D SPACE',''
  ) );
#4315 = ORIENTED_EDGE('',*,*,#4316,.T.);
#4316 = EDGE_CURVE('',#4289,#4317,#4319,.T.);
#4317 = VERTEX_POINT('',#4318);
#4318 = CARTESIAN_POINT('',(-0.25,-6.572875450177,8.6));
#4319 = SURFACE_CURVE('',#4320,(#4325,#4332),.PCURVE_S1.);
#4320 = CIRCLE('',#4321,1.346291);
#4321 = AXIS2_PLACEMENT_3D('',#4322,#4323,#4324);
#4322 = CARTESIAN_POINT('',(-2.2E-16,-5.25,8.6));
#4323 = DIRECTION('',(-2.2E-16,8.2E-16,1.));
#4324 = DIRECTION('',(1.,-6.E-17,2.2E-16));
#4325 = PCURVE('',#4127,#4326);
#4326 = DEFINITIONAL_REPRESENTATION('',(#4327),#4331);
#4327 = LINE('',#4328,#4329);
#4328 = CARTESIAN_POINT('',(-0.,-1.));
#4329 = VECTOR('',#4330,1.);
#4330 = DIRECTION('',(-1.,0.));
#4331 = ( GEOMETRIC_REPRESENTATION_CONTEXT(2) 
PARAMETRIC_REPRESENTATION_CONTEXT() REPRESENTATION_CONTEXT('2D SPACE',''
  ) );
#4332 = PCURVE('',#4333,#4338);
#4333 = TOROIDAL_SURFACE('',#4334,1.146291,0.2);
#4334 = AXIS2_PLACEMENT_3D('',#4335,#4336,#4337);
#4335 = CARTESIAN_POINT('',(-2.2E-16,-5.25,8.6));
#4336 = DIRECTION('',(-2.2E-16,8.2E-16,1.));
#4337 = DIRECTION('',(1.,-6.E-17,2.2E-16));
#4338 = DEFINITIONAL_REPRESENTATION('',(#4339),#4343);
#4339 = LINE('',#4340,#4341);
#4340 = CARTESIAN_POINT('',(0.,0.));
#4341 = VECTOR('',#4342,1.);
#4342 = DIRECTION('',(1.,0.));
#4343 = ( GEOMETRIC_REPRESENTATION_CONTEXT(2) 
PARAMETRIC_REPRESENTATION_CONTEXT() REPRESENTATION_CONTEXT('2D SPACE',''
  ) );
#4344 = ORIENTED_EDGE('',*,*,#4345,.T.);
#4345 = EDGE_CURVE('',#4317,#4346,#4348,.T.);
#4346 = VERTEX_POINT('',#4347);
#4347 = CARTESIAN_POINT('',(-0.25,-6.572875450177,8.));
#4348 = SURFACE_CURVE('',#4349,(#4353,#4360),.PCURVE_S1.);
#4349 = LINE('',#4350,#4351);
#4350 = CARTESIAN_POINT('',(-0.25,-6.572875450177,7.6));
#4351 = VECTOR('',#4352,1.);
#4352 = DIRECTION('',(0.,-1.33E-15,-1.));
#4353 = PCURVE('',#4127,#4354);
#4354 = DEFINITIONAL_REPRESENTATION('',(#4355),#4359);
#4355 = LINE('',#4356,#4357);
#4356 = CARTESIAN_POINT('',(-4.525609490978,5.E-17));
#4357 = VECTOR('',#4358,1.);
#4358 = DIRECTION('',(-0.,1.));
#4359 = ( GEOMETRIC_REPRESENTATION_CONTEXT(2) 
PARAMETRIC_REPRESENTATION_CONTEXT() REPRESENTATION_CONTEXT('2D SPACE',''
  ) );
#4360 = PCURVE('',#4304,#4361);
#4361 = DEFINITIONAL_REPRESENTATION('',(#4362),#4366);
#4362 = LINE('',#4363,#4364);
#4363 = CARTESIAN_POINT('',(0.177124549823,-1.2));
#4364 = VECTOR('',#4365,1.);
#4365 = DIRECTION('',(-6.E-17,-1.));
#4366 = ( GEOMETRIC_REPRESENTATION_CONTEXT(2) 
PARAMETRIC_REPRESENTATION_CONTEXT() REPRESENTATION_CONTEXT('2D SPACE',''
  ) );
#4367 = ORIENTED_EDGE('',*,*,#4368,.F.);
#4368 = EDGE_CURVE('',#4369,#4346,#4371,.T.);
#4369 = VERTEX_POINT('',#4370);
#4370 = CARTESIAN_POINT('',(0.25,-6.572875450177,8.));
#4371 = SURFACE_CURVE('',#4372,(#4377,#4384),.PCURVE_S1.);
#4372 = CIRCLE('',#4373,1.346291);
#4373 = AXIS2_PLACEMENT_3D('',#4374,#4375,#4376);
#4374 = CARTESIAN_POINT('',(0.,-5.25,8.));
#4375 = DIRECTION('',(0.,-1.33E-15,-1.));
#4376 = DIRECTION('',(1.,0.,0.));
#4377 = PCURVE('',#4127,#4378);
#4378 = DEFINITIONAL_REPRESENTATION('',(#4379),#4383);
#4379 = LINE('',#4380,#4381);
#4380 = CARTESIAN_POINT('',(-6.28318530718,-0.4));
#4381 = VECTOR('',#4382,1.);
#4382 = DIRECTION('',(1.,-0.));
#4383 = ( GEOMETRIC_REPRESENTATION_CONTEXT(2) 
PARAMETRIC_REPRESENTATION_CONTEXT() REPRESENTATION_CONTEXT('2D SPACE',''
  ) );
#4384 = PCURVE('',#4276,#4385);
#4385 = DEFINITIONAL_REPRESENTATION('',(#4386),#4390);
#4386 = CIRCLE('',#4387,1.346291);
#4387 = AXIS2_PLACEMENT_2D('',#4388,#4389);
#4388 = CARTESIAN_POINT('',(-3.E-16,-2.22044604925E-16));
#4389 = DIRECTION('',(-1.,2.3674E-30));
#4390 = ( GEOMETRIC_REPRESENTATION_CONTEXT(2) 
PARAMETRIC_REPRESENTATION_CONTEXT() REPRESENTATION_CONTEXT('2D SPACE',''
  ) );
#4391 = ORIENTED_EDGE('',*,*,#4392,.F.);
#4392 = EDGE_CURVE('',#4116,#4369,#4393,.T.);
#4393 = SURFACE_CURVE('',#4394,(#4398,#4405),.PCURVE_S1.);
#4394 = LINE('',#4395,#4396);
#4395 = CARTESIAN_POINT('',(0.25,-6.572875450177,7.6));
#4396 = VECTOR('',#4397,1.);
#4397 = DIRECTION('',(0.,-1.33E-15,-1.));
#4398 = PCURVE('',#4127,#4399);
#4399 = DEFINITIONAL_REPRESENTATION('',(#4400),#4404);
#4400 = LINE('',#4401,#4402);
#4401 = CARTESIAN_POINT('',(-4.899168469791,-5.E-17));
#4402 = VECTOR('',#4403,1.);
#4403 = DIRECTION('',(-0.,1.));
#4404 = ( GEOMETRIC_REPRESENTATION_CONTEXT(2) 
PARAMETRIC_REPRESENTATION_CONTEXT() REPRESENTATION_CONTEXT('2D SPACE',''
  ) );
#4405 = PCURVE('',#4247,#4406);
#4406 = DEFINITIONAL_REPRESENTATION('',(#4407),#4411);
#4407 = LINE('',#4408,#4409);
#4408 = CARTESIAN_POINT('',(2.822875450177,-1.2));
#4409 = VECTOR('',#4410,1.);
#4410 = DIRECTION('',(6.E-17,-1.));
#4411 = ( GEOMETRIC_REPRESENTATION_CONTEXT(2) 
PARAMETRIC_REPRESENTATION_CONTEXT() REPRESENTATION_CONTEXT('2D SPACE',''
  ) );
#4412 = ADVANCED_FACE('',(#4413),#4139,.T.);
#4413 = FACE_BOUND('',#4414,.T.);
#4414 = EDGE_LOOP('',(#4415,#4416,#4440,#4469));
#4415 = ORIENTED_EDGE('',*,*,#4115,.T.);
#4416 = ORIENTED_EDGE('',*,*,#4417,.T.);
#4417 = EDGE_CURVE('',#4118,#4418,#4420,.T.);
#4418 = VERTEX_POINT('',#4419);
#4419 = CARTESIAN_POINT('',(1.146291,-5.25,8.8));
#4420 = SURFACE_CURVE('',#4421,(#4426,#4433),.PCURVE_S1.);
#4421 = CIRCLE('',#4422,0.2);
#4422 = AXIS2_PLACEMENT_3D('',#4423,#4424,#4425);
#4423 = CARTESIAN_POINT('',(1.146291,-5.25,8.6));
#4424 = DIRECTION('',(-6.E-17,-1.,8.2E-16));
#4425 = DIRECTION('',(1.,-6.E-17,2.2E-16));
#4426 = PCURVE('',#4139,#4427);
#4427 = DEFINITIONAL_REPRESENTATION('',(#4428),#4432);
#4428 = LINE('',#4429,#4430);
#4429 = CARTESIAN_POINT('',(6.28318530718,0.));
#4430 = VECTOR('',#4431,1.);
#4431 = DIRECTION('',(0.,1.));
#4432 = ( GEOMETRIC_REPRESENTATION_CONTEXT(2) 
PARAMETRIC_REPRESENTATION_CONTEXT() REPRESENTATION_CONTEXT('2D SPACE',''
  ) );
#4433 = PCURVE('',#4219,#4434);
#4434 = DEFINITIONAL_REPRESENTATION('',(#4435),#4439);
#4435 = LINE('',#4436,#4437);
#4436 = CARTESIAN_POINT('',(0.,0.));
#4437 = VECTOR('',#4438,1.);
#4438 = DIRECTION('',(0.,1.));
#4439 = ( GEOMETRIC_REPRESENTATION_CONTEXT(2) 
PARAMETRIC_REPRESENTATION_CONTEXT() REPRESENTATION_CONTEXT('2D SPACE',''
  ) );
#4440 = ORIENTED_EDGE('',*,*,#4441,.F.);
#4441 = EDGE_CURVE('',#4442,#4418,#4444,.T.);
#4442 = VERTEX_POINT('',#4443);
#4443 = CARTESIAN_POINT('',(0.25,-6.368697035252,8.8));
#4444 = SURFACE_CURVE('',#4445,(#4450,#4457),.PCURVE_S1.);
#4445 = CIRCLE('',#4446,1.146291);
#4446 = AXIS2_PLACEMENT_3D('',#4447,#4448,#4449);
#4447 = CARTESIAN_POINT('',(-2.6E-16,-5.25,8.8));
#4448 = DIRECTION('',(-2.2E-16,8.2E-16,1.));
#4449 = DIRECTION('',(1.,-6.E-17,2.2E-16));
#4450 = PCURVE('',#4139,#4451);
#4451 = DEFINITIONAL_REPRESENTATION('',(#4452),#4456);
#4452 = LINE('',#4453,#4454);
#4453 = CARTESIAN_POINT('',(0.,1.570796326795));
#4454 = VECTOR('',#4455,1.);
#4455 = DIRECTION('',(1.,0.));
#4456 = ( GEOMETRIC_REPRESENTATION_CONTEXT(2) 
PARAMETRIC_REPRESENTATION_CONTEXT() REPRESENTATION_CONTEXT('2D SPACE',''
  ) );
#4457 = PCURVE('',#4458,#4463);
#4458 = PLANE('',#4459);
#4459 = AXIS2_PLACEMENT_3D('',#4460,#4461,#4462);
#4460 = CARTESIAN_POINT('',(-3.E-17,-5.25,8.8));
#4461 = DIRECTION('',(-2.2E-16,8.2E-16,1.));
#4462 = DIRECTION('',(0.,1.,-8.2E-16));
#4463 = DEFINITIONAL_REPRESENTATION('',(#4464),#4468);
#4464 = CIRCLE('',#4465,1.146291);
#4465 = AXIS2_PLACEMENT_2D('',#4466,#4467);
#4466 = CARTESIAN_POINT('',(-6.661338147751E-16,2.3E-16));
#4467 = DIRECTION('',(-6.E-17,-1.));
#4468 = ( GEOMETRIC_REPRESENTATION_CONTEXT(2) 
PARAMETRIC_REPRESENTATION_CONTEXT() REPRESENTATION_CONTEXT('2D SPACE',''
  ) );
#4469 = ORIENTED_EDGE('',*,*,#4470,.F.);
#4470 = EDGE_CURVE('',#4116,#4442,#4471,.T.);
#4471 = SURFACE_CURVE('',#4472,(#4485,#4501),.PCURVE_S1.);
#4472 = B_SPLINE_CURVE_WITH_KNOTS('',6,(#4473,#4474,#4475,#4476,#4477,
    #4478,#4479,#4480,#4481,#4482,#4483,#4484),.UNSPECIFIED.,.F.,.F.,(7,
    5,7),(0.,0.501391006524,1.),.UNSPECIFIED.);
#4473 = CARTESIAN_POINT('',(0.25,-6.572875450177,8.6));
#4474 = CARTESIAN_POINT('',(0.25,-6.572875447503,8.626270699116));
#4475 = CARTESIAN_POINT('',(0.25,-6.568661270857,8.652542489742));
#4476 = CARTESIAN_POINT('',(0.25,-6.560232162601,8.67799539583));
#4477 = CARTESIAN_POINT('',(0.25,-6.547806864725,8.701812567923));
#4478 = CARTESIAN_POINT('',(0.25,-6.531814685769,8.723266619073));
#4479 = CARTESIAN_POINT('',(0.25,-6.493972533745,8.760198299219));
#4480 = CARTESIAN_POINT('',(0.25,-6.472154048871,8.775709906246));
#4481 = CARTESIAN_POINT('',(0.25,-6.447960146428,8.787753529458));
#4482 = CARTESIAN_POINT('',(0.25,-6.422113597718,8.795918735856));
#4483 = CARTESIAN_POINT('',(0.25,-6.395421210397,8.799999997396));
#4484 = CARTESIAN_POINT('',(0.25,-6.368697035252,8.8));
#4485 = PCURVE('',#4139,#4486);
#4486 = DEFINITIONAL_REPRESENTATION('',(#4487),#4500);
#4487 = B_SPLINE_CURVE_WITH_KNOTS('',6,(#4488,#4489,#4490,#4491,#4492,
    #4493,#4494,#4495,#4496,#4497,#4498,#4499),.UNSPECIFIED.,.F.,.F.,(7,
    5,7),(0.,0.501391006524,1.),.UNSPECIFIED.);
#4488 = CARTESIAN_POINT('',(4.899168469791,0.));
#4489 = CARTESIAN_POINT('',(4.89916847016,0.131353495578));
#4490 = CARTESIAN_POINT('',(4.899749734703,0.26271249152));
#4491 = CARTESIAN_POINT('',(4.900912376647,0.394056225442));
#4492 = CARTESIAN_POINT('',(4.902653018151,0.525382584939));
#4493 = CARTESIAN_POINT('',(4.90496613264,0.656690751125));
#4494 = CARTESIAN_POINT('',(4.910674649246,0.918509955439));
#4495 = CARTESIAN_POINT('',(4.914064242068,1.049031869767));
#4496 = CARTESIAN_POINT('',(4.917974010753,1.179515040111));
#4497 = CARTESIAN_POINT('',(4.92236522839,1.309965009584));
#4498 = CARTESIAN_POINT('',(4.927166160906,1.440392024875));
#4499 = CARTESIAN_POINT('',(4.932250734501,1.570796326795));
#4500 = ( GEOMETRIC_REPRESENTATION_CONTEXT(2) 
PARAMETRIC_REPRESENTATION_CONTEXT() REPRESENTATION_CONTEXT('2D SPACE',''
  ) );
#4501 = PCURVE('',#4247,#4502);
#4502 = DEFINITIONAL_REPRESENTATION('',(#4503),#4516);
#4503 = B_SPLINE_CURVE_WITH_KNOTS('',6,(#4504,#4505,#4506,#4507,#4508,
    #4509,#4510,#4511,#4512,#4513,#4514,#4515),.UNSPECIFIED.,.F.,.F.,(7,
    5,7),(0.,0.501391006524,1.),.UNSPECIFIED.);
#4504 = CARTESIAN_POINT('',(2.822875450177,-0.2));
#4505 = CARTESIAN_POINT('',(2.822875447503,-0.173729300884));
#4506 = CARTESIAN_POINT('',(2.818661270857,-0.147457510258));
#4507 = CARTESIAN_POINT('',(2.810232162601,-0.12200460417));
#4508 = CARTESIAN_POINT('',(2.797806864725,-9.818743207684E-02));
#4509 = CARTESIAN_POINT('',(2.781814685769,-7.673338092676E-02));
#4510 = CARTESIAN_POINT('',(2.743972533745,-3.980170078071E-02));
#4511 = CARTESIAN_POINT('',(2.722154048871,-2.429009375436E-02));
#4512 = CARTESIAN_POINT('',(2.697960146428,-1.224647054207E-02));
#4513 = CARTESIAN_POINT('',(2.672113597718,-4.081264144371E-03));
#4514 = CARTESIAN_POINT('',(2.645421210397,-2.604124915706E-09));
#4515 = CARTESIAN_POINT('',(2.618697035252,1.7763568394E-15));
#4516 = ( GEOMETRIC_REPRESENTATION_CONTEXT(2) 
PARAMETRIC_REPRESENTATION_CONTEXT() REPRESENTATION_CONTEXT('2D SPACE',''
  ) );
#4517 = ADVANCED_FACE('',(#4518),#4247,.T.);
#4518 = FACE_BOUND('',#4519,.T.);
#4519 = EDGE_LOOP('',(#4520,#4543,#4591,#4592,#4613,#4614));
#4520 = ORIENTED_EDGE('',*,*,#4521,.F.);
#4521 = EDGE_CURVE('',#4522,#4442,#4524,.T.);
#4522 = VERTEX_POINT('',#4523);
#4523 = CARTESIAN_POINT('',(0.25,-4.131302964748,8.8));
#4524 = SURFACE_CURVE('',#4525,(#4529,#4536),.PCURVE_S1.);
#4525 = LINE('',#4526,#4527);
#4526 = CARTESIAN_POINT('',(0.25,-3.75,8.8));
#4527 = VECTOR('',#4528,1.);
#4528 = DIRECTION('',(0.,-1.,1.44E-15));
#4529 = PCURVE('',#4247,#4530);
#4530 = DEFINITIONAL_REPRESENTATION('',(#4531),#4535);
#4531 = LINE('',#4532,#4533);
#4532 = CARTESIAN_POINT('',(-1.304512053935E-15,1.656730308497E-30));
#4533 = VECTOR('',#4534,1.);
#4534 = DIRECTION('',(1.,1.7E-16));
#4535 = ( GEOMETRIC_REPRESENTATION_CONTEXT(2) 
PARAMETRIC_REPRESENTATION_CONTEXT() REPRESENTATION_CONTEXT('2D SPACE',''
  ) );
#4536 = PCURVE('',#4458,#4537);
#4537 = DEFINITIONAL_REPRESENTATION('',(#4538),#4542);
#4538 = LINE('',#4539,#4540);
#4539 = CARTESIAN_POINT('',(1.5,-0.25));
#4540 = VECTOR('',#4541,1.);
#4541 = DIRECTION('',(-1.,-1.364E-31));
#4542 = ( GEOMETRIC_REPRESENTATION_CONTEXT(2) 
PARAMETRIC_REPRESENTATION_CONTEXT() REPRESENTATION_CONTEXT('2D SPACE',''
  ) );
#4543 = ORIENTED_EDGE('',*,*,#4544,.F.);
#4544 = EDGE_CURVE('',#4203,#4522,#4545,.T.);
#4545 = SURFACE_CURVE('',#4546,(#4559,#4575),.PCURVE_S1.);
#4546 = B_SPLINE_CURVE_WITH_KNOTS('',6,(#4547,#4548,#4549,#4550,#4551,
    #4552,#4553,#4554,#4555,#4556,#4557,#4558),.UNSPECIFIED.,.F.,.F.,(7,
    5,7),(0.,0.501391006501,1.),.UNSPECIFIED.);
#4547 = CARTESIAN_POINT('',(0.25,-3.927124549823,8.6));
#4548 = CARTESIAN_POINT('',(0.25,-3.927124552497,8.626270699114));
#4549 = CARTESIAN_POINT('',(0.25,-3.931338729143,8.65254248974));
#4550 = CARTESIAN_POINT('',(0.25,-3.939767837398,8.677995395827));
#4551 = CARTESIAN_POINT('',(0.25,-3.952193135273,8.701812567919));
#4552 = CARTESIAN_POINT('',(0.25,-3.968185314228,8.723266619068));
#4553 = CARTESIAN_POINT('',(0.25,-4.00602746625,8.760198299216));
#4554 = CARTESIAN_POINT('',(0.25,-4.027845951124,8.775709906243));
#4555 = CARTESIAN_POINT('',(0.25,-4.052039853568,8.787753529457));
#4556 = CARTESIAN_POINT('',(0.25,-4.07788640228,8.795918735855));
#4557 = CARTESIAN_POINT('',(0.25,-4.104578789602,8.799999997396));
#4558 = CARTESIAN_POINT('',(0.25,-4.131302964748,8.8));
#4559 = PCURVE('',#4247,#4560);
#4560 = DEFINITIONAL_REPRESENTATION('',(#4561),#4574);
#4561 = B_SPLINE_CURVE_WITH_KNOTS('',6,(#4562,#4563,#4564,#4565,#4566,
    #4567,#4568,#4569,#4570,#4571,#4572,#4573),.UNSPECIFIED.,.F.,.F.,(7,
    5,7),(0.,0.501391006501,1.),.UNSPECIFIED.);
#4562 = CARTESIAN_POINT('',(0.177124549823,-0.2));
#4563 = CARTESIAN_POINT('',(0.177124552497,-0.173729300886));
#4564 = CARTESIAN_POINT('',(0.181338729143,-0.14745751026));
#4565 = CARTESIAN_POINT('',(0.189767837398,-0.122004604173));
#4566 = CARTESIAN_POINT('',(0.202193135273,-9.818743208132E-02));
#4567 = CARTESIAN_POINT('',(0.218185314228,-7.673338093181E-02));
#4568 = CARTESIAN_POINT('',(0.25602746625,-3.98017007844E-02));
#4569 = CARTESIAN_POINT('',(0.277845951124,-2.429009375661E-02));
#4570 = CARTESIAN_POINT('',(0.302039853568,-1.224647054326E-02));
#4571 = CARTESIAN_POINT('',(0.32788640228,-4.081264144745E-03));
#4572 = CARTESIAN_POINT('',(0.354578789602,-2.604124915706E-09));
#4573 = CARTESIAN_POINT('',(0.381302964748,1.7763568394E-15));
#4574 = ( GEOMETRIC_REPRESENTATION_CONTEXT(2) 
PARAMETRIC_REPRESENTATION_CONTEXT() REPRESENTATION_CONTEXT('2D SPACE',''
  ) );
#4575 = PCURVE('',#4219,#4576);
#4576 = DEFINITIONAL_REPRESENTATION('',(#4577),#4590);
#4577 = B_SPLINE_CURVE_WITH_KNOTS('',6,(#4578,#4579,#4580,#4581,#4582,
    #4583,#4584,#4585,#4586,#4587,#4588,#4589),.UNSPECIFIED.,.F.,.F.,(7,
    5,7),(0.,0.501391006501,1.),.UNSPECIFIED.);
#4578 = CARTESIAN_POINT('',(1.384016837388,0.));
#4579 = CARTESIAN_POINT('',(1.38401683702,0.131353495571));
#4580 = CARTESIAN_POINT('',(1.383435572476,0.262712491508));
#4581 = CARTESIAN_POINT('',(1.382272930532,0.394056225424));
#4582 = CARTESIAN_POINT('',(1.380532289029,0.525382584914));
#4583 = CARTESIAN_POINT('',(1.37821917454,0.656690751094));
#4584 = CARTESIAN_POINT('',(1.372510657934,0.918509955408));
#4585 = CARTESIAN_POINT('',(1.369121065113,1.049031869743));
#4586 = CARTESIAN_POINT('',(1.365211296427,1.179515040092));
#4587 = CARTESIAN_POINT('',(1.36082007879,1.309965009572));
#4588 = CARTESIAN_POINT('',(1.356019146273,1.440392024868));
#4589 = CARTESIAN_POINT('',(1.350934572679,1.570796326795));
#4590 = ( GEOMETRIC_REPRESENTATION_CONTEXT(2) 
PARAMETRIC_REPRESENTATION_CONTEXT() REPRESENTATION_CONTEXT('2D SPACE',''
  ) );
#4591 = ORIENTED_EDGE('',*,*,#4231,.T.);
#4592 = ORIENTED_EDGE('',*,*,#4593,.T.);
#4593 = EDGE_CURVE('',#4232,#4369,#4594,.T.);
#4594 = SURFACE_CURVE('',#4595,(#4599,#4606),.PCURVE_S1.);
#4595 = LINE('',#4596,#4597);
#4596 = CARTESIAN_POINT('',(0.25,-3.75,8.));
#4597 = VECTOR('',#4598,1.);
#4598 = DIRECTION('',(0.,-1.,1.44E-15));
#4599 = PCURVE('',#4247,#4600);
#4600 = DEFINITIONAL_REPRESENTATION('',(#4601),#4605);
#4601 = LINE('',#4602,#4603);
#4602 = CARTESIAN_POINT('',(-9.882444243844E-16,-0.8));
#4603 = VECTOR('',#4604,1.);
#4604 = DIRECTION('',(1.,1.7E-16));
#4605 = ( GEOMETRIC_REPRESENTATION_CONTEXT(2) 
PARAMETRIC_REPRESENTATION_CONTEXT() REPRESENTATION_CONTEXT('2D SPACE',''
  ) );
#4606 = PCURVE('',#4276,#4607);
#4607 = DEFINITIONAL_REPRESENTATION('',(#4608),#4612);
#4608 = LINE('',#4609,#4610);
#4609 = CARTESIAN_POINT('',(-0.25,1.5));
#4610 = VECTOR('',#4611,1.);
#4611 = DIRECTION('',(-2.5632E-30,-1.));
#4612 = ( GEOMETRIC_REPRESENTATION_CONTEXT(2) 
PARAMETRIC_REPRESENTATION_CONTEXT() REPRESENTATION_CONTEXT('2D SPACE',''
  ) );
#4613 = ORIENTED_EDGE('',*,*,#4392,.F.);
#4614 = ORIENTED_EDGE('',*,*,#4470,.T.);
#4615 = ADVANCED_FACE('',(#4616),#4276,.F.);
#4616 = FACE_BOUND('',#4617,.F.);
#4617 = EDGE_LOOP('',(#4618,#4639,#4640,#4641));
#4618 = ORIENTED_EDGE('',*,*,#4619,.T.);
#4619 = EDGE_CURVE('',#4346,#4260,#4620,.T.);
#4620 = SURFACE_CURVE('',#4621,(#4625,#4632),.PCURVE_S1.);
#4621 = LINE('',#4622,#4623);
#4622 = CARTESIAN_POINT('',(-0.25,-6.75,8.));
#4623 = VECTOR('',#4624,1.);
#4624 = DIRECTION('',(0.,1.,-1.44E-15));
#4625 = PCURVE('',#4276,#4626);
#4626 = DEFINITIONAL_REPRESENTATION('',(#4627),#4631);
#4627 = LINE('',#4628,#4629);
#4628 = CARTESIAN_POINT('',(0.25,-1.5));
#4629 = VECTOR('',#4630,1.);
#4630 = DIRECTION('',(2.5632E-30,1.));
#4631 = ( GEOMETRIC_REPRESENTATION_CONTEXT(2) 
PARAMETRIC_REPRESENTATION_CONTEXT() REPRESENTATION_CONTEXT('2D SPACE',''
  ) );
#4632 = PCURVE('',#4304,#4633);
#4633 = DEFINITIONAL_REPRESENTATION('',(#4634),#4638);
#4634 = LINE('',#4635,#4636);
#4635 = CARTESIAN_POINT('',(1.016E-15,-0.8));
#4636 = VECTOR('',#4637,1.);
#4637 = DIRECTION('',(1.,-1.7E-16));
#4638 = ( GEOMETRIC_REPRESENTATION_CONTEXT(2) 
PARAMETRIC_REPRESENTATION_CONTEXT() REPRESENTATION_CONTEXT('2D SPACE',''
  ) );
#4639 = ORIENTED_EDGE('',*,*,#4259,.T.);
#4640 = ORIENTED_EDGE('',*,*,#4593,.T.);
#4641 = ORIENTED_EDGE('',*,*,#4368,.T.);
#4642 = ADVANCED_FACE('',(#4643),#4304,.T.);
#4643 = FACE_BOUND('',#4644,.T.);
#4644 = EDGE_LOOP('',(#4645,#4675,#4723,#4724,#4725,#4726));
#4645 = ORIENTED_EDGE('',*,*,#4646,.F.);
#4646 = EDGE_CURVE('',#4647,#4649,#4651,.T.);
#4647 = VERTEX_POINT('',#4648);
#4648 = CARTESIAN_POINT('',(-0.25,-6.368697035252,8.8));
#4649 = VERTEX_POINT('',#4650);
#4650 = CARTESIAN_POINT('',(-0.25,-4.131302964748,8.8));
#4651 = SURFACE_CURVE('',#4652,(#4656,#4663),.PCURVE_S1.);
#4652 = LINE('',#4653,#4654);
#4653 = CARTESIAN_POINT('',(-0.25,-6.75,8.8));
#4654 = VECTOR('',#4655,1.);
#4655 = DIRECTION('',(0.,1.,-1.44E-15));
#4656 = PCURVE('',#4304,#4657);
#4657 = DEFINITIONAL_REPRESENTATION('',(#4658),#4662);
#4658 = LINE('',#4659,#4660);
#4659 = CARTESIAN_POINT('',(1.33226762955E-15,1.7763568394E-15));
#4660 = VECTOR('',#4661,1.);
#4661 = DIRECTION('',(1.,-1.7E-16));
#4662 = ( GEOMETRIC_REPRESENTATION_CONTEXT(2) 
PARAMETRIC_REPRESENTATION_CONTEXT() REPRESENTATION_CONTEXT('2D SPACE',''
  ) );
#4663 = PCURVE('',#4664,#4669);
#4664 = PLANE('',#4665);
#4665 = AXIS2_PLACEMENT_3D('',#4666,#4667,#4668);
#4666 = CARTESIAN_POINT('',(-3.E-17,-5.25,8.8));
#4667 = DIRECTION('',(-2.2E-16,8.2E-16,1.));
#4668 = DIRECTION('',(0.,1.,-8.2E-16));
#4669 = DEFINITIONAL_REPRESENTATION('',(#4670),#4674);
#4670 = LINE('',#4671,#4672);
#4671 = CARTESIAN_POINT('',(-1.5,0.25));
#4672 = VECTOR('',#4673,1.);
#4673 = DIRECTION('',(1.,1.364E-31));
#4674 = ( GEOMETRIC_REPRESENTATION_CONTEXT(2) 
PARAMETRIC_REPRESENTATION_CONTEXT() REPRESENTATION_CONTEXT('2D SPACE',''
  ) );
#4675 = ORIENTED_EDGE('',*,*,#4676,.F.);
#4676 = EDGE_CURVE('',#4317,#4647,#4677,.T.);
#4677 = SURFACE_CURVE('',#4678,(#4691,#4707),.PCURVE_S1.);
#4678 = B_SPLINE_CURVE_WITH_KNOTS('',6,(#4679,#4680,#4681,#4682,#4683,
    #4684,#4685,#4686,#4687,#4688,#4689,#4690),.UNSPECIFIED.,.F.,.F.,(7,
    5,7),(0.,0.501391006492,1.),.UNSPECIFIED.);
#4679 = CARTESIAN_POINT('',(-0.25,-6.572875450177,8.6));
#4680 = CARTESIAN_POINT('',(-0.25,-6.572875447503,8.626270699114));
#4681 = CARTESIAN_POINT('',(-0.25,-6.568661270858,8.652542489739));
#4682 = CARTESIAN_POINT('',(-0.25,-6.560232162603,8.677995395825));
#4683 = CARTESIAN_POINT('',(-0.25,-6.547806864728,8.701812567917));
#4684 = CARTESIAN_POINT('',(-0.25,-6.531814685774,8.723266619067));
#4685 = CARTESIAN_POINT('',(-0.25,-6.493972533752,8.760198299214));
#4686 = CARTESIAN_POINT('',(-0.25,-6.472154048877,8.775709906243));
#4687 = CARTESIAN_POINT('',(-0.25,-6.447960146433,8.787753529456));
#4688 = CARTESIAN_POINT('',(-0.25,-6.422113597721,8.795918735855));
#4689 = CARTESIAN_POINT('',(-0.25,-6.395421210399,8.799999997396));
#4690 = CARTESIAN_POINT('',(-0.25,-6.368697035252,8.8));
#4691 = PCURVE('',#4304,#4692);
#4692 = DEFINITIONAL_REPRESENTATION('',(#4693),#4706);
#4693 = B_SPLINE_CURVE_WITH_KNOTS('',6,(#4694,#4695,#4696,#4697,#4698,
    #4699,#4700,#4701,#4702,#4703,#4704,#4705),.UNSPECIFIED.,.F.,.F.,(7,
    5,7),(0.,0.501391006492,1.),.UNSPECIFIED.);
#4694 = CARTESIAN_POINT('',(0.177124549823,-0.2));
#4695 = CARTESIAN_POINT('',(0.177124552497,-0.173729300886));
#4696 = CARTESIAN_POINT('',(0.181338729142,-0.147457510261));
#4697 = CARTESIAN_POINT('',(0.189767837397,-0.122004604175));
#4698 = CARTESIAN_POINT('',(0.202193135272,-9.81874320828E-02));
#4699 = CARTESIAN_POINT('',(0.218185314226,-7.67333809335E-02));
#4700 = CARTESIAN_POINT('',(0.256027466248,-3.980170078561E-02));
#4701 = CARTESIAN_POINT('',(0.277845951123,-2.429009375741E-02));
#4702 = CARTESIAN_POINT('',(0.302039853567,-1.224647054362E-02));
#4703 = CARTESIAN_POINT('',(0.327886402279,-4.081264144888E-03));
#4704 = CARTESIAN_POINT('',(0.354578789601,-2.604124915706E-09));
#4705 = CARTESIAN_POINT('',(0.381302964748,1.7763568394E-15));
#4706 = ( GEOMETRIC_REPRESENTATION_CONTEXT(2) 
PARAMETRIC_REPRESENTATION_CONTEXT() REPRESENTATION_CONTEXT('2D SPACE',''
  ) );
#4707 = PCURVE('',#4333,#4708);
#4708 = DEFINITIONAL_REPRESENTATION('',(#4709),#4722);
#4709 = B_SPLINE_CURVE_WITH_KNOTS('',6,(#4710,#4711,#4712,#4713,#4714,
    #4715,#4716,#4717,#4718,#4719,#4720,#4721),.UNSPECIFIED.,.F.,.F.,(7,
    5,7),(0.,0.501391006492,1.),.UNSPECIFIED.);
#4710 = CARTESIAN_POINT('',(4.525609490978,0.));
#4711 = CARTESIAN_POINT('',(4.525609490609,0.131353495569));
#4712 = CARTESIAN_POINT('',(4.525028226066,0.262712491504));
#4713 = CARTESIAN_POINT('',(4.523865584122,0.394056225417));
#4714 = CARTESIAN_POINT('',(4.522124942619,0.525382584906));
#4715 = CARTESIAN_POINT('',(4.51981182813,0.656690751084));
#4716 = CARTESIAN_POINT('',(4.514103311525,0.918509955398));
#4717 = CARTESIAN_POINT('',(4.510713718703,1.049031869734));
#4718 = CARTESIAN_POINT('',(4.506803950017,1.179515040086));
#4719 = CARTESIAN_POINT('',(4.50241273238,1.309965009568));
#4720 = CARTESIAN_POINT('',(4.497611799863,1.440392024867));
#4721 = CARTESIAN_POINT('',(4.492527226269,1.570796326795));
#4722 = ( GEOMETRIC_REPRESENTATION_CONTEXT(2) 
PARAMETRIC_REPRESENTATION_CONTEXT() REPRESENTATION_CONTEXT('2D SPACE',''
  ) );
#4723 = ORIENTED_EDGE('',*,*,#4345,.T.);
#4724 = ORIENTED_EDGE('',*,*,#4619,.T.);
#4725 = ORIENTED_EDGE('',*,*,#4288,.F.);
#4726 = ORIENTED_EDGE('',*,*,#4727,.T.);
#4727 = EDGE_CURVE('',#4289,#4649,#4728,.T.);
#4728 = SURFACE_CURVE('',#4729,(#4742,#4758),.PCURVE_S1.);
#4729 = B_SPLINE_CURVE_WITH_KNOTS('',6,(#4730,#4731,#4732,#4733,#4734,
    #4735,#4736,#4737,#4738,#4739,#4740,#4741),.UNSPECIFIED.,.F.,.F.,(7,
    5,7),(0.,0.501391006508,1.),.UNSPECIFIED.);
#4730 = CARTESIAN_POINT('',(-0.25,-3.927124549823,8.6));
#4731 = CARTESIAN_POINT('',(-0.25,-3.927124552497,8.626270699115));
#4732 = CARTESIAN_POINT('',(-0.25,-3.931338729143,8.65254248974));
#4733 = CARTESIAN_POINT('',(-0.25,-3.939767837398,8.677995395828));
#4734 = CARTESIAN_POINT('',(-0.25,-3.952193135274,8.70181256792));
#4735 = CARTESIAN_POINT('',(-0.25,-3.968185314229,8.72326661907));
#4736 = CARTESIAN_POINT('',(-0.25,-4.006027466252,8.760198299217));
#4737 = CARTESIAN_POINT('',(-0.25,-4.027845951126,8.775709906244));
#4738 = CARTESIAN_POINT('',(-0.25,-4.052039853569,8.787753529457));
#4739 = CARTESIAN_POINT('',(-0.25,-4.077886402281,8.795918735855));
#4740 = CARTESIAN_POINT('',(-0.25,-4.104578789602,8.799999997396));
#4741 = CARTESIAN_POINT('',(-0.25,-4.131302964748,8.8));
#4742 = PCURVE('',#4304,#4743);
#4743 = DEFINITIONAL_REPRESENTATION('',(#4744),#4757);
#4744 = B_SPLINE_CURVE_WITH_KNOTS('',6,(#4745,#4746,#4747,#4748,#4749,
    #4750,#4751,#4752,#4753,#4754,#4755,#4756),.UNSPECIFIED.,.F.,.F.,(7,
    5,7),(0.,0.501391006508,1.),.UNSPECIFIED.);
#4745 = CARTESIAN_POINT('',(2.822875450177,-0.2));
#4746 = CARTESIAN_POINT('',(2.822875447503,-0.173729300885));
#4747 = CARTESIAN_POINT('',(2.818661270857,-0.14745751026));
#4748 = CARTESIAN_POINT('',(2.810232162602,-0.122004604172));
#4749 = CARTESIAN_POINT('',(2.797806864726,-9.818743207982E-02));
#4750 = CARTESIAN_POINT('',(2.781814685771,-7.673338093013E-02));
#4751 = CARTESIAN_POINT('',(2.743972533748,-3.980170078315E-02));
#4752 = CARTESIAN_POINT('',(2.722154048874,-2.429009375592E-02));
#4753 = CARTESIAN_POINT('',(2.697960146431,-1.224647054281E-02));
#4754 = CARTESIAN_POINT('',(2.672113597719,-4.081264144641E-03));
#4755 = CARTESIAN_POINT('',(2.645421210398,-2.604124915706E-09));
#4756 = CARTESIAN_POINT('',(2.618697035252,1.7763568394E-15));
#4757 = ( GEOMETRIC_REPRESENTATION_CONTEXT(2) 
PARAMETRIC_REPRESENTATION_CONTEXT() REPRESENTATION_CONTEXT('2D SPACE',''
  ) );
#4758 = PCURVE('',#4333,#4759);
#4759 = DEFINITIONAL_REPRESENTATION('',(#4760),#4773);
#4760 = B_SPLINE_CURVE_WITH_KNOTS('',6,(#4761,#4762,#4763,#4764,#4765,
    #4766,#4767,#4768,#4769,#4770,#4771,#4772),.UNSPECIFIED.,.F.,.F.,(7,
    5,7),(0.,0.501391006508,1.),.UNSPECIFIED.);
#4761 = CARTESIAN_POINT('',(1.757575816201,0.));
#4762 = CARTESIAN_POINT('',(1.75757581657,0.131353495573));
#4763 = CARTESIAN_POINT('',(1.758157081113,0.262712491512));
#4764 = CARTESIAN_POINT('',(1.759319723058,0.39405622543));
#4765 = CARTESIAN_POINT('',(1.761060364561,0.525382584922));
#4766 = CARTESIAN_POINT('',(1.76337347905,0.656690751105));
#4767 = CARTESIAN_POINT('',(1.769081995656,0.918509955419));
#4768 = CARTESIAN_POINT('',(1.772471588478,1.04903186975));
#4769 = CARTESIAN_POINT('',(1.776381357163,1.179515040099));
#4770 = CARTESIAN_POINT('',(1.7807725748,1.309965009576));
#4771 = CARTESIAN_POINT('',(1.785573507316,1.440392024871));
#4772 = CARTESIAN_POINT('',(1.790658080911,1.570796326795));
#4773 = ( GEOMETRIC_REPRESENTATION_CONTEXT(2) 
PARAMETRIC_REPRESENTATION_CONTEXT() REPRESENTATION_CONTEXT('2D SPACE',''
  ) );
#4774 = ADVANCED_FACE('',(#4775),#4333,.T.);
#4775 = FACE_BOUND('',#4776,.T.);
#4776 = EDGE_LOOP('',(#4777,#4778,#4779,#4780));
#4777 = ORIENTED_EDGE('',*,*,#4727,.F.);
#4778 = ORIENTED_EDGE('',*,*,#4316,.T.);
#4779 = ORIENTED_EDGE('',*,*,#4676,.T.);
#4780 = ORIENTED_EDGE('',*,*,#4781,.F.);
#4781 = EDGE_CURVE('',#4649,#4647,#4782,.T.);
#4782 = SURFACE_CURVE('',#4783,(#4788,#4795),.PCURVE_S1.);
#4783 = CIRCLE('',#4784,1.146291);
#4784 = AXIS2_PLACEMENT_3D('',#4785,#4786,#4787);
#4785 = CARTESIAN_POINT('',(-2.6E-16,-5.25,8.8));
#4786 = DIRECTION('',(-2.2E-16,8.2E-16,1.));
#4787 = DIRECTION('',(1.,-6.E-17,2.2E-16));
#4788 = PCURVE('',#4333,#4789);
#4789 = DEFINITIONAL_REPRESENTATION('',(#4790),#4794);
#4790 = LINE('',#4791,#4792);
#4791 = CARTESIAN_POINT('',(0.,1.570796326795));
#4792 = VECTOR('',#4793,1.);
#4793 = DIRECTION('',(1.,0.));
#4794 = ( GEOMETRIC_REPRESENTATION_CONTEXT(2) 
PARAMETRIC_REPRESENTATION_CONTEXT() REPRESENTATION_CONTEXT('2D SPACE',''
  ) );
#4795 = PCURVE('',#4664,#4796);
#4796 = DEFINITIONAL_REPRESENTATION('',(#4797),#4801);
#4797 = CIRCLE('',#4798,1.146291);
#4798 = AXIS2_PLACEMENT_2D('',#4799,#4800);
#4799 = CARTESIAN_POINT('',(-6.661338147751E-16,2.3E-16));
#4800 = DIRECTION('',(-6.E-17,-1.));
#4801 = ( GEOMETRIC_REPRESENTATION_CONTEXT(2) 
PARAMETRIC_REPRESENTATION_CONTEXT() REPRESENTATION_CONTEXT('2D SPACE',''
  ) );
#4802 = ADVANCED_FACE('',(#4803),#4219,.T.);
#4803 = FACE_BOUND('',#4804,.T.);
#4804 = EDGE_LOOP('',(#4805,#4806,#4807,#4808));
#4805 = ORIENTED_EDGE('',*,*,#4417,.F.);
#4806 = ORIENTED_EDGE('',*,*,#4202,.T.);
#4807 = ORIENTED_EDGE('',*,*,#4544,.T.);
#4808 = ORIENTED_EDGE('',*,*,#4809,.F.);
#4809 = EDGE_CURVE('',#4418,#4522,#4810,.T.);
#4810 = SURFACE_CURVE('',#4811,(#4816,#4823),.PCURVE_S1.);
#4811 = CIRCLE('',#4812,1.146291);
#4812 = AXIS2_PLACEMENT_3D('',#4813,#4814,#4815);
#4813 = CARTESIAN_POINT('',(-2.6E-16,-5.25,8.8));
#4814 = DIRECTION('',(-2.2E-16,8.2E-16,1.));
#4815 = DIRECTION('',(1.,-6.E-17,2.2E-16));
#4816 = PCURVE('',#4219,#4817);
#4817 = DEFINITIONAL_REPRESENTATION('',(#4818),#4822);
#4818 = LINE('',#4819,#4820);
#4819 = CARTESIAN_POINT('',(0.,1.570796326795));
#4820 = VECTOR('',#4821,1.);
#4821 = DIRECTION('',(1.,0.));
#4822 = ( GEOMETRIC_REPRESENTATION_CONTEXT(2) 
PARAMETRIC_REPRESENTATION_CONTEXT() REPRESENTATION_CONTEXT('2D SPACE',''
  ) );
#4823 = PCURVE('',#4458,#4824);
#4824 = DEFINITIONAL_REPRESENTATION('',(#4825),#4829);
#4825 = CIRCLE('',#4826,1.146291);
#4826 = AXIS2_PLACEMENT_2D('',#4827,#4828);
#4827 = CARTESIAN_POINT('',(-6.661338147751E-16,2.3E-16));
#4828 = DIRECTION('',(-6.E-17,-1.));
#4829 = ( GEOMETRIC_REPRESENTATION_CONTEXT(2) 
PARAMETRIC_REPRESENTATION_CONTEXT() REPRESENTATION_CONTEXT('2D SPACE',''
  ) );
#4830 = ADVANCED_FACE('',(#4831),#4189,.F.);
#4831 = FACE_BOUND('',#4832,.F.);
#4832 = EDGE_LOOP('',(#4833));
#4833 = ORIENTED_EDGE('',*,*,#4174,.T.);
#4834 = ADVANCED_FACE('',(#4835),#4458,.T.);
#4835 = FACE_BOUND('',#4836,.T.);
#4836 = EDGE_LOOP('',(#4837,#4838,#4839));
#4837 = ORIENTED_EDGE('',*,*,#4441,.T.);
#4838 = ORIENTED_EDGE('',*,*,#4809,.T.);
#4839 = ORIENTED_EDGE('',*,*,#4521,.T.);
#4840 = ADVANCED_FACE('',(#4841),#4664,.T.);
#4841 = FACE_BOUND('',#4842,.T.);
#4842 = EDGE_LOOP('',(#4843,#4844));
#4843 = ORIENTED_EDGE('',*,*,#4646,.T.);
#4844 = ORIENTED_EDGE('',*,*,#4781,.T.);
#4845 = ( GEOMETRIC_REPRESENTATION_CONTEXT(3) 
GLOBAL_UNCERTAINTY_ASSIGNED_CONTEXT((#4849)) 
GLOBAL_UNIT_ASSIGNED_CONTEXT((#4846,#4847,#4848)) REPRESENTATION_CONTEXT
('Context #1','3D Context with UNIT and UNCERTAINTY') );
#4846 = ( LENGTH_UNIT() NAMED_UNIT(*) SI_UNIT(.MILLI.,.METRE.) );
#4847 = ( NAMED_UNIT(*) PLANE_ANGLE_UNIT() SI_UNIT($,.RADIAN.) );
#4848 = ( NAMED_UNIT(*) SI_UNIT($,.STERADIAN.) SOLID_ANGLE_UNIT() );
#4849 = UNCERTAINTY_MEASURE_WITH_UNIT(LENGTH_MEASURE(5.E-07),#4846,
  'distance_accuracy_value','confusion accuracy');
#4850 = PRODUCT_RELATED_PRODUCT_CATEGORY('part',$,(#4105));
#4851 = SHAPE_DEFINITION_REPRESENTATION(#4852,#4858);
#4852 = PRODUCT_DEFINITION_SHAPE('','',#4853);
#4853 = PRODUCT_DEFINITION('design','',#4854,#4857);
#4854 = PRODUCT_DEFINITION_FORMATION('','',#4855);
#4855 = PRODUCT('PlasticBody002','PlasticBody002','',(#4856));
#4856 = PRODUCT_CONTEXT('',#2,'mechanical');
#4857 = PRODUCT_DEFINITION_CONTEXT('part definition',#2,'design');
#4858 = ADVANCED_BREP_SHAPE_REPRESENTATION('',(#11,#4859),#6377);
#4859 = MANIFOLD_SOLID_BREP('',#4860);
#4860 = CLOSED_SHELL('',(#4861,#5197,#5331,#5380,#5429,#5478,#5532,#5559
    ,#5635,#5796,#5937,#5964,#6042,#6091,#6142,#6169,#6196,#6223,#6250,
    #6277,#6314,#6321,#6373));
#4861 = ADVANCED_FACE('',(#4862,#5083),#4876,.T.);
#4862 = FACE_BOUND('',#4863,.T.);
#4863 = EDGE_LOOP('',(#4864,#4899,#4922,#4945,#4973,#5001,#5029,#5057));
#4864 = ORIENTED_EDGE('',*,*,#4865,.F.);
#4865 = EDGE_CURVE('',#4866,#4868,#4870,.T.);
#4866 = VERTEX_POINT('',#4867);
#4867 = CARTESIAN_POINT('',(-3.9,-4.25,4.5));
#4868 = VERTEX_POINT('',#4869);
#4869 = CARTESIAN_POINT('',(-3.9,-4.05,4.5));
#4870 = SURFACE_CURVE('',#4871,(#4875,#4887),.PCURVE_S1.);
#4871 = LINE('',#4872,#4873);
#4872 = CARTESIAN_POINT('',(-3.9,-4.875,4.5));
#4873 = VECTOR('',#4874,1.);
#4874 = DIRECTION('',(0.,1.,-4.4E-16));
#4875 = PCURVE('',#4876,#4881);
#4876 = PLANE('',#4877);
#4877 = AXIS2_PLACEMENT_3D('',#4878,#4879,#4880);
#4878 = CARTESIAN_POINT('',(-3.9,-3.5,0.));
#4879 = DIRECTION('',(-1.,0.,0.));
#4880 = DIRECTION('',(0.,6.7E-16,1.));
#4881 = DEFINITIONAL_REPRESENTATION('',(#4882),#4886);
#4882 = LINE('',#4883,#4884);
#4883 = CARTESIAN_POINT('',(4.5,-1.375));
#4884 = VECTOR('',#4885,1.);
#4885 = DIRECTION('',(6.7E-16,1.));
#4886 = ( GEOMETRIC_REPRESENTATION_CONTEXT(2) 
PARAMETRIC_REPRESENTATION_CONTEXT() REPRESENTATION_CONTEXT('2D SPACE',''
  ) );
#4887 = PCURVE('',#4888,#4893);
#4888 = PLANE('',#4889);
#4889 = AXIS2_PLACEMENT_3D('',#4890,#4891,#4892);
#4890 = CARTESIAN_POINT('',(-3.4,-6.25,4.));
#4891 = DIRECTION('',(0.707106781187,3.1E-16,0.707106781187));
#4892 = DIRECTION('',(-1.107968978322E-16,-1.,5.492031021678E-16));
#4893 = DEFINITIONAL_REPRESENTATION('',(#4894),#4898);
#4894 = LINE('',#4895,#4896);
#4895 = CARTESIAN_POINT('',(-1.375,-0.707106781187));
#4896 = VECTOR('',#4897,1.);
#4897 = DIRECTION('',(-1.,-1.6E-16));
#4898 = ( GEOMETRIC_REPRESENTATION_CONTEXT(2) 
PARAMETRIC_REPRESENTATION_CONTEXT() REPRESENTATION_CONTEXT('2D SPACE',''
  ) );
#4899 = ORIENTED_EDGE('',*,*,#4900,.F.);
#4900 = EDGE_CURVE('',#4901,#4866,#4903,.T.);
#4901 = VERTEX_POINT('',#4902);
#4902 = CARTESIAN_POINT('',(-3.9,-6.25,4.5));
#4903 = SURFACE_CURVE('',#4904,(#4908,#4915),.PCURVE_S1.);
#4904 = LINE('',#4905,#4906);
#4905 = CARTESIAN_POINT('',(-3.9,-6.25,4.5));
#4906 = VECTOR('',#4907,1.);
#4907 = DIRECTION('',(2.2E-16,1.,-4.4E-16));
#4908 = PCURVE('',#4876,#4909);
#4909 = DEFINITIONAL_REPRESENTATION('',(#4910),#4914);
#4910 = LINE('',#4911,#4912);
#4911 = CARTESIAN_POINT('',(4.5,-2.75));
#4912 = VECTOR('',#4913,1.);
#4913 = DIRECTION('',(6.7E-16,1.));
#4914 = ( GEOMETRIC_REPRESENTATION_CONTEXT(2) 
PARAMETRIC_REPRESENTATION_CONTEXT() REPRESENTATION_CONTEXT('2D SPACE',''
  ) );
#4915 = PCURVE('',#4888,#4916);
#4916 = DEFINITIONAL_REPRESENTATION('',(#4917),#4921);
#4917 = LINE('',#4918,#4919);
#4918 = CARTESIAN_POINT('',(3.3E-16,-0.707106781187));
#4919 = VECTOR('',#4920,1.);
#4920 = DIRECTION('',(-1.,0.));
#4921 = ( GEOMETRIC_REPRESENTATION_CONTEXT(2) 
PARAMETRIC_REPRESENTATION_CONTEXT() REPRESENTATION_CONTEXT('2D SPACE',''
  ) );
#4922 = ORIENTED_EDGE('',*,*,#4923,.T.);
#4923 = EDGE_CURVE('',#4901,#4924,#4926,.T.);
#4924 = VERTEX_POINT('',#4925);
#4925 = CARTESIAN_POINT('',(-3.9,-6.45,4.5));
#4926 = SURFACE_CURVE('',#4927,(#4931,#4938),.PCURVE_S1.);
#4927 = LINE('',#4928,#4929);
#4928 = CARTESIAN_POINT('',(-3.9,-4.875,4.5));
#4929 = VECTOR('',#4930,1.);
#4930 = DIRECTION('',(0.,-1.,4.4E-16));
#4931 = PCURVE('',#4876,#4932);
#4932 = DEFINITIONAL_REPRESENTATION('',(#4933),#4937);
#4933 = LINE('',#4934,#4935);
#4934 = CARTESIAN_POINT('',(4.5,-1.375));
#4935 = VECTOR('',#4936,1.);
#4936 = DIRECTION('',(-6.7E-16,-1.));
#4937 = ( GEOMETRIC_REPRESENTATION_CONTEXT(2) 
PARAMETRIC_REPRESENTATION_CONTEXT() REPRESENTATION_CONTEXT('2D SPACE',''
  ) );
#4938 = PCURVE('',#4888,#4939);
#4939 = DEFINITIONAL_REPRESENTATION('',(#4940),#4944);
#4940 = LINE('',#4941,#4942);
#4941 = CARTESIAN_POINT('',(-1.375,-0.707106781187));
#4942 = VECTOR('',#4943,1.);
#4943 = DIRECTION('',(1.,1.6E-16));
#4944 = ( GEOMETRIC_REPRESENTATION_CONTEXT(2) 
PARAMETRIC_REPRESENTATION_CONTEXT() REPRESENTATION_CONTEXT('2D SPACE',''
  ) );
#4945 = ORIENTED_EDGE('',*,*,#4946,.F.);
#4946 = EDGE_CURVE('',#4947,#4924,#4949,.T.);
#4947 = VERTEX_POINT('',#4948);
#4948 = CARTESIAN_POINT('',(-3.9,-6.45,3.5));
#4949 = SURFACE_CURVE('',#4950,(#4954,#4961),.PCURVE_S1.);
#4950 = LINE('',#4951,#4952);
#4951 = CARTESIAN_POINT('',(-3.9,-6.45,3.5));
#4952 = VECTOR('',#4953,1.);
#4953 = DIRECTION('',(0.,4.4E-16,1.));
#4954 = PCURVE('',#4876,#4955);
#4955 = DEFINITIONAL_REPRESENTATION('',(#4956),#4960);
#4956 = LINE('',#4957,#4958);
#4957 = CARTESIAN_POINT('',(3.5,-2.95));
#4958 = VECTOR('',#4959,1.);
#4959 = DIRECTION('',(1.,-6.7E-16));
#4960 = ( GEOMETRIC_REPRESENTATION_CONTEXT(2) 
PARAMETRIC_REPRESENTATION_CONTEXT() REPRESENTATION_CONTEXT('2D SPACE',''
  ) );
#4961 = PCURVE('',#4962,#4967);
#4962 = PLANE('',#4963);
#4963 = AXIS2_PLACEMENT_3D('',#4964,#4965,#4966);
#4964 = CARTESIAN_POINT('',(-3.8,-6.35,3.5));
#4965 = DIRECTION('',(0.707106781187,-0.707106781187,3.1E-16));
#4966 = DIRECTION('',(-7.968978321703E-19,-4.392031021678E-16,-1.));
#4967 = DEFINITIONAL_REPRESENTATION('',(#4968),#4972);
#4968 = LINE('',#4969,#4970);
#4969 = CARTESIAN_POINT('',(4.E-17,-0.141421356237));
#4970 = VECTOR('',#4971,1.);
#4971 = DIRECTION('',(-1.,-0.));
#4972 = ( GEOMETRIC_REPRESENTATION_CONTEXT(2) 
PARAMETRIC_REPRESENTATION_CONTEXT() REPRESENTATION_CONTEXT('2D SPACE',''
  ) );
#4973 = ORIENTED_EDGE('',*,*,#4974,.F.);
#4974 = EDGE_CURVE('',#4975,#4947,#4977,.T.);
#4975 = VERTEX_POINT('',#4976);
#4976 = CARTESIAN_POINT('',(-3.9,-6.45,0.55));
#4977 = SURFACE_CURVE('',#4978,(#4982,#4989),.PCURVE_S1.);
#4978 = LINE('',#4979,#4980);
#4979 = CARTESIAN_POINT('',(-3.9,-6.45,0.75));
#4980 = VECTOR('',#4981,1.);
#4981 = DIRECTION('',(-2.2E-16,4.4E-16,1.));
#4982 = PCURVE('',#4876,#4983);
#4983 = DEFINITIONAL_REPRESENTATION('',(#4984),#4988);
#4984 = LINE('',#4985,#4986);
#4985 = CARTESIAN_POINT('',(0.75,-2.95));
#4986 = VECTOR('',#4987,1.);
#4987 = DIRECTION('',(1.,-6.7E-16));
#4988 = ( GEOMETRIC_REPRESENTATION_CONTEXT(2) 
PARAMETRIC_REPRESENTATION_CONTEXT() REPRESENTATION_CONTEXT('2D SPACE',''
  ) );
#4989 = PCURVE('',#4990,#4995);
#4990 = PLANE('',#4991);
#4991 = AXIS2_PLACEMENT_3D('',#4992,#4993,#4994);
#4992 = CARTESIAN_POINT('',(-3.8,-6.35,0.75));
#4993 = DIRECTION('',(0.707106781187,-0.707106781187,3.1E-16));
#4994 = DIRECTION('',(1.092031021678E-16,-3.292031021678E-16,-1.));
#4995 = DEFINITIONAL_REPRESENTATION('',(#4996),#5000);
#4996 = LINE('',#4997,#4998);
#4997 = CARTESIAN_POINT('',(2.E-17,-0.141421356237));
#4998 = VECTOR('',#4999,1.);
#4999 = DIRECTION('',(-1.,-0.));
#5000 = ( GEOMETRIC_REPRESENTATION_CONTEXT(2) 
PARAMETRIC_REPRESENTATION_CONTEXT() REPRESENTATION_CONTEXT('2D SPACE',''
  ) );
#5001 = ORIENTED_EDGE('',*,*,#5002,.F.);
#5002 = EDGE_CURVE('',#5003,#4975,#5005,.T.);
#5003 = VERTEX_POINT('',#5004);
#5004 = CARTESIAN_POINT('',(-3.9,-4.05,0.55));
#5005 = SURFACE_CURVE('',#5006,(#5010,#5017),.PCURVE_S1.);
#5006 = LINE('',#5007,#5008);
#5007 = CARTESIAN_POINT('',(-3.9,-4.25,0.55));
#5008 = VECTOR('',#5009,1.);
#5009 = DIRECTION('',(-2.2E-16,-1.,4.4E-16));
#5010 = PCURVE('',#4876,#5011);
#5011 = DEFINITIONAL_REPRESENTATION('',(#5012),#5016);
#5012 = LINE('',#5013,#5014);
#5013 = CARTESIAN_POINT('',(0.55,-0.75));
#5014 = VECTOR('',#5015,1.);
#5015 = DIRECTION('',(-6.7E-16,-1.));
#5016 = ( GEOMETRIC_REPRESENTATION_CONTEXT(2) 
PARAMETRIC_REPRESENTATION_CONTEXT() REPRESENTATION_CONTEXT('2D SPACE',''
  ) );
#5017 = PCURVE('',#5018,#5023);
#5018 = PLANE('',#5019);
#5019 = AXIS2_PLACEMENT_3D('',#5020,#5021,#5022);
#5020 = CARTESIAN_POINT('',(-3.8,-4.25,0.65));
#5021 = DIRECTION('',(0.707106781187,-3.1E-16,-0.707106781187));
#5022 = DIRECTION('',(1.092031021678E-16,1.,-3.292031021678E-16));
#5023 = DEFINITIONAL_REPRESENTATION('',(#5024),#5028);
#5024 = LINE('',#5025,#5026);
#5025 = CARTESIAN_POINT('',(2.E-17,-0.141421356237));
#5026 = VECTOR('',#5027,1.);
#5027 = DIRECTION('',(-1.,0.));
#5028 = ( GEOMETRIC_REPRESENTATION_CONTEXT(2) 
PARAMETRIC_REPRESENTATION_CONTEXT() REPRESENTATION_CONTEXT('2D SPACE',''
  ) );
#5029 = ORIENTED_EDGE('',*,*,#5030,.F.);
#5030 = EDGE_CURVE('',#5031,#5003,#5033,.T.);
#5031 = VERTEX_POINT('',#5032);
#5032 = CARTESIAN_POINT('',(-3.9,-4.05,3.5));
#5033 = SURFACE_CURVE('',#5034,(#5038,#5045),.PCURVE_S1.);
#5034 = LINE('',#5035,#5036);
#5035 = CARTESIAN_POINT('',(-3.9,-4.05,3.5));
#5036 = VECTOR('',#5037,1.);
#5037 = DIRECTION('',(2.2E-16,-4.4E-16,-1.));
#5038 = PCURVE('',#4876,#5039);
#5039 = DEFINITIONAL_REPRESENTATION('',(#5040),#5044);
#5040 = LINE('',#5041,#5042);
#5041 = CARTESIAN_POINT('',(3.5,-0.55));
#5042 = VECTOR('',#5043,1.);
#5043 = DIRECTION('',(-1.,6.7E-16));
#5044 = ( GEOMETRIC_REPRESENTATION_CONTEXT(2) 
PARAMETRIC_REPRESENTATION_CONTEXT() REPRESENTATION_CONTEXT('2D SPACE',''
  ) );
#5045 = PCURVE('',#5046,#5051);
#5046 = PLANE('',#5047);
#5047 = AXIS2_PLACEMENT_3D('',#5048,#5049,#5050);
#5048 = CARTESIAN_POINT('',(-3.8,-4.15,3.5));
#5049 = DIRECTION('',(0.707106781187,0.707106781187,-3.1E-16));
#5050 = DIRECTION('',(-1.157968978322E-16,5.542031021678E-16,1.));
#5051 = DEFINITIONAL_REPRESENTATION('',(#5052),#5056);
#5052 = LINE('',#5053,#5054);
#5053 = CARTESIAN_POINT('',(7.E-17,-0.141421356237));
#5054 = VECTOR('',#5055,1.);
#5055 = DIRECTION('',(-1.,0.));
#5056 = ( GEOMETRIC_REPRESENTATION_CONTEXT(2) 
PARAMETRIC_REPRESENTATION_CONTEXT() REPRESENTATION_CONTEXT('2D SPACE',''
  ) );
#5057 = ORIENTED_EDGE('',*,*,#5058,.F.);
#5058 = EDGE_CURVE('',#4868,#5031,#5059,.T.);
#5059 = SURFACE_CURVE('',#5060,(#5064,#5071),.PCURVE_S1.);
#5060 = LINE('',#5061,#5062);
#5061 = CARTESIAN_POINT('',(-3.9,-4.05,4.5));
#5062 = VECTOR('',#5063,1.);
#5063 = DIRECTION('',(0.,-4.4E-16,-1.));
#5064 = PCURVE('',#4876,#5065);
#5065 = DEFINITIONAL_REPRESENTATION('',(#5066),#5070);
#5066 = LINE('',#5067,#5068);
#5067 = CARTESIAN_POINT('',(4.5,-0.55));
#5068 = VECTOR('',#5069,1.);
#5069 = DIRECTION('',(-1.,6.7E-16));
#5070 = ( GEOMETRIC_REPRESENTATION_CONTEXT(2) 
PARAMETRIC_REPRESENTATION_CONTEXT() REPRESENTATION_CONTEXT('2D SPACE',''
  ) );
#5071 = PCURVE('',#5072,#5077);
#5072 = PLANE('',#5073);
#5073 = AXIS2_PLACEMENT_3D('',#5074,#5075,#5076);
#5074 = CARTESIAN_POINT('',(-3.8,-4.15,4.5));
#5075 = DIRECTION('',(0.707106781187,0.707106781187,-3.2E-16));
#5076 = DIRECTION('',(1.274169979695E-18,4.512741699797E-16,1.));
#5077 = DEFINITIONAL_REPRESENTATION('',(#5078),#5082);
#5078 = LINE('',#5079,#5080);
#5079 = CARTESIAN_POINT('',(4.E-17,-0.141421356237));
#5080 = VECTOR('',#5081,1.);
#5081 = DIRECTION('',(-1.,-0.));
#5082 = ( GEOMETRIC_REPRESENTATION_CONTEXT(2) 
PARAMETRIC_REPRESENTATION_CONTEXT() REPRESENTATION_CONTEXT('2D SPACE',''
  ) );
#5083 = FACE_BOUND('',#5084,.T.);
#5084 = EDGE_LOOP('',(#5085,#5115,#5143,#5171));
#5085 = ORIENTED_EDGE('',*,*,#5086,.T.);
#5086 = EDGE_CURVE('',#5087,#5089,#5091,.T.);
#5087 = VERTEX_POINT('',#5088);
#5088 = CARTESIAN_POINT('',(-3.9,-3.5,0.));
#5089 = VERTEX_POINT('',#5090);
#5090 = CARTESIAN_POINT('',(-3.9,-7.,5.E-15));
#5091 = SURFACE_CURVE('',#5092,(#5096,#5103),.PCURVE_S1.);
#5092 = LINE('',#5093,#5094);
#5093 = CARTESIAN_POINT('',(-3.9,-3.5,0.));
#5094 = VECTOR('',#5095,1.);
#5095 = DIRECTION('',(0.,-1.,6.7E-16));
#5096 = PCURVE('',#4876,#5097);
#5097 = DEFINITIONAL_REPRESENTATION('',(#5098),#5102);
#5098 = LINE('',#5099,#5100);
#5099 = CARTESIAN_POINT('',(0.,0.));
#5100 = VECTOR('',#5101,1.);
#5101 = DIRECTION('',(0.,-1.));
#5102 = ( GEOMETRIC_REPRESENTATION_CONTEXT(2) 
PARAMETRIC_REPRESENTATION_CONTEXT() REPRESENTATION_CONTEXT('2D SPACE',''
  ) );
#5103 = PCURVE('',#5104,#5109);
#5104 = PLANE('',#5105);
#5105 = AXIS2_PLACEMENT_3D('',#5106,#5107,#5108);
#5106 = CARTESIAN_POINT('',(-3.9,-3.5,0.));
#5107 = DIRECTION('',(0.,6.7E-16,1.));
#5108 = DIRECTION('',(1.,0.,0.));
#5109 = DEFINITIONAL_REPRESENTATION('',(#5110),#5114);
#5110 = LINE('',#5111,#5112);
#5111 = CARTESIAN_POINT('',(0.,0.));
#5112 = VECTOR('',#5113,1.);
#5113 = DIRECTION('',(0.,-1.));
#5114 = ( GEOMETRIC_REPRESENTATION_CONTEXT(2) 
PARAMETRIC_REPRESENTATION_CONTEXT() REPRESENTATION_CONTEXT('2D SPACE',''
  ) );
#5115 = ORIENTED_EDGE('',*,*,#5116,.T.);
#5116 = EDGE_CURVE('',#5089,#5117,#5119,.T.);
#5117 = VERTEX_POINT('',#5118);
#5118 = CARTESIAN_POINT('',(-3.9,-7.,5.));
#5119 = SURFACE_CURVE('',#5120,(#5124,#5131),.PCURVE_S1.);
#5120 = LINE('',#5121,#5122);
#5121 = CARTESIAN_POINT('',(-3.9,-7.,8.881784197001E-16));
#5122 = VECTOR('',#5123,1.);
#5123 = DIRECTION('',(0.,2.2E-16,1.));
#5124 = PCURVE('',#4876,#5125);
#5125 = DEFINITIONAL_REPRESENTATION('',(#5126),#5130);
#5126 = LINE('',#5127,#5128);
#5127 = CARTESIAN_POINT('',(-1.1E-16,-3.5));
#5128 = VECTOR('',#5129,1.);
#5129 = DIRECTION('',(1.,0.));
#5130 = ( GEOMETRIC_REPRESENTATION_CONTEXT(2) 
PARAMETRIC_REPRESENTATION_CONTEXT() REPRESENTATION_CONTEXT('2D SPACE',''
  ) );
#5131 = PCURVE('',#5132,#5137);
#5132 = PLANE('',#5133);
#5133 = AXIS2_PLACEMENT_3D('',#5134,#5135,#5136);
#5134 = CARTESIAN_POINT('',(-0.123896651575,-7.,3.899339514918));
#5135 = DIRECTION('',(0.,-1.,4.4E-16));
#5136 = DIRECTION('',(0.,-4.4E-16,-1.));
#5137 = DEFINITIONAL_REPRESENTATION('',(#5138),#5142);
#5138 = LINE('',#5139,#5140);
#5139 = CARTESIAN_POINT('',(3.899339514918,-3.776103348425));
#5140 = VECTOR('',#5141,1.);
#5141 = DIRECTION('',(-1.,0.));
#5142 = ( GEOMETRIC_REPRESENTATION_CONTEXT(2) 
PARAMETRIC_REPRESENTATION_CONTEXT() REPRESENTATION_CONTEXT('2D SPACE',''
  ) );
#5143 = ORIENTED_EDGE('',*,*,#5144,.F.);
#5144 = EDGE_CURVE('',#5145,#5117,#5147,.T.);
#5145 = VERTEX_POINT('',#5146);
#5146 = CARTESIAN_POINT('',(-3.9,-3.5,5.));
#5147 = SURFACE_CURVE('',#5148,(#5152,#5159),.PCURVE_S1.);
#5148 = LINE('',#5149,#5150);
#5149 = CARTESIAN_POINT('',(-3.9,-3.5,5.));
#5150 = VECTOR('',#5151,1.);
#5151 = DIRECTION('',(0.,-1.,6.7E-16));
#5152 = PCURVE('',#4876,#5153);
#5153 = DEFINITIONAL_REPRESENTATION('',(#5154),#5158);
#5154 = LINE('',#5155,#5156);
#5155 = CARTESIAN_POINT('',(5.,0.));
#5156 = VECTOR('',#5157,1.);
#5157 = DIRECTION('',(0.,-1.));
#5158 = ( GEOMETRIC_REPRESENTATION_CONTEXT(2) 
PARAMETRIC_REPRESENTATION_CONTEXT() REPRESENTATION_CONTEXT('2D SPACE',''
  ) );
#5159 = PCURVE('',#5160,#5165);
#5160 = PLANE('',#5161);
#5161 = AXIS2_PLACEMENT_3D('',#5162,#5163,#5164);
#5162 = CARTESIAN_POINT('',(-3.9,-3.5,5.));
#5163 = DIRECTION('',(0.,6.7E-16,1.));
#5164 = DIRECTION('',(1.,0.,0.));
#5165 = DEFINITIONAL_REPRESENTATION('',(#5166),#5170);
#5166 = LINE('',#5167,#5168);
#5167 = CARTESIAN_POINT('',(0.,0.));
#5168 = VECTOR('',#5169,1.);
#5169 = DIRECTION('',(0.,-1.));
#5170 = ( GEOMETRIC_REPRESENTATION_CONTEXT(2) 
PARAMETRIC_REPRESENTATION_CONTEXT() REPRESENTATION_CONTEXT('2D SPACE',''
  ) );
#5171 = ORIENTED_EDGE('',*,*,#5172,.F.);
#5172 = EDGE_CURVE('',#5087,#5145,#5173,.T.);
#5173 = SURFACE_CURVE('',#5174,(#5178,#5185),.PCURVE_S1.);
#5174 = LINE('',#5175,#5176);
#5175 = CARTESIAN_POINT('',(-3.9,-3.5,0.));
#5176 = VECTOR('',#5177,1.);
#5177 = DIRECTION('',(0.,2.2E-16,1.));
#5178 = PCURVE('',#4876,#5179);
#5179 = DEFINITIONAL_REPRESENTATION('',(#5180),#5184);
#5180 = LINE('',#5181,#5182);
#5181 = CARTESIAN_POINT('',(0.,0.));
#5182 = VECTOR('',#5183,1.);
#5183 = DIRECTION('',(1.,0.));
#5184 = ( GEOMETRIC_REPRESENTATION_CONTEXT(2) 
PARAMETRIC_REPRESENTATION_CONTEXT() REPRESENTATION_CONTEXT('2D SPACE',''
  ) );
#5185 = PCURVE('',#5186,#5191);
#5186 = PLANE('',#5187);
#5187 = AXIS2_PLACEMENT_3D('',#5188,#5189,#5190);
#5188 = CARTESIAN_POINT('',(-0.123896651575,-3.5,3.899339514918));
#5189 = DIRECTION('',(0.,-1.,4.4E-16));
#5190 = DIRECTION('',(0.,-4.4E-16,-1.));
#5191 = DEFINITIONAL_REPRESENTATION('',(#5192),#5196);
#5192 = LINE('',#5193,#5194);
#5193 = CARTESIAN_POINT('',(3.899339514918,-3.776103348425));
#5194 = VECTOR('',#5195,1.);
#5195 = DIRECTION('',(-1.,0.));
#5196 = ( GEOMETRIC_REPRESENTATION_CONTEXT(2) 
PARAMETRIC_REPRESENTATION_CONTEXT() REPRESENTATION_CONTEXT('2D SPACE',''
  ) );
#5197 = ADVANCED_FACE('',(#5198),#4888,.F.);
#5198 = FACE_BOUND('',#5199,.T.);
#5199 = EDGE_LOOP('',(#5200,#5230,#5251,#5252,#5253,#5254,#5277,#5305));
#5200 = ORIENTED_EDGE('',*,*,#5201,.F.);
#5201 = EDGE_CURVE('',#5202,#5204,#5206,.T.);
#5202 = VERTEX_POINT('',#5203);
#5203 = CARTESIAN_POINT('',(-3.7,-6.25,4.3));
#5204 = VERTEX_POINT('',#5205);
#5205 = CARTESIAN_POINT('',(-2.9,-6.25,3.5));
#5206 = SURFACE_CURVE('',#5207,(#5211,#5218),.PCURVE_S1.);
#5207 = LINE('',#5208,#5209);
#5208 = CARTESIAN_POINT('',(-2.7125,-6.25,3.3125));
#5209 = VECTOR('',#5210,1.);
#5210 = DIRECTION('',(0.707106781187,-4.7E-16,-0.707106781187));
#5211 = PCURVE('',#4888,#5212);
#5212 = DEFINITIONAL_REPRESENTATION('',(#5213),#5217);
#5213 = LINE('',#5214,#5215);
#5214 = CARTESIAN_POINT('',(-1.E-17,0.972271824132));
#5215 = VECTOR('',#5216,1.);
#5216 = DIRECTION('',(-0.,1.));
#5217 = ( GEOMETRIC_REPRESENTATION_CONTEXT(2) 
PARAMETRIC_REPRESENTATION_CONTEXT() REPRESENTATION_CONTEXT('2D SPACE',''
  ) );
#5218 = PCURVE('',#5219,#5224);
#5219 = PLANE('',#5220);
#5220 = AXIS2_PLACEMENT_3D('',#5221,#5222,#5223);
#5221 = CARTESIAN_POINT('',(-3.9,-6.25,0.75));
#5222 = DIRECTION('',(-2.2E-16,-1.,4.4E-16));
#5223 = DIRECTION('',(-2.2E-16,4.4E-16,1.));
#5224 = DEFINITIONAL_REPRESENTATION('',(#5225),#5229);
#5225 = LINE('',#5226,#5227);
#5226 = CARTESIAN_POINT('',(2.5625,-1.1875));
#5227 = VECTOR('',#5228,1.);
#5228 = DIRECTION('',(-0.707106781187,-0.707106781187));
#5229 = ( GEOMETRIC_REPRESENTATION_CONTEXT(2) 
PARAMETRIC_REPRESENTATION_CONTEXT() REPRESENTATION_CONTEXT('2D SPACE',''
  ) );
#5230 = ORIENTED_EDGE('',*,*,#5231,.F.);
#5231 = EDGE_CURVE('',#4924,#5202,#5232,.T.);
#5232 = SURFACE_CURVE('',#5233,(#5237,#5244),.PCURVE_S1.);
#5233 = LINE('',#5234,#5235);
#5234 = CARTESIAN_POINT('',(-3.5,-6.05,4.1));
#5235 = VECTOR('',#5236,1.);
#5236 = DIRECTION('',(0.57735026919,0.57735026919,-0.57735026919));
#5237 = PCURVE('',#4888,#5238);
#5238 = DEFINITIONAL_REPRESENTATION('',(#5239),#5243);
#5239 = LINE('',#5240,#5241);
#5240 = CARTESIAN_POINT('',(-0.2,-0.141421356237));
#5241 = VECTOR('',#5242,1.);
#5242 = DIRECTION('',(-0.57735026919,0.816496580928));
#5243 = ( GEOMETRIC_REPRESENTATION_CONTEXT(2) 
PARAMETRIC_REPRESENTATION_CONTEXT() REPRESENTATION_CONTEXT('2D SPACE',''
  ) );
#5244 = PCURVE('',#4962,#5245);
#5245 = DEFINITIONAL_REPRESENTATION('',(#5246),#5250);
#5246 = LINE('',#5247,#5248);
#5247 = CARTESIAN_POINT('',(-0.6,0.424264068712));
#5248 = VECTOR('',#5249,1.);
#5249 = DIRECTION('',(0.57735026919,0.816496580928));
#5250 = ( GEOMETRIC_REPRESENTATION_CONTEXT(2) 
PARAMETRIC_REPRESENTATION_CONTEXT() REPRESENTATION_CONTEXT('2D SPACE',''
  ) );
#5251 = ORIENTED_EDGE('',*,*,#4923,.F.);
#5252 = ORIENTED_EDGE('',*,*,#4900,.T.);
#5253 = ORIENTED_EDGE('',*,*,#4865,.T.);
#5254 = ORIENTED_EDGE('',*,*,#5255,.T.);
#5255 = EDGE_CURVE('',#4868,#5256,#5258,.T.);
#5256 = VERTEX_POINT('',#5257);
#5257 = CARTESIAN_POINT('',(-3.7,-4.25,4.3));
#5258 = SURFACE_CURVE('',#5259,(#5263,#5270),.PCURVE_S1.);
#5259 = LINE('',#5260,#5261);
#5260 = CARTESIAN_POINT('',(-3.333333333333,-4.616666666667,
    3.933333333333));
#5261 = VECTOR('',#5262,1.);
#5262 = DIRECTION('',(0.57735026919,-0.57735026919,-0.57735026919));
#5263 = PCURVE('',#4888,#5264);
#5264 = DEFINITIONAL_REPRESENTATION('',(#5265),#5269);
#5265 = LINE('',#5266,#5267);
#5266 = CARTESIAN_POINT('',(-1.633333333333,9.428090415821E-02));
#5267 = VECTOR('',#5268,1.);
#5268 = DIRECTION('',(0.57735026919,0.816496580928));
#5269 = ( GEOMETRIC_REPRESENTATION_CONTEXT(2) 
PARAMETRIC_REPRESENTATION_CONTEXT() REPRESENTATION_CONTEXT('2D SPACE',''
  ) );
#5270 = PCURVE('',#5072,#5271);
#5271 = DEFINITIONAL_REPRESENTATION('',(#5272),#5276);
#5272 = LINE('',#5273,#5274);
#5273 = CARTESIAN_POINT('',(-0.566666666667,0.659966329107));
#5274 = VECTOR('',#5275,1.);
#5275 = DIRECTION('',(-0.57735026919,0.816496580928));
#5276 = ( GEOMETRIC_REPRESENTATION_CONTEXT(2) 
PARAMETRIC_REPRESENTATION_CONTEXT() REPRESENTATION_CONTEXT('2D SPACE',''
  ) );
#5277 = ORIENTED_EDGE('',*,*,#5278,.T.);
#5278 = EDGE_CURVE('',#5256,#5279,#5281,.T.);
#5279 = VERTEX_POINT('',#5280);
#5280 = CARTESIAN_POINT('',(-2.9,-4.25,3.5));
#5281 = SURFACE_CURVE('',#5282,(#5286,#5293),.PCURVE_S1.);
#5282 = LINE('',#5283,#5284);
#5283 = CARTESIAN_POINT('',(-3.4,-4.25,4.));
#5284 = VECTOR('',#5285,1.);
#5285 = DIRECTION('',(0.707106781187,-4.7E-16,-0.707106781187));
#5286 = PCURVE('',#4888,#5287);
#5287 = DEFINITIONAL_REPRESENTATION('',(#5288),#5292);
#5288 = LINE('',#5289,#5290);
#5289 = CARTESIAN_POINT('',(-2.,-3.1E-16));
#5290 = VECTOR('',#5291,1.);
#5291 = DIRECTION('',(-0.,1.));
#5292 = ( GEOMETRIC_REPRESENTATION_CONTEXT(2) 
PARAMETRIC_REPRESENTATION_CONTEXT() REPRESENTATION_CONTEXT('2D SPACE',''
  ) );
#5293 = PCURVE('',#5294,#5299);
#5294 = PLANE('',#5295);
#5295 = AXIS2_PLACEMENT_3D('',#5296,#5297,#5298);
#5296 = CARTESIAN_POINT('',(-3.9,-4.25,3.5));
#5297 = DIRECTION('',(2.2E-16,1.,-4.4E-16));
#5298 = DIRECTION('',(2.2E-16,-4.4E-16,-1.));
#5299 = DEFINITIONAL_REPRESENTATION('',(#5300),#5304);
#5300 = LINE('',#5301,#5302);
#5301 = CARTESIAN_POINT('',(-0.5,-0.5));
#5302 = VECTOR('',#5303,1.);
#5303 = DIRECTION('',(0.707106781187,-0.707106781187));
#5304 = ( GEOMETRIC_REPRESENTATION_CONTEXT(2) 
PARAMETRIC_REPRESENTATION_CONTEXT() REPRESENTATION_CONTEXT('2D SPACE',''
  ) );
#5305 = ORIENTED_EDGE('',*,*,#5306,.F.);
#5306 = EDGE_CURVE('',#5204,#5279,#5307,.T.);
#5307 = SURFACE_CURVE('',#5308,(#5312,#5319),.PCURVE_S1.);
#5308 = LINE('',#5309,#5310);
#5309 = CARTESIAN_POINT('',(-2.9,-6.25,3.5));
#5310 = VECTOR('',#5311,1.);
#5311 = DIRECTION('',(2.2E-16,1.,-4.4E-16));
#5312 = PCURVE('',#4888,#5313);
#5313 = DEFINITIONAL_REPRESENTATION('',(#5314),#5318);
#5314 = LINE('',#5315,#5316);
#5315 = CARTESIAN_POINT('',(-3.3E-16,0.707106781187));
#5316 = VECTOR('',#5317,1.);
#5317 = DIRECTION('',(-1.,0.));
#5318 = ( GEOMETRIC_REPRESENTATION_CONTEXT(2) 
PARAMETRIC_REPRESENTATION_CONTEXT() REPRESENTATION_CONTEXT('2D SPACE',''
  ) );
#5319 = PCURVE('',#5320,#5325);
#5320 = PLANE('',#5321);
#5321 = AXIS2_PLACEMENT_3D('',#5322,#5323,#5324);
#5322 = CARTESIAN_POINT('',(-3.9,-6.25,3.5));
#5323 = DIRECTION('',(-2.2E-16,4.4E-16,1.));
#5324 = DIRECTION('',(2.2E-16,1.,-4.4E-16));
#5325 = DEFINITIONAL_REPRESENTATION('',(#5326),#5330);
#5326 = LINE('',#5327,#5328);
#5327 = CARTESIAN_POINT('',(2.2E-16,-1.));
#5328 = VECTOR('',#5329,1.);
#5329 = DIRECTION('',(1.,0.));
#5330 = ( GEOMETRIC_REPRESENTATION_CONTEXT(2) 
PARAMETRIC_REPRESENTATION_CONTEXT() REPRESENTATION_CONTEXT('2D SPACE',''
  ) );
#5331 = ADVANCED_FACE('',(#5332),#5072,.F.);
#5332 = FACE_BOUND('',#5333,.T.);
#5333 = EDGE_LOOP('',(#5334,#5335,#5336,#5359));
#5334 = ORIENTED_EDGE('',*,*,#5255,.F.);
#5335 = ORIENTED_EDGE('',*,*,#5058,.T.);
#5336 = ORIENTED_EDGE('',*,*,#5337,.T.);
#5337 = EDGE_CURVE('',#5031,#5338,#5340,.T.);
#5338 = VERTEX_POINT('',#5339);
#5339 = CARTESIAN_POINT('',(-3.7,-4.25,3.5));
#5340 = SURFACE_CURVE('',#5341,(#5345,#5352),.PCURVE_S1.);
#5341 = LINE('',#5342,#5343);
#5342 = CARTESIAN_POINT('',(-3.8,-4.15,3.5));
#5343 = VECTOR('',#5344,1.);
#5344 = DIRECTION('',(0.707106781187,-0.707106781187,3.1E-16));
#5345 = PCURVE('',#5072,#5346);
#5346 = DEFINITIONAL_REPRESENTATION('',(#5347),#5351);
#5347 = LINE('',#5348,#5349);
#5348 = CARTESIAN_POINT('',(-1.,0.));
#5349 = VECTOR('',#5350,1.);
#5350 = DIRECTION('',(-0.,1.));
#5351 = ( GEOMETRIC_REPRESENTATION_CONTEXT(2) 
PARAMETRIC_REPRESENTATION_CONTEXT() REPRESENTATION_CONTEXT('2D SPACE',''
  ) );
#5352 = PCURVE('',#5046,#5353);
#5353 = DEFINITIONAL_REPRESENTATION('',(#5354),#5358);
#5354 = LINE('',#5355,#5356);
#5355 = CARTESIAN_POINT('',(4.4E-16,-0.));
#5356 = VECTOR('',#5357,1.);
#5357 = DIRECTION('',(-1.6E-16,1.));
#5358 = ( GEOMETRIC_REPRESENTATION_CONTEXT(2) 
PARAMETRIC_REPRESENTATION_CONTEXT() REPRESENTATION_CONTEXT('2D SPACE',''
  ) );
#5359 = ORIENTED_EDGE('',*,*,#5360,.F.);
#5360 = EDGE_CURVE('',#5256,#5338,#5361,.T.);
#5361 = SURFACE_CURVE('',#5362,(#5366,#5373),.PCURVE_S1.);
#5362 = LINE('',#5363,#5364);
#5363 = CARTESIAN_POINT('',(-3.7,-4.25,4.5));
#5364 = VECTOR('',#5365,1.);
#5365 = DIRECTION('',(0.,-4.4E-16,-1.));
#5366 = PCURVE('',#5072,#5367);
#5367 = DEFINITIONAL_REPRESENTATION('',(#5368),#5372);
#5368 = LINE('',#5369,#5370);
#5369 = CARTESIAN_POINT('',(-4.E-17,0.141421356237));
#5370 = VECTOR('',#5371,1.);
#5371 = DIRECTION('',(-1.,-0.));
#5372 = ( GEOMETRIC_REPRESENTATION_CONTEXT(2) 
PARAMETRIC_REPRESENTATION_CONTEXT() REPRESENTATION_CONTEXT('2D SPACE',''
  ) );
#5373 = PCURVE('',#5294,#5374);
#5374 = DEFINITIONAL_REPRESENTATION('',(#5375),#5379);
#5375 = LINE('',#5376,#5377);
#5376 = CARTESIAN_POINT('',(-1.,-0.2));
#5377 = VECTOR('',#5378,1.);
#5378 = DIRECTION('',(1.,2.2E-16));
#5379 = ( GEOMETRIC_REPRESENTATION_CONTEXT(2) 
PARAMETRIC_REPRESENTATION_CONTEXT() REPRESENTATION_CONTEXT('2D SPACE',''
  ) );
#5380 = ADVANCED_FACE('',(#5381),#5046,.F.);
#5381 = FACE_BOUND('',#5382,.T.);
#5382 = EDGE_LOOP('',(#5383,#5384,#5385,#5408));
#5383 = ORIENTED_EDGE('',*,*,#5337,.F.);
#5384 = ORIENTED_EDGE('',*,*,#5030,.T.);
#5385 = ORIENTED_EDGE('',*,*,#5386,.T.);
#5386 = EDGE_CURVE('',#5003,#5387,#5389,.T.);
#5387 = VERTEX_POINT('',#5388);
#5388 = CARTESIAN_POINT('',(-3.7,-4.25,0.75));
#5389 = SURFACE_CURVE('',#5390,(#5394,#5401),.PCURVE_S1.);
#5390 = LINE('',#5391,#5392);
#5391 = CARTESIAN_POINT('',(-3.308333333333,-4.641666666667,
    1.141666666667));
#5392 = VECTOR('',#5393,1.);
#5393 = DIRECTION('',(0.57735026919,-0.57735026919,0.57735026919));
#5394 = PCURVE('',#5046,#5395);
#5395 = DEFINITIONAL_REPRESENTATION('',(#5396),#5400);
#5396 = LINE('',#5397,#5398);
#5397 = CARTESIAN_POINT('',(-2.358333333333,0.695321668167));
#5398 = VECTOR('',#5399,1.);
#5399 = DIRECTION('',(0.57735026919,0.816496580928));
#5400 = ( GEOMETRIC_REPRESENTATION_CONTEXT(2) 
PARAMETRIC_REPRESENTATION_CONTEXT() REPRESENTATION_CONTEXT('2D SPACE',''
  ) );
#5401 = PCURVE('',#5018,#5402);
#5402 = DEFINITIONAL_REPRESENTATION('',(#5403),#5407);
#5403 = LINE('',#5404,#5405);
#5404 = CARTESIAN_POINT('',(-0.391666666667,0.695321668167));
#5405 = VECTOR('',#5406,1.);
#5406 = DIRECTION('',(-0.57735026919,0.816496580928));
#5407 = ( GEOMETRIC_REPRESENTATION_CONTEXT(2) 
PARAMETRIC_REPRESENTATION_CONTEXT() REPRESENTATION_CONTEXT('2D SPACE',''
  ) );
#5408 = ORIENTED_EDGE('',*,*,#5409,.F.);
#5409 = EDGE_CURVE('',#5338,#5387,#5410,.T.);
#5410 = SURFACE_CURVE('',#5411,(#5415,#5422),.PCURVE_S1.);
#5411 = LINE('',#5412,#5413);
#5412 = CARTESIAN_POINT('',(-3.7,-4.25,3.5));
#5413 = VECTOR('',#5414,1.);
#5414 = DIRECTION('',(2.2E-16,-4.4E-16,-1.));
#5415 = PCURVE('',#5046,#5416);
#5416 = DEFINITIONAL_REPRESENTATION('',(#5417),#5421);
#5417 = LINE('',#5418,#5419);
#5418 = CARTESIAN_POINT('',(-7.E-17,0.141421356237));
#5419 = VECTOR('',#5420,1.);
#5420 = DIRECTION('',(-1.,0.));
#5421 = ( GEOMETRIC_REPRESENTATION_CONTEXT(2) 
PARAMETRIC_REPRESENTATION_CONTEXT() REPRESENTATION_CONTEXT('2D SPACE',''
  ) );
#5422 = PCURVE('',#5294,#5423);
#5423 = DEFINITIONAL_REPRESENTATION('',(#5424),#5428);
#5424 = LINE('',#5425,#5426);
#5425 = CARTESIAN_POINT('',(4.E-17,-0.2));
#5426 = VECTOR('',#5427,1.);
#5427 = DIRECTION('',(1.,0.));
#5428 = ( GEOMETRIC_REPRESENTATION_CONTEXT(2) 
PARAMETRIC_REPRESENTATION_CONTEXT() REPRESENTATION_CONTEXT('2D SPACE',''
  ) );
#5429 = ADVANCED_FACE('',(#5430),#4962,.F.);
#5430 = FACE_BOUND('',#5431,.T.);
#5431 = EDGE_LOOP('',(#5432,#5455,#5456,#5457));
#5432 = ORIENTED_EDGE('',*,*,#5433,.F.);
#5433 = EDGE_CURVE('',#4947,#5434,#5436,.T.);
#5434 = VERTEX_POINT('',#5435);
#5435 = CARTESIAN_POINT('',(-3.7,-6.25,3.5));
#5436 = SURFACE_CURVE('',#5437,(#5441,#5448),.PCURVE_S1.);
#5437 = LINE('',#5438,#5439);
#5438 = CARTESIAN_POINT('',(-3.8,-6.35,3.5));
#5439 = VECTOR('',#5440,1.);
#5440 = DIRECTION('',(0.707106781187,0.707106781187,-1.6E-16));
#5441 = PCURVE('',#4962,#5442);
#5442 = DEFINITIONAL_REPRESENTATION('',(#5443),#5447);
#5443 = LINE('',#5444,#5445);
#5444 = CARTESIAN_POINT('',(-0.,-6.3E-16));
#5445 = VECTOR('',#5446,1.);
#5446 = DIRECTION('',(-1.6E-16,1.));
#5447 = ( GEOMETRIC_REPRESENTATION_CONTEXT(2) 
PARAMETRIC_REPRESENTATION_CONTEXT() REPRESENTATION_CONTEXT('2D SPACE',''
  ) );
#5448 = PCURVE('',#4990,#5449);
#5449 = DEFINITIONAL_REPRESENTATION('',(#5450),#5454);
#5450 = LINE('',#5451,#5452);
#5451 = CARTESIAN_POINT('',(-2.75,2.E-16));
#5452 = VECTOR('',#5453,1.);
#5453 = DIRECTION('',(-0.,1.));
#5454 = ( GEOMETRIC_REPRESENTATION_CONTEXT(2) 
PARAMETRIC_REPRESENTATION_CONTEXT() REPRESENTATION_CONTEXT('2D SPACE',''
  ) );
#5455 = ORIENTED_EDGE('',*,*,#4946,.T.);
#5456 = ORIENTED_EDGE('',*,*,#5231,.T.);
#5457 = ORIENTED_EDGE('',*,*,#5458,.F.);
#5458 = EDGE_CURVE('',#5434,#5202,#5459,.T.);
#5459 = SURFACE_CURVE('',#5460,(#5464,#5471),.PCURVE_S1.);
#5460 = LINE('',#5461,#5462);
#5461 = CARTESIAN_POINT('',(-3.7,-6.25,3.5));
#5462 = VECTOR('',#5463,1.);
#5463 = DIRECTION('',(0.,4.4E-16,1.));
#5464 = PCURVE('',#4962,#5465);
#5465 = DEFINITIONAL_REPRESENTATION('',(#5466),#5470);
#5466 = LINE('',#5467,#5468);
#5467 = CARTESIAN_POINT('',(-4.E-17,0.141421356237));
#5468 = VECTOR('',#5469,1.);
#5469 = DIRECTION('',(-1.,-0.));
#5470 = ( GEOMETRIC_REPRESENTATION_CONTEXT(2) 
PARAMETRIC_REPRESENTATION_CONTEXT() REPRESENTATION_CONTEXT('2D SPACE',''
  ) );
#5471 = PCURVE('',#5219,#5472);
#5472 = DEFINITIONAL_REPRESENTATION('',(#5473),#5477);
#5473 = LINE('',#5474,#5475);
#5474 = CARTESIAN_POINT('',(2.75,-0.2));
#5475 = VECTOR('',#5476,1.);
#5476 = DIRECTION('',(1.,-2.2E-16));
#5477 = ( GEOMETRIC_REPRESENTATION_CONTEXT(2) 
PARAMETRIC_REPRESENTATION_CONTEXT() REPRESENTATION_CONTEXT('2D SPACE',''
  ) );
#5478 = ADVANCED_FACE('',(#5479),#5018,.F.);
#5479 = FACE_BOUND('',#5480,.T.);
#5480 = EDGE_LOOP('',(#5481,#5482,#5483,#5506));
#5481 = ORIENTED_EDGE('',*,*,#5386,.F.);
#5482 = ORIENTED_EDGE('',*,*,#5002,.T.);
#5483 = ORIENTED_EDGE('',*,*,#5484,.T.);
#5484 = EDGE_CURVE('',#4975,#5485,#5487,.T.);
#5485 = VERTEX_POINT('',#5486);
#5486 = CARTESIAN_POINT('',(-3.7,-6.25,0.75));
#5487 = SURFACE_CURVE('',#5488,(#5492,#5499),.PCURVE_S1.);
#5488 = LINE('',#5489,#5490);
#5489 = CARTESIAN_POINT('',(-3.433333333333,-5.983333333333,
    1.016666666667));
#5490 = VECTOR('',#5491,1.);
#5491 = DIRECTION('',(0.57735026919,0.57735026919,0.57735026919));
#5492 = PCURVE('',#5018,#5493);
#5493 = DEFINITIONAL_REPRESENTATION('',(#5494),#5498);
#5494 = LINE('',#5495,#5496);
#5495 = CARTESIAN_POINT('',(-1.733333333333,0.51854497287));
#5496 = VECTOR('',#5497,1.);
#5497 = DIRECTION('',(0.57735026919,0.816496580928));
#5498 = ( GEOMETRIC_REPRESENTATION_CONTEXT(2) 
PARAMETRIC_REPRESENTATION_CONTEXT() REPRESENTATION_CONTEXT('2D SPACE',''
  ) );
#5499 = PCURVE('',#4990,#5500);
#5500 = DEFINITIONAL_REPRESENTATION('',(#5501),#5505);
#5501 = LINE('',#5502,#5503);
#5502 = CARTESIAN_POINT('',(-0.266666666667,0.51854497287));
#5503 = VECTOR('',#5504,1.);
#5504 = DIRECTION('',(-0.57735026919,0.816496580928));
#5505 = ( GEOMETRIC_REPRESENTATION_CONTEXT(2) 
PARAMETRIC_REPRESENTATION_CONTEXT() REPRESENTATION_CONTEXT('2D SPACE',''
  ) );
#5506 = ORIENTED_EDGE('',*,*,#5507,.F.);
#5507 = EDGE_CURVE('',#5387,#5485,#5508,.T.);
#5508 = SURFACE_CURVE('',#5509,(#5513,#5520),.PCURVE_S1.);
#5509 = LINE('',#5510,#5511);
#5510 = CARTESIAN_POINT('',(-3.7,-4.25,0.75));
#5511 = VECTOR('',#5512,1.);
#5512 = DIRECTION('',(-2.2E-16,-1.,4.4E-16));
#5513 = PCURVE('',#5018,#5514);
#5514 = DEFINITIONAL_REPRESENTATION('',(#5515),#5519);
#5515 = LINE('',#5516,#5517);
#5516 = CARTESIAN_POINT('',(9.E-17,0.141421356237));
#5517 = VECTOR('',#5518,1.);
#5518 = DIRECTION('',(-1.,0.));
#5519 = ( GEOMETRIC_REPRESENTATION_CONTEXT(2) 
PARAMETRIC_REPRESENTATION_CONTEXT() REPRESENTATION_CONTEXT('2D SPACE',''
  ) );
#5520 = PCURVE('',#5521,#5526);
#5521 = PLANE('',#5522);
#5522 = AXIS2_PLACEMENT_3D('',#5523,#5524,#5525);
#5523 = CARTESIAN_POINT('',(-3.9,-4.25,0.75));
#5524 = DIRECTION('',(2.2E-16,-4.4E-16,-1.));
#5525 = DIRECTION('',(-2.2E-16,-1.,4.4E-16));
#5526 = DEFINITIONAL_REPRESENTATION('',(#5527),#5531);
#5527 = LINE('',#5528,#5529);
#5528 = CARTESIAN_POINT('',(-4.E-17,-0.2));
#5529 = VECTOR('',#5530,1.);
#5530 = DIRECTION('',(1.,-0.));
#5531 = ( GEOMETRIC_REPRESENTATION_CONTEXT(2) 
PARAMETRIC_REPRESENTATION_CONTEXT() REPRESENTATION_CONTEXT('2D SPACE',''
  ) );
#5532 = ADVANCED_FACE('',(#5533),#4990,.F.);
#5533 = FACE_BOUND('',#5534,.T.);
#5534 = EDGE_LOOP('',(#5535,#5536,#5537,#5538));
#5535 = ORIENTED_EDGE('',*,*,#5484,.F.);
#5536 = ORIENTED_EDGE('',*,*,#4974,.T.);
#5537 = ORIENTED_EDGE('',*,*,#5433,.T.);
#5538 = ORIENTED_EDGE('',*,*,#5539,.F.);
#5539 = EDGE_CURVE('',#5485,#5434,#5540,.T.);
#5540 = SURFACE_CURVE('',#5541,(#5545,#5552),.PCURVE_S1.);
#5541 = LINE('',#5542,#5543);
#5542 = CARTESIAN_POINT('',(-3.7,-6.25,0.75));
#5543 = VECTOR('',#5544,1.);
#5544 = DIRECTION('',(-2.2E-16,4.4E-16,1.));
#5545 = PCURVE('',#4990,#5546);
#5546 = DEFINITIONAL_REPRESENTATION('',(#5547),#5551);
#5547 = LINE('',#5548,#5549);
#5548 = CARTESIAN_POINT('',(-2.E-17,0.141421356237));
#5549 = VECTOR('',#5550,1.);
#5550 = DIRECTION('',(-1.,-0.));
#5551 = ( GEOMETRIC_REPRESENTATION_CONTEXT(2) 
PARAMETRIC_REPRESENTATION_CONTEXT() REPRESENTATION_CONTEXT('2D SPACE',''
  ) );
#5552 = PCURVE('',#5219,#5553);
#5553 = DEFINITIONAL_REPRESENTATION('',(#5554),#5558);
#5554 = LINE('',#5555,#5556);
#5555 = CARTESIAN_POINT('',(-4.E-17,-0.2));
#5556 = VECTOR('',#5557,1.);
#5557 = DIRECTION('',(1.,0.));
#5558 = ( GEOMETRIC_REPRESENTATION_CONTEXT(2) 
PARAMETRIC_REPRESENTATION_CONTEXT() REPRESENTATION_CONTEXT('2D SPACE',''
  ) );
#5559 = ADVANCED_FACE('',(#5560),#5104,.F.);
#5560 = FACE_BOUND('',#5561,.F.);
#5561 = EDGE_LOOP('',(#5562,#5563,#5586,#5614));
#5562 = ORIENTED_EDGE('',*,*,#5086,.T.);
#5563 = ORIENTED_EDGE('',*,*,#5564,.T.);
#5564 = EDGE_CURVE('',#5089,#5565,#5567,.T.);
#5565 = VERTEX_POINT('',#5566);
#5566 = CARTESIAN_POINT('',(3.5,-7.,5.E-15));
#5567 = SURFACE_CURVE('',#5568,(#5572,#5579),.PCURVE_S1.);
#5568 = LINE('',#5569,#5570);
#5569 = CARTESIAN_POINT('',(-3.9,-7.,8.881784197001E-16));
#5570 = VECTOR('',#5571,1.);
#5571 = DIRECTION('',(1.,0.,0.));
#5572 = PCURVE('',#5104,#5573);
#5573 = DEFINITIONAL_REPRESENTATION('',(#5574),#5578);
#5574 = LINE('',#5575,#5576);
#5575 = CARTESIAN_POINT('',(0.,-3.5));
#5576 = VECTOR('',#5577,1.);
#5577 = DIRECTION('',(1.,0.));
#5578 = ( GEOMETRIC_REPRESENTATION_CONTEXT(2) 
PARAMETRIC_REPRESENTATION_CONTEXT() REPRESENTATION_CONTEXT('2D SPACE',''
  ) );
#5579 = PCURVE('',#5132,#5580);
#5580 = DEFINITIONAL_REPRESENTATION('',(#5581),#5585);
#5581 = LINE('',#5582,#5583);
#5582 = CARTESIAN_POINT('',(3.899339514918,-3.776103348425));
#5583 = VECTOR('',#5584,1.);
#5584 = DIRECTION('',(0.,1.));
#5585 = ( GEOMETRIC_REPRESENTATION_CONTEXT(2) 
PARAMETRIC_REPRESENTATION_CONTEXT() REPRESENTATION_CONTEXT('2D SPACE',''
  ) );
#5586 = ORIENTED_EDGE('',*,*,#5587,.F.);
#5587 = EDGE_CURVE('',#5588,#5565,#5590,.T.);
#5588 = VERTEX_POINT('',#5589);
#5589 = CARTESIAN_POINT('',(3.5,-3.5,0.));
#5590 = SURFACE_CURVE('',#5591,(#5595,#5602),.PCURVE_S1.);
#5591 = LINE('',#5592,#5593);
#5592 = CARTESIAN_POINT('',(3.5,-3.5,0.));
#5593 = VECTOR('',#5594,1.);
#5594 = DIRECTION('',(0.,-1.,6.7E-16));
#5595 = PCURVE('',#5104,#5596);
#5596 = DEFINITIONAL_REPRESENTATION('',(#5597),#5601);
#5597 = LINE('',#5598,#5599);
#5598 = CARTESIAN_POINT('',(7.4,0.));
#5599 = VECTOR('',#5600,1.);
#5600 = DIRECTION('',(0.,-1.));
#5601 = ( GEOMETRIC_REPRESENTATION_CONTEXT(2) 
PARAMETRIC_REPRESENTATION_CONTEXT() REPRESENTATION_CONTEXT('2D SPACE',''
  ) );
#5602 = PCURVE('',#5603,#5608);
#5603 = PLANE('',#5604);
#5604 = AXIS2_PLACEMENT_3D('',#5605,#5606,#5607);
#5605 = CARTESIAN_POINT('',(3.5,-3.5,0.));
#5606 = DIRECTION('',(-1.,0.,0.));
#5607 = DIRECTION('',(0.,6.7E-16,1.));
#5608 = DEFINITIONAL_REPRESENTATION('',(#5609),#5613);
#5609 = LINE('',#5610,#5611);
#5610 = CARTESIAN_POINT('',(0.,0.));
#5611 = VECTOR('',#5612,1.);
#5612 = DIRECTION('',(0.,-1.));
#5613 = ( GEOMETRIC_REPRESENTATION_CONTEXT(2) 
PARAMETRIC_REPRESENTATION_CONTEXT() REPRESENTATION_CONTEXT('2D SPACE',''
  ) );
#5614 = ORIENTED_EDGE('',*,*,#5615,.F.);
#5615 = EDGE_CURVE('',#5087,#5588,#5616,.T.);
#5616 = SURFACE_CURVE('',#5617,(#5621,#5628),.PCURVE_S1.);
#5617 = LINE('',#5618,#5619);
#5618 = CARTESIAN_POINT('',(-3.9,-3.5,0.));
#5619 = VECTOR('',#5620,1.);
#5620 = DIRECTION('',(1.,0.,0.));
#5621 = PCURVE('',#5104,#5622);
#5622 = DEFINITIONAL_REPRESENTATION('',(#5623),#5627);
#5623 = LINE('',#5624,#5625);
#5624 = CARTESIAN_POINT('',(0.,0.));
#5625 = VECTOR('',#5626,1.);
#5626 = DIRECTION('',(1.,0.));
#5627 = ( GEOMETRIC_REPRESENTATION_CONTEXT(2) 
PARAMETRIC_REPRESENTATION_CONTEXT() REPRESENTATION_CONTEXT('2D SPACE',''
  ) );
#5628 = PCURVE('',#5186,#5629);
#5629 = DEFINITIONAL_REPRESENTATION('',(#5630),#5634);
#5630 = LINE('',#5631,#5632);
#5631 = CARTESIAN_POINT('',(3.899339514918,-3.776103348425));
#5632 = VECTOR('',#5633,1.);
#5633 = DIRECTION('',(0.,1.));
#5634 = ( GEOMETRIC_REPRESENTATION_CONTEXT(2) 
PARAMETRIC_REPRESENTATION_CONTEXT() REPRESENTATION_CONTEXT('2D SPACE',''
  ) );
#5635 = ADVANCED_FACE('',(#5636),#5186,.F.);
#5636 = FACE_BOUND('',#5637,.F.);
#5637 = EDGE_LOOP('',(#5638,#5668,#5689,#5690,#5691,#5714,#5742,#5770));
#5638 = ORIENTED_EDGE('',*,*,#5639,.T.);
#5639 = EDGE_CURVE('',#5640,#5642,#5644,.T.);
#5640 = VERTEX_POINT('',#5641);
#5641 = CARTESIAN_POINT('',(-2.,-3.5,8.6));
#5642 = VERTEX_POINT('',#5643);
#5643 = CARTESIAN_POINT('',(-3.,-3.5,5.));
#5644 = SURFACE_CURVE('',#5645,(#5649,#5656),.PCURVE_S1.);
#5645 = LINE('',#5646,#5647);
#5646 = CARTESIAN_POINT('',(-2.,-3.5,8.6));
#5647 = VECTOR('',#5648,1.);
#5648 = DIRECTION('',(-0.267643863786,-2.1E-16,-0.96351790963));
#5649 = PCURVE('',#5186,#5650);
#5650 = DEFINITIONAL_REPRESENTATION('',(#5651),#5655);
#5651 = LINE('',#5652,#5653);
#5652 = CARTESIAN_POINT('',(-4.700660485082,-1.876103348425));
#5653 = VECTOR('',#5654,1.);
#5654 = DIRECTION('',(0.96351790963,-0.267643863786));
#5655 = ( GEOMETRIC_REPRESENTATION_CONTEXT(2) 
PARAMETRIC_REPRESENTATION_CONTEXT() REPRESENTATION_CONTEXT('2D SPACE',''
  ) );
#5656 = PCURVE('',#5657,#5662);
#5657 = PLANE('',#5658);
#5658 = AXIS2_PLACEMENT_3D('',#5659,#5660,#5661);
#5659 = CARTESIAN_POINT('',(-2.,-3.5,8.6));
#5660 = DIRECTION('',(0.96351790963,-1.8E-16,-0.267643863786));
#5661 = DIRECTION('',(-0.267643863786,-6.4E-16,-0.96351790963));
#5662 = DEFINITIONAL_REPRESENTATION('',(#5663),#5667);
#5663 = LINE('',#5664,#5665);
#5664 = CARTESIAN_POINT('',(-0.,0.));
#5665 = VECTOR('',#5666,1.);
#5666 = DIRECTION('',(1.,0.));
#5667 = ( GEOMETRIC_REPRESENTATION_CONTEXT(2) 
PARAMETRIC_REPRESENTATION_CONTEXT() REPRESENTATION_CONTEXT('2D SPACE',''
  ) );
#5668 = ORIENTED_EDGE('',*,*,#5669,.F.);
#5669 = EDGE_CURVE('',#5145,#5642,#5670,.T.);
#5670 = SURFACE_CURVE('',#5671,(#5675,#5682),.PCURVE_S1.);
#5671 = LINE('',#5672,#5673);
#5672 = CARTESIAN_POINT('',(-3.9,-3.5,5.));
#5673 = VECTOR('',#5674,1.);
#5674 = DIRECTION('',(1.,0.,0.));
#5675 = PCURVE('',#5186,#5676);
#5676 = DEFINITIONAL_REPRESENTATION('',(#5677),#5681);
#5677 = LINE('',#5678,#5679);
#5678 = CARTESIAN_POINT('',(-1.100660485082,-3.776103348425));
#5679 = VECTOR('',#5680,1.);
#5680 = DIRECTION('',(0.,1.));
#5681 = ( GEOMETRIC_REPRESENTATION_CONTEXT(2) 
PARAMETRIC_REPRESENTATION_CONTEXT() REPRESENTATION_CONTEXT('2D SPACE',''
  ) );
#5682 = PCURVE('',#5160,#5683);
#5683 = DEFINITIONAL_REPRESENTATION('',(#5684),#5688);
#5684 = LINE('',#5685,#5686);
#5685 = CARTESIAN_POINT('',(0.,-0.));
#5686 = VECTOR('',#5687,1.);
#5687 = DIRECTION('',(1.,0.));
#5688 = ( GEOMETRIC_REPRESENTATION_CONTEXT(2) 
PARAMETRIC_REPRESENTATION_CONTEXT() REPRESENTATION_CONTEXT('2D SPACE',''
  ) );
#5689 = ORIENTED_EDGE('',*,*,#5172,.F.);
#5690 = ORIENTED_EDGE('',*,*,#5615,.T.);
#5691 = ORIENTED_EDGE('',*,*,#5692,.T.);
#5692 = EDGE_CURVE('',#5588,#5693,#5695,.T.);
#5693 = VERTEX_POINT('',#5694);
#5694 = CARTESIAN_POINT('',(3.5,-3.5,6.));
#5695 = SURFACE_CURVE('',#5696,(#5700,#5707),.PCURVE_S1.);
#5696 = LINE('',#5697,#5698);
#5697 = CARTESIAN_POINT('',(3.5,-3.5,0.));
#5698 = VECTOR('',#5699,1.);
#5699 = DIRECTION('',(0.,2.2E-16,1.));
#5700 = PCURVE('',#5186,#5701);
#5701 = DEFINITIONAL_REPRESENTATION('',(#5702),#5706);
#5702 = LINE('',#5703,#5704);
#5703 = CARTESIAN_POINT('',(3.899339514918,3.623896651575));
#5704 = VECTOR('',#5705,1.);
#5705 = DIRECTION('',(-1.,0.));
#5706 = ( GEOMETRIC_REPRESENTATION_CONTEXT(2) 
PARAMETRIC_REPRESENTATION_CONTEXT() REPRESENTATION_CONTEXT('2D SPACE',''
  ) );
#5707 = PCURVE('',#5603,#5708);
#5708 = DEFINITIONAL_REPRESENTATION('',(#5709),#5713);
#5709 = LINE('',#5710,#5711);
#5710 = CARTESIAN_POINT('',(0.,0.));
#5711 = VECTOR('',#5712,1.);
#5712 = DIRECTION('',(1.,0.));
#5713 = ( GEOMETRIC_REPRESENTATION_CONTEXT(2) 
PARAMETRIC_REPRESENTATION_CONTEXT() REPRESENTATION_CONTEXT('2D SPACE',''
  ) );
#5714 = ORIENTED_EDGE('',*,*,#5715,.T.);
#5715 = EDGE_CURVE('',#5693,#5716,#5718,.T.);
#5716 = VERTEX_POINT('',#5717);
#5717 = CARTESIAN_POINT('',(2.9,-3.5,6.));
#5718 = SURFACE_CURVE('',#5719,(#5723,#5730),.PCURVE_S1.);
#5719 = LINE('',#5720,#5721);
#5720 = CARTESIAN_POINT('',(3.5,-3.5,6.));
#5721 = VECTOR('',#5722,1.);
#5722 = DIRECTION('',(-1.,0.,0.));
#5723 = PCURVE('',#5186,#5724);
#5724 = DEFINITIONAL_REPRESENTATION('',(#5725),#5729);
#5725 = LINE('',#5726,#5727);
#5726 = CARTESIAN_POINT('',(-2.100660485082,3.623896651575));
#5727 = VECTOR('',#5728,1.);
#5728 = DIRECTION('',(0.,-1.));
#5729 = ( GEOMETRIC_REPRESENTATION_CONTEXT(2) 
PARAMETRIC_REPRESENTATION_CONTEXT() REPRESENTATION_CONTEXT('2D SPACE',''
  ) );
#5730 = PCURVE('',#5731,#5736);
#5731 = PLANE('',#5732);
#5732 = AXIS2_PLACEMENT_3D('',#5733,#5734,#5735);
#5733 = CARTESIAN_POINT('',(3.5,-3.5,6.));
#5734 = DIRECTION('',(0.,-6.7E-16,-1.));
#5735 = DIRECTION('',(-1.,0.,0.));
#5736 = DEFINITIONAL_REPRESENTATION('',(#5737),#5741);
#5737 = LINE('',#5738,#5739);
#5738 = CARTESIAN_POINT('',(0.,0.));
#5739 = VECTOR('',#5740,1.);
#5740 = DIRECTION('',(1.,0.));
#5741 = ( GEOMETRIC_REPRESENTATION_CONTEXT(2) 
PARAMETRIC_REPRESENTATION_CONTEXT() REPRESENTATION_CONTEXT('2D SPACE',''
  ) );
#5742 = ORIENTED_EDGE('',*,*,#5743,.F.);
#5743 = EDGE_CURVE('',#5744,#5716,#5746,.T.);
#5744 = VERTEX_POINT('',#5745);
#5745 = CARTESIAN_POINT('',(2.,-3.5,8.6));
#5746 = SURFACE_CURVE('',#5747,(#5751,#5758),.PCURVE_S1.);
#5747 = LINE('',#5748,#5749);
#5748 = CARTESIAN_POINT('',(2.,-3.5,8.6));
#5749 = VECTOR('',#5750,1.);
#5750 = DIRECTION('',(0.327110563883,-2.1E-16,-0.94498607344));
#5751 = PCURVE('',#5186,#5752);
#5752 = DEFINITIONAL_REPRESENTATION('',(#5753),#5757);
#5753 = LINE('',#5754,#5755);
#5754 = CARTESIAN_POINT('',(-4.700660485082,2.123896651575));
#5755 = VECTOR('',#5756,1.);
#5756 = DIRECTION('',(0.94498607344,0.327110563883));
#5757 = ( GEOMETRIC_REPRESENTATION_CONTEXT(2) 
PARAMETRIC_REPRESENTATION_CONTEXT() REPRESENTATION_CONTEXT('2D SPACE',''
  ) );
#5758 = PCURVE('',#5759,#5764);
#5759 = PLANE('',#5760);
#5760 = AXIS2_PLACEMENT_3D('',#5761,#5762,#5763);
#5761 = CARTESIAN_POINT('',(2.,-3.5,8.6));
#5762 = DIRECTION('',(0.94498607344,2.2E-16,0.327110563883));
#5763 = DIRECTION('',(0.327110563883,-6.3E-16,-0.94498607344));
#5764 = DEFINITIONAL_REPRESENTATION('',(#5765),#5769);
#5765 = LINE('',#5766,#5767);
#5766 = CARTESIAN_POINT('',(0.,0.));
#5767 = VECTOR('',#5768,1.);
#5768 = DIRECTION('',(1.,0.));
#5769 = ( GEOMETRIC_REPRESENTATION_CONTEXT(2) 
PARAMETRIC_REPRESENTATION_CONTEXT() REPRESENTATION_CONTEXT('2D SPACE',''
  ) );
#5770 = ORIENTED_EDGE('',*,*,#5771,.F.);
#5771 = EDGE_CURVE('',#5640,#5744,#5772,.T.);
#5772 = SURFACE_CURVE('',#5773,(#5777,#5784),.PCURVE_S1.);
#5773 = LINE('',#5774,#5775);
#5774 = CARTESIAN_POINT('',(-2.,-3.5,8.6));
#5775 = VECTOR('',#5776,1.);
#5776 = DIRECTION('',(1.,0.,0.));
#5777 = PCURVE('',#5186,#5778);
#5778 = DEFINITIONAL_REPRESENTATION('',(#5779),#5783);
#5779 = LINE('',#5780,#5781);
#5780 = CARTESIAN_POINT('',(-4.700660485082,-1.876103348425));
#5781 = VECTOR('',#5782,1.);
#5782 = DIRECTION('',(0.,1.));
#5783 = ( GEOMETRIC_REPRESENTATION_CONTEXT(2) 
PARAMETRIC_REPRESENTATION_CONTEXT() REPRESENTATION_CONTEXT('2D SPACE',''
  ) );
#5784 = PCURVE('',#5785,#5790);
#5785 = PLANE('',#5786);
#5786 = AXIS2_PLACEMENT_3D('',#5787,#5788,#5789);
#5787 = CARTESIAN_POINT('',(-2.,-3.5,8.6));
#5788 = DIRECTION('',(0.,6.7E-16,1.));
#5789 = DIRECTION('',(1.,0.,0.));
#5790 = DEFINITIONAL_REPRESENTATION('',(#5791),#5795);
#5791 = LINE('',#5792,#5793);
#5792 = CARTESIAN_POINT('',(0.,0.));
#5793 = VECTOR('',#5794,1.);
#5794 = DIRECTION('',(1.,0.));
#5795 = ( GEOMETRIC_REPRESENTATION_CONTEXT(2) 
PARAMETRIC_REPRESENTATION_CONTEXT() REPRESENTATION_CONTEXT('2D SPACE',''
  ) );
#5796 = ADVANCED_FACE('',(#5797),#5132,.T.);
#5797 = FACE_BOUND('',#5798,.T.);
#5798 = EDGE_LOOP('',(#5799,#5824,#5845,#5846,#5847,#5870,#5893,#5916));
#5799 = ORIENTED_EDGE('',*,*,#5800,.T.);
#5800 = EDGE_CURVE('',#5801,#5803,#5805,.T.);
#5801 = VERTEX_POINT('',#5802);
#5802 = CARTESIAN_POINT('',(-2.,-7.,8.6));
#5803 = VERTEX_POINT('',#5804);
#5804 = CARTESIAN_POINT('',(-3.,-7.,5.));
#5805 = SURFACE_CURVE('',#5806,(#5810,#5817),.PCURVE_S1.);
#5806 = LINE('',#5807,#5808);
#5807 = CARTESIAN_POINT('',(-2.,-7.,8.6));
#5808 = VECTOR('',#5809,1.);
#5809 = DIRECTION('',(-0.267643863786,-2.1E-16,-0.96351790963));
#5810 = PCURVE('',#5132,#5811);
#5811 = DEFINITIONAL_REPRESENTATION('',(#5812),#5816);
#5812 = LINE('',#5813,#5814);
#5813 = CARTESIAN_POINT('',(-4.700660485082,-1.876103348425));
#5814 = VECTOR('',#5815,1.);
#5815 = DIRECTION('',(0.96351790963,-0.267643863786));
#5816 = ( GEOMETRIC_REPRESENTATION_CONTEXT(2) 
PARAMETRIC_REPRESENTATION_CONTEXT() REPRESENTATION_CONTEXT('2D SPACE',''
  ) );
#5817 = PCURVE('',#5657,#5818);
#5818 = DEFINITIONAL_REPRESENTATION('',(#5819),#5823);
#5819 = LINE('',#5820,#5821);
#5820 = CARTESIAN_POINT('',(-1.24E-15,-3.5));
#5821 = VECTOR('',#5822,1.);
#5822 = DIRECTION('',(1.,0.));
#5823 = ( GEOMETRIC_REPRESENTATION_CONTEXT(2) 
PARAMETRIC_REPRESENTATION_CONTEXT() REPRESENTATION_CONTEXT('2D SPACE',''
  ) );
#5824 = ORIENTED_EDGE('',*,*,#5825,.F.);
#5825 = EDGE_CURVE('',#5117,#5803,#5826,.T.);
#5826 = SURFACE_CURVE('',#5827,(#5831,#5838),.PCURVE_S1.);
#5827 = LINE('',#5828,#5829);
#5828 = CARTESIAN_POINT('',(-3.9,-7.,5.));
#5829 = VECTOR('',#5830,1.);
#5830 = DIRECTION('',(1.,0.,0.));
#5831 = PCURVE('',#5132,#5832);
#5832 = DEFINITIONAL_REPRESENTATION('',(#5833),#5837);
#5833 = LINE('',#5834,#5835);
#5834 = CARTESIAN_POINT('',(-1.100660485082,-3.776103348425));
#5835 = VECTOR('',#5836,1.);
#5836 = DIRECTION('',(0.,1.));
#5837 = ( GEOMETRIC_REPRESENTATION_CONTEXT(2) 
PARAMETRIC_REPRESENTATION_CONTEXT() REPRESENTATION_CONTEXT('2D SPACE',''
  ) );
#5838 = PCURVE('',#5160,#5839);
#5839 = DEFINITIONAL_REPRESENTATION('',(#5840),#5844);
#5840 = LINE('',#5841,#5842);
#5841 = CARTESIAN_POINT('',(0.,-3.5));
#5842 = VECTOR('',#5843,1.);
#5843 = DIRECTION('',(1.,0.));
#5844 = ( GEOMETRIC_REPRESENTATION_CONTEXT(2) 
PARAMETRIC_REPRESENTATION_CONTEXT() REPRESENTATION_CONTEXT('2D SPACE',''
  ) );
#5845 = ORIENTED_EDGE('',*,*,#5116,.F.);
#5846 = ORIENTED_EDGE('',*,*,#5564,.T.);
#5847 = ORIENTED_EDGE('',*,*,#5848,.T.);
#5848 = EDGE_CURVE('',#5565,#5849,#5851,.T.);
#5849 = VERTEX_POINT('',#5850);
#5850 = CARTESIAN_POINT('',(3.5,-7.,6.));
#5851 = SURFACE_CURVE('',#5852,(#5856,#5863),.PCURVE_S1.);
#5852 = LINE('',#5853,#5854);
#5853 = CARTESIAN_POINT('',(3.5,-7.,8.881784197001E-16));
#5854 = VECTOR('',#5855,1.);
#5855 = DIRECTION('',(0.,2.2E-16,1.));
#5856 = PCURVE('',#5132,#5857);
#5857 = DEFINITIONAL_REPRESENTATION('',(#5858),#5862);
#5858 = LINE('',#5859,#5860);
#5859 = CARTESIAN_POINT('',(3.899339514918,3.623896651575));
#5860 = VECTOR('',#5861,1.);
#5861 = DIRECTION('',(-1.,0.));
#5862 = ( GEOMETRIC_REPRESENTATION_CONTEXT(2) 
PARAMETRIC_REPRESENTATION_CONTEXT() REPRESENTATION_CONTEXT('2D SPACE',''
  ) );
#5863 = PCURVE('',#5603,#5864);
#5864 = DEFINITIONAL_REPRESENTATION('',(#5865),#5869);
#5865 = LINE('',#5866,#5867);
#5866 = CARTESIAN_POINT('',(-1.1E-16,-3.5));
#5867 = VECTOR('',#5868,1.);
#5868 = DIRECTION('',(1.,0.));
#5869 = ( GEOMETRIC_REPRESENTATION_CONTEXT(2) 
PARAMETRIC_REPRESENTATION_CONTEXT() REPRESENTATION_CONTEXT('2D SPACE',''
  ) );
#5870 = ORIENTED_EDGE('',*,*,#5871,.T.);
#5871 = EDGE_CURVE('',#5849,#5872,#5874,.T.);
#5872 = VERTEX_POINT('',#5873);
#5873 = CARTESIAN_POINT('',(2.9,-7.,6.));
#5874 = SURFACE_CURVE('',#5875,(#5879,#5886),.PCURVE_S1.);
#5875 = LINE('',#5876,#5877);
#5876 = CARTESIAN_POINT('',(3.5,-7.,6.));
#5877 = VECTOR('',#5878,1.);
#5878 = DIRECTION('',(-1.,0.,0.));
#5879 = PCURVE('',#5132,#5880);
#5880 = DEFINITIONAL_REPRESENTATION('',(#5881),#5885);
#5881 = LINE('',#5882,#5883);
#5882 = CARTESIAN_POINT('',(-2.100660485082,3.623896651575));
#5883 = VECTOR('',#5884,1.);
#5884 = DIRECTION('',(0.,-1.));
#5885 = ( GEOMETRIC_REPRESENTATION_CONTEXT(2) 
PARAMETRIC_REPRESENTATION_CONTEXT() REPRESENTATION_CONTEXT('2D SPACE',''
  ) );
#5886 = PCURVE('',#5731,#5887);
#5887 = DEFINITIONAL_REPRESENTATION('',(#5888),#5892);
#5888 = LINE('',#5889,#5890);
#5889 = CARTESIAN_POINT('',(0.,-3.5));
#5890 = VECTOR('',#5891,1.);
#5891 = DIRECTION('',(1.,0.));
#5892 = ( GEOMETRIC_REPRESENTATION_CONTEXT(2) 
PARAMETRIC_REPRESENTATION_CONTEXT() REPRESENTATION_CONTEXT('2D SPACE',''
  ) );
#5893 = ORIENTED_EDGE('',*,*,#5894,.F.);
#5894 = EDGE_CURVE('',#5895,#5872,#5897,.T.);
#5895 = VERTEX_POINT('',#5896);
#5896 = CARTESIAN_POINT('',(2.,-7.,8.6));
#5897 = SURFACE_CURVE('',#5898,(#5902,#5909),.PCURVE_S1.);
#5898 = LINE('',#5899,#5900);
#5899 = CARTESIAN_POINT('',(2.,-7.,8.6));
#5900 = VECTOR('',#5901,1.);
#5901 = DIRECTION('',(0.327110563883,-2.1E-16,-0.94498607344));
#5902 = PCURVE('',#5132,#5903);
#5903 = DEFINITIONAL_REPRESENTATION('',(#5904),#5908);
#5904 = LINE('',#5905,#5906);
#5905 = CARTESIAN_POINT('',(-4.700660485082,2.123896651575));
#5906 = VECTOR('',#5907,1.);
#5907 = DIRECTION('',(0.94498607344,0.327110563883));
#5908 = ( GEOMETRIC_REPRESENTATION_CONTEXT(2) 
PARAMETRIC_REPRESENTATION_CONTEXT() REPRESENTATION_CONTEXT('2D SPACE',''
  ) );
#5909 = PCURVE('',#5759,#5910);
#5910 = DEFINITIONAL_REPRESENTATION('',(#5911),#5915);
#5911 = LINE('',#5912,#5913);
#5912 = CARTESIAN_POINT('',(-1.3E-15,-3.5));
#5913 = VECTOR('',#5914,1.);
#5914 = DIRECTION('',(1.,0.));
#5915 = ( GEOMETRIC_REPRESENTATION_CONTEXT(2) 
PARAMETRIC_REPRESENTATION_CONTEXT() REPRESENTATION_CONTEXT('2D SPACE',''
  ) );
#5916 = ORIENTED_EDGE('',*,*,#5917,.F.);
#5917 = EDGE_CURVE('',#5801,#5895,#5918,.T.);
#5918 = SURFACE_CURVE('',#5919,(#5923,#5930),.PCURVE_S1.);
#5919 = LINE('',#5920,#5921);
#5920 = CARTESIAN_POINT('',(-2.,-7.,8.6));
#5921 = VECTOR('',#5922,1.);
#5922 = DIRECTION('',(1.,0.,0.));
#5923 = PCURVE('',#5132,#5924);
#5924 = DEFINITIONAL_REPRESENTATION('',(#5925),#5929);
#5925 = LINE('',#5926,#5927);
#5926 = CARTESIAN_POINT('',(-4.700660485082,-1.876103348425));
#5927 = VECTOR('',#5928,1.);
#5928 = DIRECTION('',(0.,1.));
#5929 = ( GEOMETRIC_REPRESENTATION_CONTEXT(2) 
PARAMETRIC_REPRESENTATION_CONTEXT() REPRESENTATION_CONTEXT('2D SPACE',''
  ) );
#5930 = PCURVE('',#5785,#5931);
#5931 = DEFINITIONAL_REPRESENTATION('',(#5932),#5936);
#5932 = LINE('',#5933,#5934);
#5933 = CARTESIAN_POINT('',(0.,-3.5));
#5934 = VECTOR('',#5935,1.);
#5935 = DIRECTION('',(1.,0.));
#5936 = ( GEOMETRIC_REPRESENTATION_CONTEXT(2) 
PARAMETRIC_REPRESENTATION_CONTEXT() REPRESENTATION_CONTEXT('2D SPACE',''
  ) );
#5937 = ADVANCED_FACE('',(#5938),#5160,.T.);
#5938 = FACE_BOUND('',#5939,.T.);
#5939 = EDGE_LOOP('',(#5940,#5941,#5942,#5963));
#5940 = ORIENTED_EDGE('',*,*,#5144,.T.);
#5941 = ORIENTED_EDGE('',*,*,#5825,.T.);
#5942 = ORIENTED_EDGE('',*,*,#5943,.F.);
#5943 = EDGE_CURVE('',#5642,#5803,#5944,.T.);
#5944 = SURFACE_CURVE('',#5945,(#5949,#5956),.PCURVE_S1.);
#5945 = LINE('',#5946,#5947);
#5946 = CARTESIAN_POINT('',(-3.,-3.5,5.));
#5947 = VECTOR('',#5948,1.);
#5948 = DIRECTION('',(0.,-1.,6.7E-16));
#5949 = PCURVE('',#5160,#5950);
#5950 = DEFINITIONAL_REPRESENTATION('',(#5951),#5955);
#5951 = LINE('',#5952,#5953);
#5952 = CARTESIAN_POINT('',(0.9,0.));
#5953 = VECTOR('',#5954,1.);
#5954 = DIRECTION('',(0.,-1.));
#5955 = ( GEOMETRIC_REPRESENTATION_CONTEXT(2) 
PARAMETRIC_REPRESENTATION_CONTEXT() REPRESENTATION_CONTEXT('2D SPACE',''
  ) );
#5956 = PCURVE('',#5657,#5957);
#5957 = DEFINITIONAL_REPRESENTATION('',(#5958),#5962);
#5958 = LINE('',#5959,#5960);
#5959 = CARTESIAN_POINT('',(3.736308338454,0.));
#5960 = VECTOR('',#5961,1.);
#5961 = DIRECTION('',(0.,-1.));
#5962 = ( GEOMETRIC_REPRESENTATION_CONTEXT(2) 
PARAMETRIC_REPRESENTATION_CONTEXT() REPRESENTATION_CONTEXT('2D SPACE',''
  ) );
#5963 = ORIENTED_EDGE('',*,*,#5669,.F.);
#5964 = ADVANCED_FACE('',(#5965),#5219,.F.);
#5965 = FACE_BOUND('',#5966,.F.);
#5966 = EDGE_LOOP('',(#5967,#5968,#5969,#5970,#5993,#6021));
#5967 = ORIENTED_EDGE('',*,*,#5201,.F.);
#5968 = ORIENTED_EDGE('',*,*,#5458,.F.);
#5969 = ORIENTED_EDGE('',*,*,#5539,.F.);
#5970 = ORIENTED_EDGE('',*,*,#5971,.T.);
#5971 = EDGE_CURVE('',#5485,#5972,#5974,.T.);
#5972 = VERTEX_POINT('',#5973);
#5973 = CARTESIAN_POINT('',(1.1,-6.25,0.75));
#5974 = SURFACE_CURVE('',#5975,(#5979,#5986),.PCURVE_S1.);
#5975 = LINE('',#5976,#5977);
#5976 = CARTESIAN_POINT('',(-3.9,-6.25,0.75));
#5977 = VECTOR('',#5978,1.);
#5978 = DIRECTION('',(1.,-2.2E-16,2.2E-16));
#5979 = PCURVE('',#5219,#5980);
#5980 = DEFINITIONAL_REPRESENTATION('',(#5981),#5985);
#5981 = LINE('',#5982,#5983);
#5982 = CARTESIAN_POINT('',(0.,0.));
#5983 = VECTOR('',#5984,1.);
#5984 = DIRECTION('',(0.,-1.));
#5985 = ( GEOMETRIC_REPRESENTATION_CONTEXT(2) 
PARAMETRIC_REPRESENTATION_CONTEXT() REPRESENTATION_CONTEXT('2D SPACE',''
  ) );
#5986 = PCURVE('',#5521,#5987);
#5987 = DEFINITIONAL_REPRESENTATION('',(#5988),#5992);
#5988 = LINE('',#5989,#5990);
#5989 = CARTESIAN_POINT('',(2.,-0.));
#5990 = VECTOR('',#5991,1.);
#5991 = DIRECTION('',(0.,-1.));
#5992 = ( GEOMETRIC_REPRESENTATION_CONTEXT(2) 
PARAMETRIC_REPRESENTATION_CONTEXT() REPRESENTATION_CONTEXT('2D SPACE',''
  ) );
#5993 = ORIENTED_EDGE('',*,*,#5994,.T.);
#5994 = EDGE_CURVE('',#5972,#5995,#5997,.T.);
#5995 = VERTEX_POINT('',#5996);
#5996 = CARTESIAN_POINT('',(1.1,-6.25,3.5));
#5997 = SURFACE_CURVE('',#5998,(#6002,#6009),.PCURVE_S1.);
#5998 = LINE('',#5999,#6000);
#5999 = CARTESIAN_POINT('',(1.1,-6.25,0.75));
#6000 = VECTOR('',#6001,1.);
#6001 = DIRECTION('',(0.,2.2E-16,1.));
#6002 = PCURVE('',#5219,#6003);
#6003 = DEFINITIONAL_REPRESENTATION('',(#6004),#6008);
#6004 = LINE('',#6005,#6006);
#6005 = CARTESIAN_POINT('',(-0.,-5.));
#6006 = VECTOR('',#6007,1.);
#6007 = DIRECTION('',(1.,0.));
#6008 = ( GEOMETRIC_REPRESENTATION_CONTEXT(2) 
PARAMETRIC_REPRESENTATION_CONTEXT() REPRESENTATION_CONTEXT('2D SPACE',''
  ) );
#6009 = PCURVE('',#6010,#6015);
#6010 = PLANE('',#6011);
#6011 = AXIS2_PLACEMENT_3D('',#6012,#6013,#6014);
#6012 = CARTESIAN_POINT('',(1.1,-5.25,2.125));
#6013 = DIRECTION('',(-1.,2.2E-16,-1.6E-16));
#6014 = DIRECTION('',(-2.2E-16,-1.,2.2E-16));
#6015 = DEFINITIONAL_REPRESENTATION('',(#6016),#6020);
#6016 = LINE('',#6017,#6018);
#6017 = CARTESIAN_POINT('',(1.,-1.375));
#6018 = VECTOR('',#6019,1.);
#6019 = DIRECTION('',(0.,1.));
#6020 = ( GEOMETRIC_REPRESENTATION_CONTEXT(2) 
PARAMETRIC_REPRESENTATION_CONTEXT() REPRESENTATION_CONTEXT('2D SPACE',''
  ) );
#6021 = ORIENTED_EDGE('',*,*,#6022,.F.);
#6022 = EDGE_CURVE('',#5204,#5995,#6023,.T.);
#6023 = SURFACE_CURVE('',#6024,(#6028,#6035),.PCURVE_S1.);
#6024 = LINE('',#6025,#6026);
#6025 = CARTESIAN_POINT('',(-3.9,-6.25,3.5));
#6026 = VECTOR('',#6027,1.);
#6027 = DIRECTION('',(1.,-2.2E-16,2.2E-16));
#6028 = PCURVE('',#5219,#6029);
#6029 = DEFINITIONAL_REPRESENTATION('',(#6030),#6034);
#6030 = LINE('',#6031,#6032);
#6031 = CARTESIAN_POINT('',(2.75,-1.7E-16));
#6032 = VECTOR('',#6033,1.);
#6033 = DIRECTION('',(0.,-1.));
#6034 = ( GEOMETRIC_REPRESENTATION_CONTEXT(2) 
PARAMETRIC_REPRESENTATION_CONTEXT() REPRESENTATION_CONTEXT('2D SPACE',''
  ) );
#6035 = PCURVE('',#5320,#6036);
#6036 = DEFINITIONAL_REPRESENTATION('',(#6037),#6041);
#6037 = LINE('',#6038,#6039);
#6038 = CARTESIAN_POINT('',(0.,0.));
#6039 = VECTOR('',#6040,1.);
#6040 = DIRECTION('',(-0.,-1.));
#6041 = ( GEOMETRIC_REPRESENTATION_CONTEXT(2) 
PARAMETRIC_REPRESENTATION_CONTEXT() REPRESENTATION_CONTEXT('2D SPACE',''
  ) );
#6042 = ADVANCED_FACE('',(#6043),#5320,.F.);
#6043 = FACE_BOUND('',#6044,.F.);
#6044 = EDGE_LOOP('',(#6045,#6046,#6069,#6090));
#6045 = ORIENTED_EDGE('',*,*,#6022,.T.);
#6046 = ORIENTED_EDGE('',*,*,#6047,.T.);
#6047 = EDGE_CURVE('',#5995,#6048,#6050,.T.);
#6048 = VERTEX_POINT('',#6049);
#6049 = CARTESIAN_POINT('',(1.1,-4.25,3.5));
#6050 = SURFACE_CURVE('',#6051,(#6055,#6062),.PCURVE_S1.);
#6051 = LINE('',#6052,#6053);
#6052 = CARTESIAN_POINT('',(1.1,-6.25,3.5));
#6053 = VECTOR('',#6054,1.);
#6054 = DIRECTION('',(4.4E-16,1.,-2.2E-16));
#6055 = PCURVE('',#5320,#6056);
#6056 = DEFINITIONAL_REPRESENTATION('',(#6057),#6061);
#6057 = LINE('',#6058,#6059);
#6058 = CARTESIAN_POINT('',(-2.2E-16,-5.));
#6059 = VECTOR('',#6060,1.);
#6060 = DIRECTION('',(1.,-0.));
#6061 = ( GEOMETRIC_REPRESENTATION_CONTEXT(2) 
PARAMETRIC_REPRESENTATION_CONTEXT() REPRESENTATION_CONTEXT('2D SPACE',''
  ) );
#6062 = PCURVE('',#6010,#6063);
#6063 = DEFINITIONAL_REPRESENTATION('',(#6064),#6068);
#6064 = LINE('',#6065,#6066);
#6065 = CARTESIAN_POINT('',(1.,1.375));
#6066 = VECTOR('',#6067,1.);
#6067 = DIRECTION('',(-1.,0.));
#6068 = ( GEOMETRIC_REPRESENTATION_CONTEXT(2) 
PARAMETRIC_REPRESENTATION_CONTEXT() REPRESENTATION_CONTEXT('2D SPACE',''
  ) );
#6069 = ORIENTED_EDGE('',*,*,#6070,.F.);
#6070 = EDGE_CURVE('',#5279,#6048,#6071,.T.);
#6071 = SURFACE_CURVE('',#6072,(#6076,#6083),.PCURVE_S1.);
#6072 = LINE('',#6073,#6074);
#6073 = CARTESIAN_POINT('',(-3.9,-4.25,3.5));
#6074 = VECTOR('',#6075,1.);
#6075 = DIRECTION('',(1.,-2.2E-16,2.2E-16));
#6076 = PCURVE('',#5320,#6077);
#6077 = DEFINITIONAL_REPRESENTATION('',(#6078),#6082);
#6078 = LINE('',#6079,#6080);
#6079 = CARTESIAN_POINT('',(2.,-0.));
#6080 = VECTOR('',#6081,1.);
#6081 = DIRECTION('',(-0.,-1.));
#6082 = ( GEOMETRIC_REPRESENTATION_CONTEXT(2) 
PARAMETRIC_REPRESENTATION_CONTEXT() REPRESENTATION_CONTEXT('2D SPACE',''
  ) );
#6083 = PCURVE('',#5294,#6084);
#6084 = DEFINITIONAL_REPRESENTATION('',(#6085),#6089);
#6085 = LINE('',#6086,#6087);
#6086 = CARTESIAN_POINT('',(4.4E-16,0.));
#6087 = VECTOR('',#6088,1.);
#6088 = DIRECTION('',(0.,-1.));
#6089 = ( GEOMETRIC_REPRESENTATION_CONTEXT(2) 
PARAMETRIC_REPRESENTATION_CONTEXT() REPRESENTATION_CONTEXT('2D SPACE',''
  ) );
#6090 = ORIENTED_EDGE('',*,*,#5306,.F.);
#6091 = ADVANCED_FACE('',(#6092),#5294,.F.);
#6092 = FACE_BOUND('',#6093,.F.);
#6093 = EDGE_LOOP('',(#6094,#6095,#6096,#6119,#6140,#6141));
#6094 = ORIENTED_EDGE('',*,*,#5278,.T.);
#6095 = ORIENTED_EDGE('',*,*,#6070,.T.);
#6096 = ORIENTED_EDGE('',*,*,#6097,.T.);
#6097 = EDGE_CURVE('',#6048,#6098,#6100,.T.);
#6098 = VERTEX_POINT('',#6099);
#6099 = CARTESIAN_POINT('',(1.1,-4.25,0.75));
#6100 = SURFACE_CURVE('',#6101,(#6105,#6112),.PCURVE_S1.);
#6101 = LINE('',#6102,#6103);
#6102 = CARTESIAN_POINT('',(1.1,-4.25,3.5));
#6103 = VECTOR('',#6104,1.);
#6104 = DIRECTION('',(-0.,-2.2E-16,-1.));
#6105 = PCURVE('',#5294,#6106);
#6106 = DEFINITIONAL_REPRESENTATION('',(#6107),#6111);
#6107 = LINE('',#6108,#6109);
#6108 = CARTESIAN_POINT('',(-2.2E-16,-5.));
#6109 = VECTOR('',#6110,1.);
#6110 = DIRECTION('',(1.,0.));
#6111 = ( GEOMETRIC_REPRESENTATION_CONTEXT(2) 
PARAMETRIC_REPRESENTATION_CONTEXT() REPRESENTATION_CONTEXT('2D SPACE',''
  ) );
#6112 = PCURVE('',#6010,#6113);
#6113 = DEFINITIONAL_REPRESENTATION('',(#6114),#6118);
#6114 = LINE('',#6115,#6116);
#6115 = CARTESIAN_POINT('',(-1.,1.375));
#6116 = VECTOR('',#6117,1.);
#6117 = DIRECTION('',(-0.,-1.));
#6118 = ( GEOMETRIC_REPRESENTATION_CONTEXT(2) 
PARAMETRIC_REPRESENTATION_CONTEXT() REPRESENTATION_CONTEXT('2D SPACE',''
  ) );
#6119 = ORIENTED_EDGE('',*,*,#6120,.F.);
#6120 = EDGE_CURVE('',#5387,#6098,#6121,.T.);
#6121 = SURFACE_CURVE('',#6122,(#6126,#6133),.PCURVE_S1.);
#6122 = LINE('',#6123,#6124);
#6123 = CARTESIAN_POINT('',(-3.9,-4.25,0.75));
#6124 = VECTOR('',#6125,1.);
#6125 = DIRECTION('',(1.,-2.2E-16,2.2E-16));
#6126 = PCURVE('',#5294,#6127);
#6127 = DEFINITIONAL_REPRESENTATION('',(#6128),#6132);
#6128 = LINE('',#6129,#6130);
#6129 = CARTESIAN_POINT('',(2.75,1.7E-16));
#6130 = VECTOR('',#6131,1.);
#6131 = DIRECTION('',(0.,-1.));
#6132 = ( GEOMETRIC_REPRESENTATION_CONTEXT(2) 
PARAMETRIC_REPRESENTATION_CONTEXT() REPRESENTATION_CONTEXT('2D SPACE',''
  ) );
#6133 = PCURVE('',#5521,#6134);
#6134 = DEFINITIONAL_REPRESENTATION('',(#6135),#6139);
#6135 = LINE('',#6136,#6137);
#6136 = CARTESIAN_POINT('',(0.,0.));
#6137 = VECTOR('',#6138,1.);
#6138 = DIRECTION('',(0.,-1.));
#6139 = ( GEOMETRIC_REPRESENTATION_CONTEXT(2) 
PARAMETRIC_REPRESENTATION_CONTEXT() REPRESENTATION_CONTEXT('2D SPACE',''
  ) );
#6140 = ORIENTED_EDGE('',*,*,#5409,.F.);
#6141 = ORIENTED_EDGE('',*,*,#5360,.F.);
#6142 = ADVANCED_FACE('',(#6143),#5521,.F.);
#6143 = FACE_BOUND('',#6144,.F.);
#6144 = EDGE_LOOP('',(#6145,#6146,#6167,#6168));
#6145 = ORIENTED_EDGE('',*,*,#6120,.T.);
#6146 = ORIENTED_EDGE('',*,*,#6147,.T.);
#6147 = EDGE_CURVE('',#6098,#5972,#6148,.T.);
#6148 = SURFACE_CURVE('',#6149,(#6153,#6160),.PCURVE_S1.);
#6149 = LINE('',#6150,#6151);
#6150 = CARTESIAN_POINT('',(1.1,-4.25,0.75));
#6151 = VECTOR('',#6152,1.);
#6152 = DIRECTION('',(-4.4E-16,-1.,2.2E-16));
#6153 = PCURVE('',#5521,#6154);
#6154 = DEFINITIONAL_REPRESENTATION('',(#6155),#6159);
#6155 = LINE('',#6156,#6157);
#6156 = CARTESIAN_POINT('',(-1.1E-16,-5.));
#6157 = VECTOR('',#6158,1.);
#6158 = DIRECTION('',(1.,0.));
#6159 = ( GEOMETRIC_REPRESENTATION_CONTEXT(2) 
PARAMETRIC_REPRESENTATION_CONTEXT() REPRESENTATION_CONTEXT('2D SPACE',''
  ) );
#6160 = PCURVE('',#6010,#6161);
#6161 = DEFINITIONAL_REPRESENTATION('',(#6162),#6166);
#6162 = LINE('',#6163,#6164);
#6163 = CARTESIAN_POINT('',(-1.,-1.375));
#6164 = VECTOR('',#6165,1.);
#6165 = DIRECTION('',(1.,-0.));
#6166 = ( GEOMETRIC_REPRESENTATION_CONTEXT(2) 
PARAMETRIC_REPRESENTATION_CONTEXT() REPRESENTATION_CONTEXT('2D SPACE',''
  ) );
#6167 = ORIENTED_EDGE('',*,*,#5971,.F.);
#6168 = ORIENTED_EDGE('',*,*,#5507,.F.);
#6169 = ADVANCED_FACE('',(#6170),#5603,.F.);
#6170 = FACE_BOUND('',#6171,.F.);
#6171 = EDGE_LOOP('',(#6172,#6173,#6174,#6195));
#6172 = ORIENTED_EDGE('',*,*,#5587,.T.);
#6173 = ORIENTED_EDGE('',*,*,#5848,.T.);
#6174 = ORIENTED_EDGE('',*,*,#6175,.F.);
#6175 = EDGE_CURVE('',#5693,#5849,#6176,.T.);
#6176 = SURFACE_CURVE('',#6177,(#6181,#6188),.PCURVE_S1.);
#6177 = LINE('',#6178,#6179);
#6178 = CARTESIAN_POINT('',(3.5,-3.5,6.));
#6179 = VECTOR('',#6180,1.);
#6180 = DIRECTION('',(0.,-1.,6.7E-16));
#6181 = PCURVE('',#5603,#6182);
#6182 = DEFINITIONAL_REPRESENTATION('',(#6183),#6187);
#6183 = LINE('',#6184,#6185);
#6184 = CARTESIAN_POINT('',(6.,0.));
#6185 = VECTOR('',#6186,1.);
#6186 = DIRECTION('',(0.,-1.));
#6187 = ( GEOMETRIC_REPRESENTATION_CONTEXT(2) 
PARAMETRIC_REPRESENTATION_CONTEXT() REPRESENTATION_CONTEXT('2D SPACE',''
  ) );
#6188 = PCURVE('',#5731,#6189);
#6189 = DEFINITIONAL_REPRESENTATION('',(#6190),#6194);
#6190 = LINE('',#6191,#6192);
#6191 = CARTESIAN_POINT('',(0.,0.));
#6192 = VECTOR('',#6193,1.);
#6193 = DIRECTION('',(0.,-1.));
#6194 = ( GEOMETRIC_REPRESENTATION_CONTEXT(2) 
PARAMETRIC_REPRESENTATION_CONTEXT() REPRESENTATION_CONTEXT('2D SPACE',''
  ) );
#6195 = ORIENTED_EDGE('',*,*,#5692,.F.);
#6196 = ADVANCED_FACE('',(#6197),#5657,.F.);
#6197 = FACE_BOUND('',#6198,.F.);
#6198 = EDGE_LOOP('',(#6199,#6220,#6221,#6222));
#6199 = ORIENTED_EDGE('',*,*,#6200,.T.);
#6200 = EDGE_CURVE('',#5640,#5801,#6201,.T.);
#6201 = SURFACE_CURVE('',#6202,(#6206,#6213),.PCURVE_S1.);
#6202 = LINE('',#6203,#6204);
#6203 = CARTESIAN_POINT('',(-2.,-3.5,8.6));
#6204 = VECTOR('',#6205,1.);
#6205 = DIRECTION('',(0.,-1.,6.7E-16));
#6206 = PCURVE('',#5657,#6207);
#6207 = DEFINITIONAL_REPRESENTATION('',(#6208),#6212);
#6208 = LINE('',#6209,#6210);
#6209 = CARTESIAN_POINT('',(-0.,0.));
#6210 = VECTOR('',#6211,1.);
#6211 = DIRECTION('',(0.,-1.));
#6212 = ( GEOMETRIC_REPRESENTATION_CONTEXT(2) 
PARAMETRIC_REPRESENTATION_CONTEXT() REPRESENTATION_CONTEXT('2D SPACE',''
  ) );
#6213 = PCURVE('',#5785,#6214);
#6214 = DEFINITIONAL_REPRESENTATION('',(#6215),#6219);
#6215 = LINE('',#6216,#6217);
#6216 = CARTESIAN_POINT('',(0.,0.));
#6217 = VECTOR('',#6218,1.);
#6218 = DIRECTION('',(0.,-1.));
#6219 = ( GEOMETRIC_REPRESENTATION_CONTEXT(2) 
PARAMETRIC_REPRESENTATION_CONTEXT() REPRESENTATION_CONTEXT('2D SPACE',''
  ) );
#6220 = ORIENTED_EDGE('',*,*,#5800,.T.);
#6221 = ORIENTED_EDGE('',*,*,#5943,.F.);
#6222 = ORIENTED_EDGE('',*,*,#5639,.F.);
#6223 = ADVANCED_FACE('',(#6224),#5731,.F.);
#6224 = FACE_BOUND('',#6225,.F.);
#6225 = EDGE_LOOP('',(#6226,#6227,#6228,#6249));
#6226 = ORIENTED_EDGE('',*,*,#6175,.T.);
#6227 = ORIENTED_EDGE('',*,*,#5871,.T.);
#6228 = ORIENTED_EDGE('',*,*,#6229,.F.);
#6229 = EDGE_CURVE('',#5716,#5872,#6230,.T.);
#6230 = SURFACE_CURVE('',#6231,(#6235,#6242),.PCURVE_S1.);
#6231 = LINE('',#6232,#6233);
#6232 = CARTESIAN_POINT('',(2.9,-3.5,6.));
#6233 = VECTOR('',#6234,1.);
#6234 = DIRECTION('',(0.,-1.,6.7E-16));
#6235 = PCURVE('',#5731,#6236);
#6236 = DEFINITIONAL_REPRESENTATION('',(#6237),#6241);
#6237 = LINE('',#6238,#6239);
#6238 = CARTESIAN_POINT('',(0.6,0.));
#6239 = VECTOR('',#6240,1.);
#6240 = DIRECTION('',(0.,-1.));
#6241 = ( GEOMETRIC_REPRESENTATION_CONTEXT(2) 
PARAMETRIC_REPRESENTATION_CONTEXT() REPRESENTATION_CONTEXT('2D SPACE',''
  ) );
#6242 = PCURVE('',#5759,#6243);
#6243 = DEFINITIONAL_REPRESENTATION('',(#6244),#6248);
#6244 = LINE('',#6245,#6246);
#6245 = CARTESIAN_POINT('',(2.75136329844,-0.));
#6246 = VECTOR('',#6247,1.);
#6247 = DIRECTION('',(0.,-1.));
#6248 = ( GEOMETRIC_REPRESENTATION_CONTEXT(2) 
PARAMETRIC_REPRESENTATION_CONTEXT() REPRESENTATION_CONTEXT('2D SPACE',''
  ) );
#6249 = ORIENTED_EDGE('',*,*,#5715,.F.);
#6250 = ADVANCED_FACE('',(#6251),#5759,.T.);
#6251 = FACE_BOUND('',#6252,.T.);
#6252 = EDGE_LOOP('',(#6253,#6274,#6275,#6276));
#6253 = ORIENTED_EDGE('',*,*,#6254,.T.);
#6254 = EDGE_CURVE('',#5744,#5895,#6255,.T.);
#6255 = SURFACE_CURVE('',#6256,(#6260,#6267),.PCURVE_S1.);
#6256 = LINE('',#6257,#6258);
#6257 = CARTESIAN_POINT('',(2.,-3.5,8.6));
#6258 = VECTOR('',#6259,1.);
#6259 = DIRECTION('',(0.,-1.,6.7E-16));
#6260 = PCURVE('',#5759,#6261);
#6261 = DEFINITIONAL_REPRESENTATION('',(#6262),#6266);
#6262 = LINE('',#6263,#6264);
#6263 = CARTESIAN_POINT('',(0.,0.));
#6264 = VECTOR('',#6265,1.);
#6265 = DIRECTION('',(0.,-1.));
#6266 = ( GEOMETRIC_REPRESENTATION_CONTEXT(2) 
PARAMETRIC_REPRESENTATION_CONTEXT() REPRESENTATION_CONTEXT('2D SPACE',''
  ) );
#6267 = PCURVE('',#5785,#6268);
#6268 = DEFINITIONAL_REPRESENTATION('',(#6269),#6273);
#6269 = LINE('',#6270,#6271);
#6270 = CARTESIAN_POINT('',(4.,0.));
#6271 = VECTOR('',#6272,1.);
#6272 = DIRECTION('',(0.,-1.));
#6273 = ( GEOMETRIC_REPRESENTATION_CONTEXT(2) 
PARAMETRIC_REPRESENTATION_CONTEXT() REPRESENTATION_CONTEXT('2D SPACE',''
  ) );
#6274 = ORIENTED_EDGE('',*,*,#5894,.T.);
#6275 = ORIENTED_EDGE('',*,*,#6229,.F.);
#6276 = ORIENTED_EDGE('',*,*,#5743,.F.);
#6277 = ADVANCED_FACE('',(#6278,#6284),#5785,.T.);
#6278 = FACE_BOUND('',#6279,.T.);
#6279 = EDGE_LOOP('',(#6280,#6281,#6282,#6283));
#6280 = ORIENTED_EDGE('',*,*,#6200,.T.);
#6281 = ORIENTED_EDGE('',*,*,#5917,.T.);
#6282 = ORIENTED_EDGE('',*,*,#6254,.F.);
#6283 = ORIENTED_EDGE('',*,*,#5771,.F.);
#6284 = FACE_BOUND('',#6285,.T.);
#6285 = EDGE_LOOP('',(#6286));
#6286 = ORIENTED_EDGE('',*,*,#6287,.F.);
#6287 = EDGE_CURVE('',#6288,#6288,#6290,.T.);
#6288 = VERTEX_POINT('',#6289);
#6289 = CARTESIAN_POINT('',(1.5,-5.25,8.6));
#6290 = SURFACE_CURVE('',#6291,(#6296,#6303),.PCURVE_S1.);
#6291 = CIRCLE('',#6292,1.5);
#6292 = AXIS2_PLACEMENT_3D('',#6293,#6294,#6295);
#6293 = CARTESIAN_POINT('',(0.,-5.25,8.6));
#6294 = DIRECTION('',(-0.,2.2E-16,1.));
#6295 = DIRECTION('',(1.,0.,0.));
#6296 = PCURVE('',#5785,#6297);
#6297 = DEFINITIONAL_REPRESENTATION('',(#6298),#6302);
#6298 = CIRCLE('',#6299,1.5);
#6299 = AXIS2_PLACEMENT_2D('',#6300,#6301);
#6300 = CARTESIAN_POINT('',(2.,-1.75));
#6301 = DIRECTION('',(1.,0.));
#6302 = ( GEOMETRIC_REPRESENTATION_CONTEXT(2) 
PARAMETRIC_REPRESENTATION_CONTEXT() REPRESENTATION_CONTEXT('2D SPACE',''
  ) );
#6303 = PCURVE('',#6304,#6309);
#6304 = CYLINDRICAL_SURFACE('',#6305,1.5);
#6305 = AXIS2_PLACEMENT_3D('',#6306,#6307,#6308);
#6306 = CARTESIAN_POINT('',(0.,-5.25,8.6));
#6307 = DIRECTION('',(0.,4.4E-16,1.));
#6308 = DIRECTION('',(1.,0.,0.));
#6309 = DEFINITIONAL_REPRESENTATION('',(#6310),#6313);
#6310 = B_SPLINE_CURVE_WITH_KNOTS('',1,(#6311,#6312),.UNSPECIFIED.,.F.,
  .F.,(2,2),(0.,6.28318530718),.PIECEWISE_BEZIER_KNOTS.);
#6311 = CARTESIAN_POINT('',(0.,0.));
#6312 = CARTESIAN_POINT('',(6.28318530718,0.));
#6313 = ( GEOMETRIC_REPRESENTATION_CONTEXT(2) 
PARAMETRIC_REPRESENTATION_CONTEXT() REPRESENTATION_CONTEXT('2D SPACE',''
  ) );
#6314 = ADVANCED_FACE('',(#6315),#6010,.T.);
#6315 = FACE_BOUND('',#6316,.T.);
#6316 = EDGE_LOOP('',(#6317,#6318,#6319,#6320));
#6317 = ORIENTED_EDGE('',*,*,#6147,.T.);
#6318 = ORIENTED_EDGE('',*,*,#5994,.T.);
#6319 = ORIENTED_EDGE('',*,*,#6047,.T.);
#6320 = ORIENTED_EDGE('',*,*,#6097,.T.);
#6321 = ADVANCED_FACE('',(#6322),#6304,.F.);
#6322 = FACE_BOUND('',#6323,.F.);
#6323 = EDGE_LOOP('',(#6324,#6345,#6371,#6372));
#6324 = ORIENTED_EDGE('',*,*,#6325,.T.);
#6325 = EDGE_CURVE('',#6288,#6326,#6328,.T.);
#6326 = VERTEX_POINT('',#6327);
#6327 = CARTESIAN_POINT('',(1.5,-5.25,7.6));
#6328 = SEAM_CURVE('',#6329,(#6333,#6339),.PCURVE_S1.);
#6329 = LINE('',#6330,#6331);
#6330 = CARTESIAN_POINT('',(1.5,-5.25,8.6));
#6331 = VECTOR('',#6332,1.);
#6332 = DIRECTION('',(0.,-4.4E-16,-1.));
#6333 = PCURVE('',#6304,#6334);
#6334 = DEFINITIONAL_REPRESENTATION('',(#6335),#6338);
#6335 = B_SPLINE_CURVE_WITH_KNOTS('',1,(#6336,#6337),.UNSPECIFIED.,.F.,
  .F.,(2,2),(0.,1.),.PIECEWISE_BEZIER_KNOTS.);
#6336 = CARTESIAN_POINT('',(0.,0.));
#6337 = CARTESIAN_POINT('',(0.,-1.));
#6338 = ( GEOMETRIC_REPRESENTATION_CONTEXT(2) 
PARAMETRIC_REPRESENTATION_CONTEXT() REPRESENTATION_CONTEXT('2D SPACE',''
  ) );
#6339 = PCURVE('',#6304,#6340);
#6340 = DEFINITIONAL_REPRESENTATION('',(#6341),#6344);
#6341 = B_SPLINE_CURVE_WITH_KNOTS('',1,(#6342,#6343),.UNSPECIFIED.,.F.,
  .F.,(2,2),(0.,1.),.PIECEWISE_BEZIER_KNOTS.);
#6342 = CARTESIAN_POINT('',(6.28318530718,0.));
#6343 = CARTESIAN_POINT('',(6.28318530718,-1.));
#6344 = ( GEOMETRIC_REPRESENTATION_CONTEXT(2) 
PARAMETRIC_REPRESENTATION_CONTEXT() REPRESENTATION_CONTEXT('2D SPACE',''
  ) );
#6345 = ORIENTED_EDGE('',*,*,#6346,.T.);
#6346 = EDGE_CURVE('',#6326,#6326,#6347,.T.);
#6347 = SURFACE_CURVE('',#6348,(#6353,#6359),.PCURVE_S1.);
#6348 = CIRCLE('',#6349,1.5);
#6349 = AXIS2_PLACEMENT_3D('',#6350,#6351,#6352);
#6350 = CARTESIAN_POINT('',(0.,-5.25,7.6));
#6351 = DIRECTION('',(-0.,2.2E-16,1.));
#6352 = DIRECTION('',(1.,0.,0.));
#6353 = PCURVE('',#6304,#6354);
#6354 = DEFINITIONAL_REPRESENTATION('',(#6355),#6358);
#6355 = B_SPLINE_CURVE_WITH_KNOTS('',1,(#6356,#6357),.UNSPECIFIED.,.F.,
  .F.,(2,2),(0.,6.28318530718),.PIECEWISE_BEZIER_KNOTS.);
#6356 = CARTESIAN_POINT('',(0.,-1.));
#6357 = CARTESIAN_POINT('',(6.28318530718,-1.));
#6358 = ( GEOMETRIC_REPRESENTATION_CONTEXT(2) 
PARAMETRIC_REPRESENTATION_CONTEXT() REPRESENTATION_CONTEXT('2D SPACE',''
  ) );
#6359 = PCURVE('',#6360,#6365);
#6360 = PLANE('',#6361);
#6361 = AXIS2_PLACEMENT_3D('',#6362,#6363,#6364);
#6362 = CARTESIAN_POINT('',(-9.E-17,-5.25,7.6));
#6363 = DIRECTION('',(0.,2.2E-16,1.));
#6364 = DIRECTION('',(1.,0.,0.));
#6365 = DEFINITIONAL_REPRESENTATION('',(#6366),#6370);
#6366 = CIRCLE('',#6367,1.5);
#6367 = AXIS2_PLACEMENT_2D('',#6368,#6369);
#6368 = CARTESIAN_POINT('',(9.E-17,0.));
#6369 = DIRECTION('',(1.,0.));
#6370 = ( GEOMETRIC_REPRESENTATION_CONTEXT(2) 
PARAMETRIC_REPRESENTATION_CONTEXT() REPRESENTATION_CONTEXT('2D SPACE',''
  ) );
#6371 = ORIENTED_EDGE('',*,*,#6325,.F.);
#6372 = ORIENTED_EDGE('',*,*,#6287,.F.);
#6373 = ADVANCED_FACE('',(#6374),#6360,.T.);
#6374 = FACE_BOUND('',#6375,.T.);
#6375 = EDGE_LOOP('',(#6376));
#6376 = ORIENTED_EDGE('',*,*,#6346,.T.);
#6377 = ( GEOMETRIC_REPRESENTATION_CONTEXT(3) 
GLOBAL_UNCERTAINTY_ASSIGNED_CONTEXT((#6381)) 
GLOBAL_UNIT_ASSIGNED_CONTEXT((#6378,#6379,#6380)) REPRESENTATION_CONTEXT
('Context #1','3D Context with UNIT and UNCERTAINTY') );
#6378 = ( LENGTH_UNIT() NAMED_UNIT(*) SI_UNIT(.MILLI.,.METRE.) );
#6379 = ( NAMED_UNIT(*) PLANE_ANGLE_UNIT() SI_UNIT($,.RADIAN.) );
#6380 = ( NAMED_UNIT(*) SI_UNIT($,.STERADIAN.) SOLID_ANGLE_UNIT() );
#6381 = UNCERTAINTY_MEASURE_WITH_UNIT(LENGTH_MEASURE(2.E-05),#6378,
  'distance_accuracy_value','confusion accuracy');
#6382 = PRODUCT_RELATED_PRODUCT_CATEGORY('part',$,(#4855));
#6383 = SHAPE_DEFINITION_REPRESENTATION(#6384,#6390);
#6384 = PRODUCT_DEFINITION_SHAPE('','',#6385);
#6385 = PRODUCT_DEFINITION('design','',#6386,#6389);
#6386 = PRODUCT_DEFINITION_FORMATION('','',#6387);
#6387 = PRODUCT('Pin002','Pin002','',(#6388));
#6388 = PRODUCT_CONTEXT('',#2,'mechanical');
#6389 = PRODUCT_DEFINITION_CONTEXT('part definition',#2,'design');
#6390 = ADVANCED_BREP_SHAPE_REPRESENTATION('',(#11,#6391),#6877);
#6391 = MANIFOLD_SOLID_BREP('',#6392);
#6392 = CLOSED_SHELL('',(#6393,#6513,#6645,#6694,#6743,#6816,#6843,#6870
    ));
#6393 = ADVANCED_FACE('',(#6394),#6408,.F.);
#6394 = FACE_BOUND('',#6395,.F.);
#6395 = EDGE_LOOP('',(#6396,#6431,#6459,#6487));
#6396 = ORIENTED_EDGE('',*,*,#6397,.T.);
#6397 = EDGE_CURVE('',#6398,#6400,#6402,.T.);
#6398 = VERTEX_POINT('',#6399);
#6399 = CARTESIAN_POINT('',(-0.155067,-4.861072,0.));
#6400 = VERTEX_POINT('',#6401);
#6401 = CARTESIAN_POINT('',(-0.155067,-4.861072,-3.3));
#6402 = SURFACE_CURVE('',#6403,(#6407,#6419),.PCURVE_S1.);
#6403 = LINE('',#6404,#6405);
#6404 = CARTESIAN_POINT('',(-0.155067,-4.861072,0.));
#6405 = VECTOR('',#6406,1.);
#6406 = DIRECTION('',(-0.,-0.,-1.));
#6407 = PCURVE('',#6408,#6413);
#6408 = PLANE('',#6409);
#6409 = AXIS2_PLACEMENT_3D('',#6410,#6411,#6412);
#6410 = CARTESIAN_POINT('',(-0.155067,-4.861072,0.));
#6411 = DIRECTION('',(0.,-1.,0.));
#6412 = DIRECTION('',(1.,0.,0.));
#6413 = DEFINITIONAL_REPRESENTATION('',(#6414),#6418);
#6414 = LINE('',#6415,#6416);
#6415 = CARTESIAN_POINT('',(0.,0.));
#6416 = VECTOR('',#6417,1.);
#6417 = DIRECTION('',(0.,-1.));
#6418 = ( GEOMETRIC_REPRESENTATION_CONTEXT(2) 
PARAMETRIC_REPRESENTATION_CONTEXT() REPRESENTATION_CONTEXT('2D SPACE',''
  ) );
#6419 = PCURVE('',#6420,#6425);
#6420 = PLANE('',#6421);
#6421 = AXIS2_PLACEMENT_3D('',#6422,#6423,#6424);
#6422 = CARTESIAN_POINT('',(-0.155067,-5.632777,0.));
#6423 = DIRECTION('',(1.,0.,0.));
#6424 = DIRECTION('',(0.,1.,0.));
#6425 = DEFINITIONAL_REPRESENTATION('',(#6426),#6430);
#6426 = LINE('',#6427,#6428);
#6427 = CARTESIAN_POINT('',(0.771705,0.));
#6428 = VECTOR('',#6429,1.);
#6429 = DIRECTION('',(0.,-1.));
#6430 = ( GEOMETRIC_REPRESENTATION_CONTEXT(2) 
PARAMETRIC_REPRESENTATION_CONTEXT() REPRESENTATION_CONTEXT('2D SPACE',''
  ) );
#6431 = ORIENTED_EDGE('',*,*,#6432,.T.);
#6432 = EDGE_CURVE('',#6400,#6433,#6435,.T.);
#6433 = VERTEX_POINT('',#6434);
#6434 = CARTESIAN_POINT('',(0.159189,-4.861072,-3.3));
#6435 = SURFACE_CURVE('',#6436,(#6440,#6447),.PCURVE_S1.);
#6436 = LINE('',#6437,#6438);
#6437 = CARTESIAN_POINT('',(-0.155067,-4.861072,-3.3));
#6438 = VECTOR('',#6439,1.);
#6439 = DIRECTION('',(1.,0.,0.));
#6440 = PCURVE('',#6408,#6441);
#6441 = DEFINITIONAL_REPRESENTATION('',(#6442),#6446);
#6442 = LINE('',#6443,#6444);
#6443 = CARTESIAN_POINT('',(0.,-3.3));
#6444 = VECTOR('',#6445,1.);
#6445 = DIRECTION('',(1.,0.));
#6446 = ( GEOMETRIC_REPRESENTATION_CONTEXT(2) 
PARAMETRIC_REPRESENTATION_CONTEXT() REPRESENTATION_CONTEXT('2D SPACE',''
  ) );
#6447 = PCURVE('',#6448,#6453);
#6448 = PLANE('',#6449);
#6449 = AXIS2_PLACEMENT_3D('',#6450,#6451,#6452);
#6450 = CARTESIAN_POINT('',(-0.155067,-5.011072,-3.45));
#6451 = DIRECTION('',(0.,-0.707106781187,0.707106781187));
#6452 = DIRECTION('',(-1.,-0.,-0.));
#6453 = DEFINITIONAL_REPRESENTATION('',(#6454),#6458);
#6454 = LINE('',#6455,#6456);
#6455 = CARTESIAN_POINT('',(-0.,-0.212132034356));
#6456 = VECTOR('',#6457,1.);
#6457 = DIRECTION('',(-1.,0.));
#6458 = ( GEOMETRIC_REPRESENTATION_CONTEXT(2) 
PARAMETRIC_REPRESENTATION_CONTEXT() REPRESENTATION_CONTEXT('2D SPACE',''
  ) );
#6459 = ORIENTED_EDGE('',*,*,#6460,.F.);
#6460 = EDGE_CURVE('',#6461,#6433,#6463,.T.);
#6461 = VERTEX_POINT('',#6462);
#6462 = CARTESIAN_POINT('',(0.159189,-4.861072,0.));
#6463 = SURFACE_CURVE('',#6464,(#6468,#6475),.PCURVE_S1.);
#6464 = LINE('',#6465,#6466);
#6465 = CARTESIAN_POINT('',(0.159189,-4.861072,0.));
#6466 = VECTOR('',#6467,1.);
#6467 = DIRECTION('',(-0.,-0.,-1.));
#6468 = PCURVE('',#6408,#6469);
#6469 = DEFINITIONAL_REPRESENTATION('',(#6470),#6474);
#6470 = LINE('',#6471,#6472);
#6471 = CARTESIAN_POINT('',(0.314256,0.));
#6472 = VECTOR('',#6473,1.);
#6473 = DIRECTION('',(0.,-1.));
#6474 = ( GEOMETRIC_REPRESENTATION_CONTEXT(2) 
PARAMETRIC_REPRESENTATION_CONTEXT() REPRESENTATION_CONTEXT('2D SPACE',''
  ) );
#6475 = PCURVE('',#6476,#6481);
#6476 = PLANE('',#6477);
#6477 = AXIS2_PLACEMENT_3D('',#6478,#6479,#6480);
#6478 = CARTESIAN_POINT('',(0.159189,-4.861072,0.));
#6479 = DIRECTION('',(-1.,0.,0.));
#6480 = DIRECTION('',(0.,-1.,0.));
#6481 = DEFINITIONAL_REPRESENTATION('',(#6482),#6486);
#6482 = LINE('',#6483,#6484);
#6483 = CARTESIAN_POINT('',(0.,0.));
#6484 = VECTOR('',#6485,1.);
#6485 = DIRECTION('',(0.,-1.));
#6486 = ( GEOMETRIC_REPRESENTATION_CONTEXT(2) 
PARAMETRIC_REPRESENTATION_CONTEXT() REPRESENTATION_CONTEXT('2D SPACE',''
  ) );
#6487 = ORIENTED_EDGE('',*,*,#6488,.F.);
#6488 = EDGE_CURVE('',#6398,#6461,#6489,.T.);
#6489 = SURFACE_CURVE('',#6490,(#6494,#6501),.PCURVE_S1.);
#6490 = LINE('',#6491,#6492);
#6491 = CARTESIAN_POINT('',(-0.155067,-4.861072,0.));
#6492 = VECTOR('',#6493,1.);
#6493 = DIRECTION('',(1.,0.,0.));
#6494 = PCURVE('',#6408,#6495);
#6495 = DEFINITIONAL_REPRESENTATION('',(#6496),#6500);
#6496 = LINE('',#6497,#6498);
#6497 = CARTESIAN_POINT('',(0.,0.));
#6498 = VECTOR('',#6499,1.);
#6499 = DIRECTION('',(1.,0.));
#6500 = ( GEOMETRIC_REPRESENTATION_CONTEXT(2) 
PARAMETRIC_REPRESENTATION_CONTEXT() REPRESENTATION_CONTEXT('2D SPACE',''
  ) );
#6501 = PCURVE('',#6502,#6507);
#6502 = PLANE('',#6503);
#6503 = AXIS2_PLACEMENT_3D('',#6504,#6505,#6506);
#6504 = CARTESIAN_POINT('',(2.061E-03,-5.2469245,0.));
#6505 = DIRECTION('',(-0.,-0.,-1.));
#6506 = DIRECTION('',(-1.,0.,0.));
#6507 = DEFINITIONAL_REPRESENTATION('',(#6508),#6512);
#6508 = LINE('',#6509,#6510);
#6509 = CARTESIAN_POINT('',(0.157128,0.3858525));
#6510 = VECTOR('',#6511,1.);
#6511 = DIRECTION('',(-1.,0.));
#6512 = ( GEOMETRIC_REPRESENTATION_CONTEXT(2) 
PARAMETRIC_REPRESENTATION_CONTEXT() REPRESENTATION_CONTEXT('2D SPACE',''
  ) );
#6513 = ADVANCED_FACE('',(#6514),#6420,.F.);
#6514 = FACE_BOUND('',#6515,.F.);
#6515 = EDGE_LOOP('',(#6516,#6546,#6574,#6602,#6623,#6624));
#6516 = ORIENTED_EDGE('',*,*,#6517,.T.);
#6517 = EDGE_CURVE('',#6518,#6520,#6522,.T.);
#6518 = VERTEX_POINT('',#6519);
#6519 = CARTESIAN_POINT('',(-0.155067,-5.632777,0.));
#6520 = VERTEX_POINT('',#6521);
#6521 = CARTESIAN_POINT('',(-0.155067,-5.632777,-3.3));
#6522 = SURFACE_CURVE('',#6523,(#6527,#6534),.PCURVE_S1.);
#6523 = LINE('',#6524,#6525);
#6524 = CARTESIAN_POINT('',(-0.155067,-5.632777,0.));
#6525 = VECTOR('',#6526,1.);
#6526 = DIRECTION('',(-0.,-0.,-1.));
#6527 = PCURVE('',#6420,#6528);
#6528 = DEFINITIONAL_REPRESENTATION('',(#6529),#6533);
#6529 = LINE('',#6530,#6531);
#6530 = CARTESIAN_POINT('',(0.,0.));
#6531 = VECTOR('',#6532,1.);
#6532 = DIRECTION('',(0.,-1.));
#6533 = ( GEOMETRIC_REPRESENTATION_CONTEXT(2) 
PARAMETRIC_REPRESENTATION_CONTEXT() REPRESENTATION_CONTEXT('2D SPACE',''
  ) );
#6534 = PCURVE('',#6535,#6540);
#6535 = PLANE('',#6536);
#6536 = AXIS2_PLACEMENT_3D('',#6537,#6538,#6539);
#6537 = CARTESIAN_POINT('',(0.159189,-5.632777,0.));
#6538 = DIRECTION('',(0.,1.,0.));
#6539 = DIRECTION('',(-1.,0.,0.));
#6540 = DEFINITIONAL_REPRESENTATION('',(#6541),#6545);
#6541 = LINE('',#6542,#6543);
#6542 = CARTESIAN_POINT('',(0.314256,0.));
#6543 = VECTOR('',#6544,1.);
#6544 = DIRECTION('',(0.,-1.));
#6545 = ( GEOMETRIC_REPRESENTATION_CONTEXT(2) 
PARAMETRIC_REPRESENTATION_CONTEXT() REPRESENTATION_CONTEXT('2D SPACE',''
  ) );
#6546 = ORIENTED_EDGE('',*,*,#6547,.T.);
#6547 = EDGE_CURVE('',#6520,#6548,#6550,.T.);
#6548 = VERTEX_POINT('',#6549);
#6549 = CARTESIAN_POINT('',(-0.155067,-5.332777,-3.6));
#6550 = SURFACE_CURVE('',#6551,(#6555,#6562),.PCURVE_S1.);
#6551 = LINE('',#6552,#6553);
#6552 = CARTESIAN_POINT('',(-0.155067,-6.382777,-2.55));
#6553 = VECTOR('',#6554,1.);
#6554 = DIRECTION('',(0.,0.707106781187,-0.707106781187));
#6555 = PCURVE('',#6420,#6556);
#6556 = DEFINITIONAL_REPRESENTATION('',(#6557),#6561);
#6557 = LINE('',#6558,#6559);
#6558 = CARTESIAN_POINT('',(-0.75,-2.55));
#6559 = VECTOR('',#6560,1.);
#6560 = DIRECTION('',(0.707106781187,-0.707106781187));
#6561 = ( GEOMETRIC_REPRESENTATION_CONTEXT(2) 
PARAMETRIC_REPRESENTATION_CONTEXT() REPRESENTATION_CONTEXT('2D SPACE',''
  ) );
#6562 = PCURVE('',#6563,#6568);
#6563 = PLANE('',#6564);
#6564 = AXIS2_PLACEMENT_3D('',#6565,#6566,#6567);
#6565 = CARTESIAN_POINT('',(0.159189,-5.482777,-3.45));
#6566 = DIRECTION('',(0.,0.707106781187,0.707106781187));
#6567 = DIRECTION('',(1.,0.,0.));
#6568 = DEFINITIONAL_REPRESENTATION('',(#6569),#6573);
#6569 = LINE('',#6570,#6571);
#6570 = CARTESIAN_POINT('',(-0.314256,-1.272792206136));
#6571 = VECTOR('',#6572,1.);
#6572 = DIRECTION('',(-0.,1.));
#6573 = ( GEOMETRIC_REPRESENTATION_CONTEXT(2) 
PARAMETRIC_REPRESENTATION_CONTEXT() REPRESENTATION_CONTEXT('2D SPACE',''
  ) );
#6574 = ORIENTED_EDGE('',*,*,#6575,.T.);
#6575 = EDGE_CURVE('',#6548,#6576,#6578,.T.);
#6576 = VERTEX_POINT('',#6577);
#6577 = CARTESIAN_POINT('',(-0.155067,-5.161072,-3.6));
#6578 = SURFACE_CURVE('',#6579,(#6583,#6590),.PCURVE_S1.);
#6579 = LINE('',#6580,#6581);
#6580 = CARTESIAN_POINT('',(-0.155067,-5.632777,-3.6));
#6581 = VECTOR('',#6582,1.);
#6582 = DIRECTION('',(0.,1.,0.));
#6583 = PCURVE('',#6420,#6584);
#6584 = DEFINITIONAL_REPRESENTATION('',(#6585),#6589);
#6585 = LINE('',#6586,#6587);
#6586 = CARTESIAN_POINT('',(0.,-3.6));
#6587 = VECTOR('',#6588,1.);
#6588 = DIRECTION('',(1.,0.));
#6589 = ( GEOMETRIC_REPRESENTATION_CONTEXT(2) 
PARAMETRIC_REPRESENTATION_CONTEXT() REPRESENTATION_CONTEXT('2D SPACE',''
  ) );
#6590 = PCURVE('',#6591,#6596);
#6591 = PLANE('',#6592);
#6592 = AXIS2_PLACEMENT_3D('',#6593,#6594,#6595);
#6593 = CARTESIAN_POINT('',(2.061E-03,-5.2469245,-3.6));
#6594 = DIRECTION('',(-0.,-0.,-1.));
#6595 = DIRECTION('',(-1.,0.,0.));
#6596 = DEFINITIONAL_REPRESENTATION('',(#6597),#6601);
#6597 = LINE('',#6598,#6599);
#6598 = CARTESIAN_POINT('',(0.157128,-0.3858525));
#6599 = VECTOR('',#6600,1.);
#6600 = DIRECTION('',(0.,1.));
#6601 = ( GEOMETRIC_REPRESENTATION_CONTEXT(2) 
PARAMETRIC_REPRESENTATION_CONTEXT() REPRESENTATION_CONTEXT('2D SPACE',''
  ) );
#6602 = ORIENTED_EDGE('',*,*,#6603,.F.);
#6603 = EDGE_CURVE('',#6400,#6576,#6604,.T.);
#6604 = SURFACE_CURVE('',#6605,(#6609,#6616),.PCURVE_S1.);
#6605 = LINE('',#6606,#6607);
#6606 = CARTESIAN_POINT('',(-0.155067,-4.30399825,-2.74292625));
#6607 = VECTOR('',#6608,1.);
#6608 = DIRECTION('',(0.,-0.707106781187,-0.707106781187));
#6609 = PCURVE('',#6420,#6610);
#6610 = DEFINITIONAL_REPRESENTATION('',(#6611),#6615);
#6611 = LINE('',#6612,#6613);
#6612 = CARTESIAN_POINT('',(1.32877875,-2.74292625));
#6613 = VECTOR('',#6614,1.);
#6614 = DIRECTION('',(-0.707106781187,-0.707106781187));
#6615 = ( GEOMETRIC_REPRESENTATION_CONTEXT(2) 
PARAMETRIC_REPRESENTATION_CONTEXT() REPRESENTATION_CONTEXT('2D SPACE',''
  ) );
#6616 = PCURVE('',#6448,#6617);
#6617 = DEFINITIONAL_REPRESENTATION('',(#6618),#6622);
#6618 = LINE('',#6619,#6620);
#6619 = CARTESIAN_POINT('',(-0.,-0.999953286848));
#6620 = VECTOR('',#6621,1.);
#6621 = DIRECTION('',(-0.,1.));
#6622 = ( GEOMETRIC_REPRESENTATION_CONTEXT(2) 
PARAMETRIC_REPRESENTATION_CONTEXT() REPRESENTATION_CONTEXT('2D SPACE',''
  ) );
#6623 = ORIENTED_EDGE('',*,*,#6397,.F.);
#6624 = ORIENTED_EDGE('',*,*,#6625,.F.);
#6625 = EDGE_CURVE('',#6518,#6398,#6626,.T.);
#6626 = SURFACE_CURVE('',#6627,(#6631,#6638),.PCURVE_S1.);
#6627 = LINE('',#6628,#6629);
#6628 = CARTESIAN_POINT('',(-0.155067,-5.632777,0.));
#6629 = VECTOR('',#6630,1.);
#6630 = DIRECTION('',(0.,1.,0.));
#6631 = PCURVE('',#6420,#6632);
#6632 = DEFINITIONAL_REPRESENTATION('',(#6633),#6637);
#6633 = LINE('',#6634,#6635);
#6634 = CARTESIAN_POINT('',(0.,0.));
#6635 = VECTOR('',#6636,1.);
#6636 = DIRECTION('',(1.,0.));
#6637 = ( GEOMETRIC_REPRESENTATION_CONTEXT(2) 
PARAMETRIC_REPRESENTATION_CONTEXT() REPRESENTATION_CONTEXT('2D SPACE',''
  ) );
#6638 = PCURVE('',#6502,#6639);
#6639 = DEFINITIONAL_REPRESENTATION('',(#6640),#6644);
#6640 = LINE('',#6641,#6642);
#6641 = CARTESIAN_POINT('',(0.157128,-0.3858525));
#6642 = VECTOR('',#6643,1.);
#6643 = DIRECTION('',(0.,1.));
#6644 = ( GEOMETRIC_REPRESENTATION_CONTEXT(2) 
PARAMETRIC_REPRESENTATION_CONTEXT() REPRESENTATION_CONTEXT('2D SPACE',''
  ) );
#6645 = ADVANCED_FACE('',(#6646),#6448,.F.);
#6646 = FACE_BOUND('',#6647,.T.);
#6647 = EDGE_LOOP('',(#6648,#6649,#6650,#6673));
#6648 = ORIENTED_EDGE('',*,*,#6603,.F.);
#6649 = ORIENTED_EDGE('',*,*,#6432,.T.);
#6650 = ORIENTED_EDGE('',*,*,#6651,.T.);
#6651 = EDGE_CURVE('',#6433,#6652,#6654,.T.);
#6652 = VERTEX_POINT('',#6653);
#6653 = CARTESIAN_POINT('',(0.159189,-5.161072,-3.6));
#6654 = SURFACE_CURVE('',#6655,(#6659,#6666),.PCURVE_S1.);
#6655 = LINE('',#6656,#6657);
#6656 = CARTESIAN_POINT('',(0.159189,-4.111072,-2.55));
#6657 = VECTOR('',#6658,1.);
#6658 = DIRECTION('',(-0.,-0.707106781187,-0.707106781187));
#6659 = PCURVE('',#6448,#6660);
#6660 = DEFINITIONAL_REPRESENTATION('',(#6661),#6665);
#6661 = LINE('',#6662,#6663);
#6662 = CARTESIAN_POINT('',(-0.314256,-1.272792206136));
#6663 = VECTOR('',#6664,1.);
#6664 = DIRECTION('',(-0.,1.));
#6665 = ( GEOMETRIC_REPRESENTATION_CONTEXT(2) 
PARAMETRIC_REPRESENTATION_CONTEXT() REPRESENTATION_CONTEXT('2D SPACE',''
  ) );
#6666 = PCURVE('',#6476,#6667);
#6667 = DEFINITIONAL_REPRESENTATION('',(#6668),#6672);
#6668 = LINE('',#6669,#6670);
#6669 = CARTESIAN_POINT('',(-0.75,-2.55));
#6670 = VECTOR('',#6671,1.);
#6671 = DIRECTION('',(0.707106781187,-0.707106781187));
#6672 = ( GEOMETRIC_REPRESENTATION_CONTEXT(2) 
PARAMETRIC_REPRESENTATION_CONTEXT() REPRESENTATION_CONTEXT('2D SPACE',''
  ) );
#6673 = ORIENTED_EDGE('',*,*,#6674,.F.);
#6674 = EDGE_CURVE('',#6576,#6652,#6675,.T.);
#6675 = SURFACE_CURVE('',#6676,(#6680,#6687),.PCURVE_S1.);
#6676 = LINE('',#6677,#6678);
#6677 = CARTESIAN_POINT('',(-0.155067,-5.161072,-3.6));
#6678 = VECTOR('',#6679,1.);
#6679 = DIRECTION('',(1.,0.,0.));
#6680 = PCURVE('',#6448,#6681);
#6681 = DEFINITIONAL_REPRESENTATION('',(#6682),#6686);
#6682 = LINE('',#6683,#6684);
#6683 = CARTESIAN_POINT('',(-0.,0.212132034356));
#6684 = VECTOR('',#6685,1.);
#6685 = DIRECTION('',(-1.,0.));
#6686 = ( GEOMETRIC_REPRESENTATION_CONTEXT(2) 
PARAMETRIC_REPRESENTATION_CONTEXT() REPRESENTATION_CONTEXT('2D SPACE',''
  ) );
#6687 = PCURVE('',#6591,#6688);
#6688 = DEFINITIONAL_REPRESENTATION('',(#6689),#6693);
#6689 = LINE('',#6690,#6691);
#6690 = CARTESIAN_POINT('',(0.157128,8.58525E-02));
#6691 = VECTOR('',#6692,1.);
#6692 = DIRECTION('',(-1.,0.));
#6693 = ( GEOMETRIC_REPRESENTATION_CONTEXT(2) 
PARAMETRIC_REPRESENTATION_CONTEXT() REPRESENTATION_CONTEXT('2D SPACE',''
  ) );
#6694 = ADVANCED_FACE('',(#6695),#6502,.F.);
#6695 = FACE_BOUND('',#6696,.F.);
#6696 = EDGE_LOOP('',(#6697,#6698,#6721,#6742));
#6697 = ORIENTED_EDGE('',*,*,#6488,.T.);
#6698 = ORIENTED_EDGE('',*,*,#6699,.T.);
#6699 = EDGE_CURVE('',#6461,#6700,#6702,.T.);
#6700 = VERTEX_POINT('',#6701);
#6701 = CARTESIAN_POINT('',(0.159189,-5.632777,0.));
#6702 = SURFACE_CURVE('',#6703,(#6707,#6714),.PCURVE_S1.);
#6703 = LINE('',#6704,#6705);
#6704 = CARTESIAN_POINT('',(0.159189,-4.861072,0.));
#6705 = VECTOR('',#6706,1.);
#6706 = DIRECTION('',(0.,-1.,0.));
#6707 = PCURVE('',#6502,#6708);
#6708 = DEFINITIONAL_REPRESENTATION('',(#6709),#6713);
#6709 = LINE('',#6710,#6711);
#6710 = CARTESIAN_POINT('',(-0.157128,0.3858525));
#6711 = VECTOR('',#6712,1.);
#6712 = DIRECTION('',(0.,-1.));
#6713 = ( GEOMETRIC_REPRESENTATION_CONTEXT(2) 
PARAMETRIC_REPRESENTATION_CONTEXT() REPRESENTATION_CONTEXT('2D SPACE',''
  ) );
#6714 = PCURVE('',#6476,#6715);
#6715 = DEFINITIONAL_REPRESENTATION('',(#6716),#6720);
#6716 = LINE('',#6717,#6718);
#6717 = CARTESIAN_POINT('',(0.,0.));
#6718 = VECTOR('',#6719,1.);
#6719 = DIRECTION('',(1.,0.));
#6720 = ( GEOMETRIC_REPRESENTATION_CONTEXT(2) 
PARAMETRIC_REPRESENTATION_CONTEXT() REPRESENTATION_CONTEXT('2D SPACE',''
  ) );
#6721 = ORIENTED_EDGE('',*,*,#6722,.T.);
#6722 = EDGE_CURVE('',#6700,#6518,#6723,.T.);
#6723 = SURFACE_CURVE('',#6724,(#6728,#6735),.PCURVE_S1.);
#6724 = LINE('',#6725,#6726);
#6725 = CARTESIAN_POINT('',(0.159189,-5.632777,0.));
#6726 = VECTOR('',#6727,1.);
#6727 = DIRECTION('',(-1.,0.,0.));
#6728 = PCURVE('',#6502,#6729);
#6729 = DEFINITIONAL_REPRESENTATION('',(#6730),#6734);
#6730 = LINE('',#6731,#6732);
#6731 = CARTESIAN_POINT('',(-0.157128,-0.3858525));
#6732 = VECTOR('',#6733,1.);
#6733 = DIRECTION('',(1.,0.));
#6734 = ( GEOMETRIC_REPRESENTATION_CONTEXT(2) 
PARAMETRIC_REPRESENTATION_CONTEXT() REPRESENTATION_CONTEXT('2D SPACE',''
  ) );
#6735 = PCURVE('',#6535,#6736);
#6736 = DEFINITIONAL_REPRESENTATION('',(#6737),#6741);
#6737 = LINE('',#6738,#6739);
#6738 = CARTESIAN_POINT('',(0.,0.));
#6739 = VECTOR('',#6740,1.);
#6740 = DIRECTION('',(1.,0.));
#6741 = ( GEOMETRIC_REPRESENTATION_CONTEXT(2) 
PARAMETRIC_REPRESENTATION_CONTEXT() REPRESENTATION_CONTEXT('2D SPACE',''
  ) );
#6742 = ORIENTED_EDGE('',*,*,#6625,.T.);
#6743 = ADVANCED_FACE('',(#6744),#6476,.F.);
#6744 = FACE_BOUND('',#6745,.F.);
#6745 = EDGE_LOOP('',(#6746,#6747,#6748,#6771,#6794,#6815));
#6746 = ORIENTED_EDGE('',*,*,#6460,.T.);
#6747 = ORIENTED_EDGE('',*,*,#6651,.T.);
#6748 = ORIENTED_EDGE('',*,*,#6749,.T.);
#6749 = EDGE_CURVE('',#6652,#6750,#6752,.T.);
#6750 = VERTEX_POINT('',#6751);
#6751 = CARTESIAN_POINT('',(0.159189,-5.332777,-3.6));
#6752 = SURFACE_CURVE('',#6753,(#6757,#6764),.PCURVE_S1.);
#6753 = LINE('',#6754,#6755);
#6754 = CARTESIAN_POINT('',(0.159189,-4.861072,-3.6));
#6755 = VECTOR('',#6756,1.);
#6756 = DIRECTION('',(0.,-1.,0.));
#6757 = PCURVE('',#6476,#6758);
#6758 = DEFINITIONAL_REPRESENTATION('',(#6759),#6763);
#6759 = LINE('',#6760,#6761);
#6760 = CARTESIAN_POINT('',(0.,-3.6));
#6761 = VECTOR('',#6762,1.);
#6762 = DIRECTION('',(1.,0.));
#6763 = ( GEOMETRIC_REPRESENTATION_CONTEXT(2) 
PARAMETRIC_REPRESENTATION_CONTEXT() REPRESENTATION_CONTEXT('2D SPACE',''
  ) );
#6764 = PCURVE('',#6591,#6765);
#6765 = DEFINITIONAL_REPRESENTATION('',(#6766),#6770);
#6766 = LINE('',#6767,#6768);
#6767 = CARTESIAN_POINT('',(-0.157128,0.3858525));
#6768 = VECTOR('',#6769,1.);
#6769 = DIRECTION('',(0.,-1.));
#6770 = ( GEOMETRIC_REPRESENTATION_CONTEXT(2) 
PARAMETRIC_REPRESENTATION_CONTEXT() REPRESENTATION_CONTEXT('2D SPACE',''
  ) );
#6771 = ORIENTED_EDGE('',*,*,#6772,.F.);
#6772 = EDGE_CURVE('',#6773,#6750,#6775,.T.);
#6773 = VERTEX_POINT('',#6774);
#6774 = CARTESIAN_POINT('',(0.159189,-5.632777,-3.3));
#6775 = SURFACE_CURVE('',#6776,(#6780,#6787),.PCURVE_S1.);
#6776 = LINE('',#6777,#6778);
#6777 = CARTESIAN_POINT('',(0.159189,-6.18985075,-2.74292625));
#6778 = VECTOR('',#6779,1.);
#6779 = DIRECTION('',(0.,0.707106781187,-0.707106781187));
#6780 = PCURVE('',#6476,#6781);
#6781 = DEFINITIONAL_REPRESENTATION('',(#6782),#6786);
#6782 = LINE('',#6783,#6784);
#6783 = CARTESIAN_POINT('',(1.32877875,-2.74292625));
#6784 = VECTOR('',#6785,1.);
#6785 = DIRECTION('',(-0.707106781187,-0.707106781187));
#6786 = ( GEOMETRIC_REPRESENTATION_CONTEXT(2) 
PARAMETRIC_REPRESENTATION_CONTEXT() REPRESENTATION_CONTEXT('2D SPACE',''
  ) );
#6787 = PCURVE('',#6563,#6788);
#6788 = DEFINITIONAL_REPRESENTATION('',(#6789),#6793);
#6789 = LINE('',#6790,#6791);
#6790 = CARTESIAN_POINT('',(-0.,-0.999953286848));
#6791 = VECTOR('',#6792,1.);
#6792 = DIRECTION('',(-0.,1.));
#6793 = ( GEOMETRIC_REPRESENTATION_CONTEXT(2) 
PARAMETRIC_REPRESENTATION_CONTEXT() REPRESENTATION_CONTEXT('2D SPACE',''
  ) );
#6794 = ORIENTED_EDGE('',*,*,#6795,.F.);
#6795 = EDGE_CURVE('',#6700,#6773,#6796,.T.);
#6796 = SURFACE_CURVE('',#6797,(#6801,#6808),.PCURVE_S1.);
#6797 = LINE('',#6798,#6799);
#6798 = CARTESIAN_POINT('',(0.159189,-5.632777,0.));
#6799 = VECTOR('',#6800,1.);
#6800 = DIRECTION('',(-0.,-0.,-1.));
#6801 = PCURVE('',#6476,#6802);
#6802 = DEFINITIONAL_REPRESENTATION('',(#6803),#6807);
#6803 = LINE('',#6804,#6805);
#6804 = CARTESIAN_POINT('',(0.771705,0.));
#6805 = VECTOR('',#6806,1.);
#6806 = DIRECTION('',(0.,-1.));
#6807 = ( GEOMETRIC_REPRESENTATION_CONTEXT(2) 
PARAMETRIC_REPRESENTATION_CONTEXT() REPRESENTATION_CONTEXT('2D SPACE',''
  ) );
#6808 = PCURVE('',#6535,#6809);
#6809 = DEFINITIONAL_REPRESENTATION('',(#6810),#6814);
#6810 = LINE('',#6811,#6812);
#6811 = CARTESIAN_POINT('',(0.,0.));
#6812 = VECTOR('',#6813,1.);
#6813 = DIRECTION('',(0.,-1.));
#6814 = ( GEOMETRIC_REPRESENTATION_CONTEXT(2) 
PARAMETRIC_REPRESENTATION_CONTEXT() REPRESENTATION_CONTEXT('2D SPACE',''
  ) );
#6815 = ORIENTED_EDGE('',*,*,#6699,.F.);
#6816 = ADVANCED_FACE('',(#6817),#6535,.F.);
#6817 = FACE_BOUND('',#6818,.F.);
#6818 = EDGE_LOOP('',(#6819,#6820,#6841,#6842));
#6819 = ORIENTED_EDGE('',*,*,#6795,.T.);
#6820 = ORIENTED_EDGE('',*,*,#6821,.T.);
#6821 = EDGE_CURVE('',#6773,#6520,#6822,.T.);
#6822 = SURFACE_CURVE('',#6823,(#6827,#6834),.PCURVE_S1.);
#6823 = LINE('',#6824,#6825);
#6824 = CARTESIAN_POINT('',(0.159189,-5.632777,-3.3));
#6825 = VECTOR('',#6826,1.);
#6826 = DIRECTION('',(-1.,0.,0.));
#6827 = PCURVE('',#6535,#6828);
#6828 = DEFINITIONAL_REPRESENTATION('',(#6829),#6833);
#6829 = LINE('',#6830,#6831);
#6830 = CARTESIAN_POINT('',(0.,-3.3));
#6831 = VECTOR('',#6832,1.);
#6832 = DIRECTION('',(1.,0.));
#6833 = ( GEOMETRIC_REPRESENTATION_CONTEXT(2) 
PARAMETRIC_REPRESENTATION_CONTEXT() REPRESENTATION_CONTEXT('2D SPACE',''
  ) );
#6834 = PCURVE('',#6563,#6835);
#6835 = DEFINITIONAL_REPRESENTATION('',(#6836),#6840);
#6836 = LINE('',#6837,#6838);
#6837 = CARTESIAN_POINT('',(-0.,-0.212132034356));
#6838 = VECTOR('',#6839,1.);
#6839 = DIRECTION('',(-1.,0.));
#6840 = ( GEOMETRIC_REPRESENTATION_CONTEXT(2) 
PARAMETRIC_REPRESENTATION_CONTEXT() REPRESENTATION_CONTEXT('2D SPACE',''
  ) );
#6841 = ORIENTED_EDGE('',*,*,#6517,.F.);
#6842 = ORIENTED_EDGE('',*,*,#6722,.F.);
#6843 = ADVANCED_FACE('',(#6844),#6563,.F.);
#6844 = FACE_BOUND('',#6845,.T.);
#6845 = EDGE_LOOP('',(#6846,#6847,#6848,#6849));
#6846 = ORIENTED_EDGE('',*,*,#6772,.F.);
#6847 = ORIENTED_EDGE('',*,*,#6821,.T.);
#6848 = ORIENTED_EDGE('',*,*,#6547,.T.);
#6849 = ORIENTED_EDGE('',*,*,#6850,.F.);
#6850 = EDGE_CURVE('',#6750,#6548,#6851,.T.);
#6851 = SURFACE_CURVE('',#6852,(#6856,#6863),.PCURVE_S1.);
#6852 = LINE('',#6853,#6854);
#6853 = CARTESIAN_POINT('',(0.159189,-5.332777,-3.6));
#6854 = VECTOR('',#6855,1.);
#6855 = DIRECTION('',(-1.,0.,0.));
#6856 = PCURVE('',#6563,#6857);
#6857 = DEFINITIONAL_REPRESENTATION('',(#6858),#6862);
#6858 = LINE('',#6859,#6860);
#6859 = CARTESIAN_POINT('',(-0.,0.212132034356));
#6860 = VECTOR('',#6861,1.);
#6861 = DIRECTION('',(-1.,0.));
#6862 = ( GEOMETRIC_REPRESENTATION_CONTEXT(2) 
PARAMETRIC_REPRESENTATION_CONTEXT() REPRESENTATION_CONTEXT('2D SPACE',''
  ) );
#6863 = PCURVE('',#6591,#6864);
#6864 = DEFINITIONAL_REPRESENTATION('',(#6865),#6869);
#6865 = LINE('',#6866,#6867);
#6866 = CARTESIAN_POINT('',(-0.157128,-8.58525E-02));
#6867 = VECTOR('',#6868,1.);
#6868 = DIRECTION('',(1.,0.));
#6869 = ( GEOMETRIC_REPRESENTATION_CONTEXT(2) 
PARAMETRIC_REPRESENTATION_CONTEXT() REPRESENTATION_CONTEXT('2D SPACE',''
  ) );
#6870 = ADVANCED_FACE('',(#6871),#6591,.T.);
#6871 = FACE_BOUND('',#6872,.T.);
#6872 = EDGE_LOOP('',(#6873,#6874,#6875,#6876));
#6873 = ORIENTED_EDGE('',*,*,#6749,.T.);
#6874 = ORIENTED_EDGE('',*,*,#6850,.T.);
#6875 = ORIENTED_EDGE('',*,*,#6575,.T.);
#6876 = ORIENTED_EDGE('',*,*,#6674,.T.);
#6877 = ( GEOMETRIC_REPRESENTATION_CONTEXT(3) 
GLOBAL_UNCERTAINTY_ASSIGNED_CONTEXT((#6881)) 
GLOBAL_UNIT_ASSIGNED_CONTEXT((#6878,#6879,#6880)) REPRESENTATION_CONTEXT
('Context #1','3D Context with UNIT and UNCERTAINTY') );
#6878 = ( LENGTH_UNIT() NAMED_UNIT(*) SI_UNIT(.MILLI.,.METRE.) );
#6879 = ( NAMED_UNIT(*) PLANE_ANGLE_UNIT() SI_UNIT($,.RADIAN.) );
#6880 = ( NAMED_UNIT(*) SI_UNIT($,.STERADIAN.) SOLID_ANGLE_UNIT() );
#6881 = UNCERTAINTY_MEASURE_WITH_UNIT(LENGTH_MEASURE(5.E-05),#6878,
  'distance_accuracy_value','confusion accuracy');
#6882 = PRODUCT_RELATED_PRODUCT_CATEGORY('part',$,(#6387));
#6883 = MECHANICAL_DESIGN_GEOMETRIC_PRESENTATION_REPRESENTATION('',(
    #6884),#4845);
#6884 = STYLED_ITEM('color',(#6885),#4109);
#6885 = PRESENTATION_STYLE_ASSIGNMENT((#6886,#6892));
#6886 = SURFACE_STYLE_USAGE(.BOTH.,#6887);
#6887 = SURFACE_SIDE_STYLE('',(#6888));
#6888 = SURFACE_STYLE_FILL_AREA(#6889);
#6889 = FILL_AREA_STYLE('',(#6890));
#6890 = FILL_AREA_STYLE_COLOUR('',#6891);
#6891 = COLOUR_RGB('',0.800000011921,0.800000011921,0.800000011921);
#6892 = CURVE_STYLE('',#6893,POSITIVE_LENGTH_MEASURE(0.1),#6891);
#6893 = DRAUGHTING_PRE_DEFINED_CURVE_FONT('continuous');
#6894 = MECHANICAL_DESIGN_GEOMETRIC_PRESENTATION_REPRESENTATION('',(
    #6895),#3439);
#6895 = STYLED_ITEM('color',(#6896),#2953);
#6896 = PRESENTATION_STYLE_ASSIGNMENT((#6897,#6902));
#6897 = SURFACE_STYLE_USAGE(.BOTH.,#6898);
#6898 = SURFACE_SIDE_STYLE('',(#6899));
#6899 = SURFACE_STYLE_FILL_AREA(#6900);
#6900 = FILL_AREA_STYLE('',(#6901));
#6901 = FILL_AREA_STYLE_COLOUR('',#6891);
#6902 = CURVE_STYLE('',#6903,POSITIVE_LENGTH_MEASURE(0.1),#6891);
#6903 = DRAUGHTING_PRE_DEFINED_CURVE_FONT('continuous');
#6904 = MECHANICAL_DESIGN_GEOMETRIC_PRESENTATION_REPRESENTATION('',(
    #6905),#6377);
#6905 = STYLED_ITEM('color',(#6906),#4859);
#6906 = PRESENTATION_STYLE_ASSIGNMENT((#6907,#6913));
#6907 = SURFACE_STYLE_USAGE(.BOTH.,#6908);
#6908 = SURFACE_SIDE_STYLE('',(#6909));
#6909 = SURFACE_STYLE_FILL_AREA(#6910);
#6910 = FILL_AREA_STYLE('',(#6911));
#6911 = FILL_AREA_STYLE_COLOUR('',#6912);
#6912 = COLOUR_RGB('',0.219607844949,0.658823549747,0.);
#6913 = CURVE_STYLE('',#6914,POSITIVE_LENGTH_MEASURE(0.1),#6912);
#6914 = DRAUGHTING_PRE_DEFINED_CURVE_FONT('continuous');
#6915 = MECHANICAL_DESIGN_GEOMETRIC_PRESENTATION_REPRESENTATION('',(
    #6916),#2939);
#6916 = STYLED_ITEM('color',(#6917),#1421);
#6917 = PRESENTATION_STYLE_ASSIGNMENT((#6918,#6924));
#6918 = SURFACE_STYLE_USAGE(.BOTH.,#6919);
#6919 = SURFACE_SIDE_STYLE('',(#6920));
#6920 = SURFACE_STYLE_FILL_AREA(#6921);
#6921 = FILL_AREA_STYLE('',(#6922));
#6922 = FILL_AREA_STYLE_COLOUR('',#6923);
#6923 = COLOUR_RGB('',0.219999998808,0.660000026226,0.);
#6924 = CURVE_STYLE('',#6925,POSITIVE_LENGTH_MEASURE(0.1),#6923);
#6925 = DRAUGHTING_PRE_DEFINED_CURVE_FONT('continuous');
#6926 = MECHANICAL_DESIGN_GEOMETRIC_PRESENTATION_REPRESENTATION('',(
    #6927),#6877);
#6927 = STYLED_ITEM('color',(#6928),#6391);
#6928 = PRESENTATION_STYLE_ASSIGNMENT((#6929,#6934));
#6929 = SURFACE_STYLE_USAGE(.BOTH.,#6930);
#6930 = SURFACE_SIDE_STYLE('',(#6931));
#6931 = SURFACE_STYLE_FILL_AREA(#6932);
#6932 = FILL_AREA_STYLE('',(#6933));
#6933 = FILL_AREA_STYLE_COLOUR('',#6891);
#6934 = CURVE_STYLE('',#6935,POSITIVE_LENGTH_MEASURE(0.1),#6891);
#6935 = DRAUGHTING_PRE_DEFINED_CURVE_FONT('continuous');
#6936 = MECHANICAL_DESIGN_GEOMETRIC_PRESENTATION_REPRESENTATION('',(
    #6937),#4095);
#6937 = STYLED_ITEM('color',(#6938),#3453);
#6938 = PRESENTATION_STYLE_ASSIGNMENT((#6939,#6944));
#6939 = SURFACE_STYLE_USAGE(.BOTH.,#6940);
#6940 = SURFACE_SIDE_STYLE('',(#6941));
#6941 = SURFACE_STYLE_FILL_AREA(#6942);
#6942 = FILL_AREA_STYLE('',(#6943));
#6943 = FILL_AREA_STYLE_COLOUR('',#6891);
#6944 = CURVE_STYLE('',#6945,POSITIVE_LENGTH_MEASURE(0.1),#6891);
#6945 = DRAUGHTING_PRE_DEFINED_CURVE_FONT('continuous');
#6946 = MECHANICAL_DESIGN_GEOMETRIC_PRESENTATION_REPRESENTATION('',(
    #6947),#657);
#6947 = STYLED_ITEM('color',(#6948),#15);
#6948 = PRESENTATION_STYLE_ASSIGNMENT((#6949,#6954));
#6949 = SURFACE_STYLE_USAGE(.BOTH.,#6950);
#6950 = SURFACE_SIDE_STYLE('',(#6951));
#6951 = SURFACE_STYLE_FILL_AREA(#6952);
#6952 = FILL_AREA_STYLE('',(#6953));
#6953 = FILL_AREA_STYLE_COLOUR('',#6891);
#6954 = CURVE_STYLE('',#6955,POSITIVE_LENGTH_MEASURE(0.1),#6891);
#6955 = DRAUGHTING_PRE_DEFINED_CURVE_FONT('continuous');
#6956 = MECHANICAL_DESIGN_GEOMETRIC_PRESENTATION_REPRESENTATION('',(
    #6957),#1407);
#6957 = STYLED_ITEM('color',(#6958),#671);
#6958 = PRESENTATION_STYLE_ASSIGNMENT((#6959,#6964));
#6959 = SURFACE_STYLE_USAGE(.BOTH.,#6960);
#6960 = SURFACE_SIDE_STYLE('',(#6961));
#6961 = SURFACE_STYLE_FILL_AREA(#6962);
#6962 = FILL_AREA_STYLE('',(#6963));
#6963 = FILL_AREA_STYLE_COLOUR('',#6891);
#6964 = CURVE_STYLE('',#6965,POSITIVE_LENGTH_MEASURE(0.1),#6891);
#6965 = DRAUGHTING_PRE_DEFINED_CURVE_FONT('continuous');
ENDSEC;
END-ISO-10303-21;
